{"version": {"json_export": "219", "page_segmentation": "55", "schema": "1.1.0", "structure": "1.1151.0", "table_structure": "5"}, "extended_metadata": {"ID_instance": "74 8E A7 30 3B BC B2 11 0A 00 B0 D5 7F 49 E4 C3 ", "ID_permanent": "BC F0 3D 89 A0 AA 8E FC E4 6F 1F 9B B7 4F 56 3F ", "has_acroform": false, "has_embedded_files": false, "is_XFA": false, "is_certified": false, "is_encrypted": false, "is_digitally_signed": false, "language": "EN", "page_count": 5, "pdf_version": "1.6", "pdfa_compliance_level": "", "pdfua_compliance_level": ""}, "elements": [{"Bounds": [34.99969482421875, 716.9230041503906, 90.7340087890625, 775.0], "ClipBounds": [34.99969482421875, 716.9230041503906, 90.63369750976562, 775.0], "ObjectID": 298, "Page": 0, "Path": "//Document/Figure", "attributes": {"BBox": [35.518599999999424, 717.2429999999877, 90.35629999999946, 774.4809999999998], "Placement": "Block"}}, {"Bounds": [94.63369750976562, 749.2239990234375, 268.7637023925781, 773.7760009765625], "Font": {"alt_family_name": "Times", "embedded": false, "encoding": "Custom", "family_name": "Times", "font_type": "Type1", "italic": false, "monospaced": false, "name": "Times-Roman", "subset": false, "weight": 400}, "HasClip": false, "Lang": "en", "ObjectID": 299, "Page": 0, "Path": "//Document/Title", "Text": "NIH Public Access ", "TextSize": 22.0, "attributes": {"LineHeight": 26.375}}, {"Bounds": [94.63369750976562, 733.4290008544922, 215.1876983642578, 749.5709991455078], "Font": {"alt_family_name": "Times", "embedded": false, "encoding": "Custom", "family_name": "Times", "font_type": "Type1", "italic": false, "monospaced": false, "name": "Times-Bold", "subset": false, "weight": 700}, "HasClip": false, "Lang": "en", "ObjectID": 300, "Page": 0, "Path": "//Document/H1", "Text": "Author Manuscript ", "TextSize": 14.0, "attributes": {"LineHeight": 16.75}}, {"Bounds": [94.63670349121094, 720.8619995117188, 385.17970275878906, 733.1380004882812], "Font": {"alt_family_name": "Times", "embedded": false, "encoding": "Custom", "family_name": "Times", "font_type": "Type1", "italic": true, "monospaced": false, "name": "Times-Italic", "subset": false, "weight": 400}, "HasClip": false, "Lang": "en", "ObjectID": 301, "Page": 0, "Path": "//Document/P", "Text": "JAMA. Author manuscript; available in PMC 2014 December 09. ", "TextSize": 11.0, "attributes": {"LineHeight": 13.25, "SpaceAfter": 4.625}}, {"Bounds": [90.0, 704.3430023193359, 225.5500030517578, 715.5030059814453], "Font": {"alt_family_name": "Times", "embedded": false, "encoding": "Custom", "family_name": "Times", "font_type": "Type1", "italic": false, "monospaced": false, "name": "Times-Roman", "subset": false, "weight": 400}, "HasClip": false, "Lang": "en", "ObjectID": 302, "Page": 0, "Path": "//Document/P[2]", "Text": "Published in final edited form as: ", "TextSize": 10.0, "attributes": {"LineHeight": 12}}, {"Bounds": [96.0, 692.3430023193359, 415.6999969482422, 703.5030059814453], "Font": {"alt_family_name": "Times", "embedded": false, "encoding": "Custom", "family_name": "Times", "font_type": "Type1", "italic": true, "monospaced": false, "name": "Times-Italic", "subset": false, "weight": 400}, "HasClip": false, "Lang": "en", "ObjectID": 303, "Page": 0, "Path": "//Document/P[3]", "Text": "JAMA. 2014 November 5; 312(17): 1739\u20131740. doi:10.1001/jama.2014.13535. ", "TextSize": 10.0, "attributes": {"LineHeight": 12, "SpaceAfter": 18}}, {"Bounds": [90.00199890136719, 647.6699981689453, 370.4499969482422, 664.3300018310547], "Font": {"alt_family_name": "Helvetica", "embedded": false, "encoding": "Custom", "family_name": "Helvetica", "font_type": "Type1", "italic": false, "monospaced": false, "name": "Helvetica-Bold", "subset": false, "weight": 700}, "HasClip": false, "Lang": "en", "ObjectID": 304, "Page": 0, "Path": "//Document/H1[2]", "Text": "Hearing and Vision Care for Older Adults: ", "TextSize": 14.0, "attributes": {"LineHeight": 16.75, "SpaceAfter": 6}}, {"Bounds": [90.0, 630.5820007324219, 294.22999572753906, 642.4819946289062], "Font": {"alt_family_name": "Helvetica", "embedded": false, "encoding": "Custom", "family_name": "Helvetica", "font_type": "Type1", "italic": false, "monospaced": false, "name": "Helvetica-Bold", "subset": false, "weight": 700}, "HasClip": false, "Lang": "en", "ObjectID": 305, "Page": 0, "Path": "//Document/H2", "Text": "Sensing a Need to Update Medicare Policy ", "TextSize": 10.0, "attributes": {"LineHeight": 12, "SpaceAfter": 13.5}}, {"Bounds": [90.0, 605.052001953125, 252.52999877929688, 616.9519958496094], "Font": {"alt_family_name": "Helvetica", "embedded": false, "encoding": "Custom", "family_name": "Helvetica", "font_type": "Type1", "italic": false, "monospaced": false, "name": "Helvetica-Bold", "subset": false, "weight": 700}, "HasClip": false, "Lang": "en", "ObjectID": 306, "Page": 0, "Path": "//Document/H2[2]", "Text": "Heather E. Whitson, MD, MHS and ", "TextSize": 10.0, "attributes": {"LineHeight": 12}}, {"Bounds": [90.0, 577.0820007324219, 501.23992919921875, 602.6419982910156], "Font": {"alt_family_name": "Helvetica", "embedded": false, "encoding": "Custom", "family_name": "Helvetica", "font_type": "Type1", "italic": false, "monospaced": false, "name": "Helvetica", "subset": false, "weight": 400}, "HasClip": false, "Lang": "en", "ObjectID": 307, "Page": 0, "Path": "//Document/P[4]", "Text": "Departments of Medicine (Geriatrics) & Ophthalmology, Duke University School of Medicine, Durham, North Carolina ", "TextSize": 10.0, "attributes": {"LineHeight": 13.875, "SpaceAfter": 8}}, {"Bounds": [90.0, 557.0820007324219, 474.8800048828125, 568.6419982910156], "Font": {"alt_family_name": "Helvetica", "embedded": false, "encoding": "Custom", "family_name": "Helvetica", "font_type": "Type1", "italic": false, "monospaced": false, "name": "Helvetica", "subset": false, "weight": 400}, "HasClip": false, "Lang": "en", "ObjectID": 308, "Page": 0, "Path": "//Document/P[5]", "Text": "Duke Center for the Study of Aging and Human Development, Durham, North Carolina ", "TextSize": 10.0, "attributes": {"LineHeight": 12, "SpaceAfter": 6.125}}, {"Bounds": [90.0, 523.0820007324219, 486.77001953125, 548.6419982910156], "Font": {"alt_family_name": "Helvetica", "embedded": false, "encoding": "Custom", "family_name": "Helvetica", "font_type": "Type1", "italic": false, "monospaced": false, "name": "Helvetica", "subset": false, "weight": 400}, "HasClip": false, "Lang": "en", "ObjectID": 309, "Page": 0, "Path": "//Document/P[6]", "Text": "Durham VA Geriatrics Research Education and Clinical Center (GRECC), Durham, North Carolina ", "TextSize": 10.0, "attributes": {"LineHeight": 13.875, "SpaceAfter": 8.125}}, {"Bounds": [90.0, 502.91200256347656, 196.9600067138672, 514.8119964599609], "Font": {"alt_family_name": "Helvetica", "embedded": false, "encoding": "Custom", "family_name": "Helvetica", "font_type": "Type1", "italic": false, "monospaced": false, "name": "Helvetica-Bold", "subset": false, "weight": 700}, "HasClip": false, "Lang": "en", "ObjectID": 310, "Page": 0, "Path": "//Document/H2[3]", "Text": "Frank R. Lin, MD, PhD ", "TextSize": 10.0, "attributes": {"LineHeight": 12}}, {"Bounds": [90.0, 475.0820007324219, 513.4700012207031, 500.6419982910156], "Font": {"alt_family_name": "Helvetica", "embedded": false, "encoding": "Custom", "family_name": "Helvetica", "font_type": "Type1", "italic": false, "monospaced": false, "name": "Helvetica", "subset": false, "weight": 400}, "HasClip": false, "Lang": "en", "ObjectID": 311, "Page": 0, "Path": "//Document/P[7]", "Text": "Departments of Otolaryngology\u2014Head & Neck Surgery & Medicine (Geriatrics), Johns Hopkins School of Medicine, Baltimore, Maryland ", "TextSize": 10.0, "attributes": {"LineHeight": 13.875, "SpaceAfter": 6}}, {"Bounds": [90.0, 441.0820007324219, 504.62005615234375, 466.6419982910156], "Font": {"alt_family_name": "Helvetica", "embedded": false, "encoding": "Custom", "family_name": "Helvetica", "font_type": "Type1", "italic": false, "monospaced": false, "name": "Helvetica", "subset": false, "weight": 400}, "HasClip": false, "Lang": "en", "ObjectID": 312, "Page": 0, "Path": "//Document/P[8]", "Text": "Departments of Mental Health and Epidemiology, Johns Hopkins Bloomberg School of Public Health, Baltimore, Maryland ", "TextSize": 10.0, "attributes": {"LineHeight": 14, "SpaceAfter": 7.875}}, {"Bounds": [90.0, 421.0820007324219, 378.72999572753906, 432.6419982910156], "Font": {"alt_family_name": "Helvetica", "embedded": false, "encoding": "Custom", "family_name": "Helvetica", "font_type": "Type1", "italic": false, "monospaced": false, "name": "Helvetica", "subset": false, "weight": 400}, "HasClip": false, "Lang": "en", "ObjectID": 313, "Page": 0, "Path": "//Document/P[9]", "Text": "Johns Hopkins Center on Health and Aging, Baltimore, Maryland ", "TextSize": 10.0, "attributes": {"LineHeight": 12, "SpaceAfter": 16.375}}, {"Bounds": [149.99989318847656, 208.77999877929688, 519.0999298095703, 401.94000244140625], "Font": {"alt_family_name": "Times", "embedded": false, "encoding": "Custom", "family_name": "Times", "font_type": "Type1", "italic": false, "monospaced": false, "name": "Times-Roman", "subset": false, "weight": 400}, "HasClip": false, "Lang": "en", "ObjectID": 314, "Page": 0, "Path": "//Document/P[10]", "Text": "When Medicare became law in 1965, Congress made a justifiable decision to exclude items that were \u201croutinely needed and low in cost,\u201d reasoning that the cost of such items could be borne by the consumer. On that basis, hearing aids and lens-containing visual aids were excluded from coverage, with narrow exceptions, such as intraocular lenses for cataract surgery. Advocacy groups for people living with sensory impairment have long called for broader coverage of sensory aids. During the past year, the issue has gained new traction from legislative and scientific communities. In December 2013, Representatives Carolyn Maloney (D-NY) and Gus Bilirakis (R-FL) introduced a bill (HR 3749) to initiate a 5-year demonstration project to provide \u201cusable and medically necessary\u201d low-vision devices to Medicare beneficiaries.1 Earlier this year, the Institute of Medicine and National Research Council convened a workshop on the effect of hearing loss in healthy aging. The summary emphasized the public health implications of age-related hearing loss and pointed to Medicare\u2019s noncoverage policy as a significant reason that hearing aids are used by fewer than 1 in 5 older adults who could benefit.2 ", "TextSize": 8.0, "attributes": {"LineHeight": 14, "SpaceAfter": 18}}, {"Bounds": [90.0, 133.9040069580078, 309.5279998779297, 142.83200073242188], "Font": {"alt_family_name": "Times", "embedded": false, "encoding": "Custom", "family_name": "Times", "font_type": "Type1", "italic": false, "monospaced": false, "name": "Times-Roman", "subset": false, "weight": 400}, "HasClip": false, "Lang": "en", "ObjectID": 317, "Page": 0, "Path": "//Document/Footnote", "Text": "Copyright 2014 American Medical Association. All rights reserved. ", "TextSize": 8.0, "attributes": {"LineHeight": 9.625, "SpaceAfter": 3}}, {"Bounds": [90.0, 112.90400695800781, 500.19195556640625, 131.1280059814453], "Font": {"alt_family_name": "Times", "embedded": false, "encoding": "Custom", "family_name": "Times", "font_type": "Type1", "italic": false, "monospaced": false, "name": "Times-Bold", "subset": false, "weight": 700}, "HasClip": false, "Lang": "en", "ObjectID": 318, "Page": 0, "Path": "//Document/Footnote[2]", "Text": "Corresponding Author: Heather E. Whitson, MD, MHS, Duke University Medical Center, PO Box 3003, Durham, NC 27710 (heather.whitson@duke.edu). ", "TextSize": 8.0, "attributes": {"LineHeight": 9}}, {"Bounds": [90.0, 72.33599853515625, 522.6160125732422, 110.36000061035156], "Font": {"alt_family_name": "Times", "embedded": false, "encoding": "Custom", "family_name": "Times", "font_type": "Type1", "italic": false, "monospaced": false, "name": "Times-Bold", "subset": false, "weight": 700}, "HasClip": false, "Lang": "en", "ObjectID": 319, "Page": 0, "Path": "//Document/Footnote[3]", "Text": "Conflict of Interest Disclosures: The authors have completed and submitted the ICMJE Form for Disclosure of Potential Conflicts of Interest. Dr Whitson reported receiving a travel/meeting stipend from Med El. Dr Lin reported serving on scientific advisory boards for Pfizer and Autifony Therapeutics; serving as a consultant for Cochlear Ltd; serving as a speaker for Amplifon; and receiving travel/meeting expenses from Med EL. ", "TextSize": 8.0, "attributes": {"LineHeight": 9.625}}, {"Bounds": [168.0, 691.4199981689453, 483.74005126953125, 730.5800018310547], "Font": {"alt_family_name": "Times", "embedded": false, "encoding": "Custom", "family_name": "Times", "font_type": "Type1", "italic": false, "monospaced": false, "name": "Times-Roman", "subset": false, "weight": 400}, "HasClip": false, "Lang": "en", "ObjectID": 282, "Page": 1, "Path": "//Document/P[11]", "Text": "The prevalence of hearing loss doubles with every age decade, and nearly two-thirds of Americans older than 70 years have a clinically significant hearing impairment. ", "TextSize": 10.0, "attributes": {"LineHeight": 14, "SpaceAfter": 6}}, {"Bounds": [150.0, 545.4199981689453, 523.800048828125, 682.5800018310547], "Font": {"alt_family_name": "Times", "embedded": false, "encoding": "Custom", "family_name": "Times", "font_type": "Type1", "italic": false, "monospaced": false, "name": "Times-Roman", "subset": false, "weight": 400}, "HasClip": false, "Lang": "en", "ObjectID": 283, "Page": 1, "Path": "//Document/P[12]", "Text": "Given present-day understanding of the health effects of sensory loss and advances in technology, Medicare policy for coverage of hearing and vision rehabilitative services, established a half century ago, may need reconsideration. A key concern in today\u2019s economy is whether any extension of Medicare coverage policy is financially realistic. The prevalence of hearing loss doubles with every age decade, and nearly two-thirds of Americans older than 70 years have a clinically significant hearing impairment.3 Likewise, persons older than 70 years account for about80% of the2.8 million Americans with low vision, defined as vision loss (excluding blindness) not correctable with refraction, medication, or surgery.4 The burden and prevalence of sensory impairments will continue to increase as the baby boomer generation ages, and such projections are not new. ", "TextSize": 10.0, "attributes": {"LineHeight": 14, "SpaceAfter": 10}}, {"Bounds": [150.0, 409.4199981689453, 523.8299560546875, 532.5800018310547], "Font": {"alt_family_name": "Times", "embedded": false, "encoding": "Custom", "family_name": "Times", "font_type": "Type1", "italic": false, "monospaced": false, "name": "Times-Roman", "subset": false, "weight": 400}, "HasClip": false, "Lang": "en", "ObjectID": 286, "Page": 1, "Path": "//Document/P[13]", "Text": "What has more recently been appreciated are the long-term and public health implications of sensory impairment. Although sensory impairments diminish quality of life for the affected person, converging evidence suggests that vision and hearing loss have additional, cascading consequences for patient\u2019s families, caregivers, and society. Sensory impairments increase the risk for costly health outcomes of disability, depression, cognitive impairment, and dementia.2,5\u20137 Sensory loss impedes self-care and management of other chronic health conditions and may contribute to the higher rates of hospitalization among sensory-impaired older persons. Loss of independence adversely affects caregivers, leading to collateral third-person disability in social and daily functioning. ", "TextSize": 10.0, "attributes": {"LineHeight": 14, "SpaceAfter": 10}}, {"Bounds": [150.0, 203.4199981689453, 521.6000366210938, 396.5800018310547], "Font": {"alt_family_name": "Times", "embedded": false, "encoding": "Custom", "family_name": "Times", "font_type": "Type1", "italic": false, "monospaced": false, "name": "Times-Roman", "subset": false, "weight": 400}, "HasClip": false, "Lang": "en", "ObjectID": 288, "Page": 1, "Path": "//Document/P[14]", "Text": "Thus, while the costs of extending coverage for sensory rehabilitation need to be carefully considered, equal consideration must be given to the societal and health care costs incurred by not enabling access to assistive devices that may prevent or delay the expensive consequences of sensory impairments. Medicare demonstration projects yield accurate estimates of costs incurred when a benefit is extended, but with some further investment, demonstration projects present an opportunity for comparative effectiveness research. For example, by restricting the expanded coverage policy to residents of particular counties, it is possible to collect and compare outcomes such as health care utilization, disability, and caregiver burden among participants who receive the new benefit and matched individuals who do not. This approach could enable more informed decisions about the cost-benefit tradeoff of revising policy. The lack of high-quality evidence remains an obstacle for other policy decisions regarding sensory impairment: the US Preventive Services Task Force has not issued a recommendation on screening for visual acuity or hearing impairment in older adults, citing \u201cinadequate evidence to assess the balance of benefits and harms.\u201d8 ", "TextSize": 8.0, "attributes": {"LineHeight": 14, "SpaceAfter": 9.875}}, {"Bounds": [150.0, 109.41999816894531, 518.2699584960938, 190.5800018310547], "Font": {"alt_family_name": "Times", "embedded": false, "encoding": "Custom", "family_name": "Times", "font_type": "Type1", "italic": false, "monospaced": false, "name": "Times-Roman", "subset": false, "weight": 400}, "HasClip": false, "ObjectID": 281, "Page": 1, "Path": "//Document/P[15]/ParagraphSpan", "Text": "Technology to improve independence for those with noncorrectable vision and hearing loss has advanced in recent decades. Devices such as video magnifiers with miniature LED cameras provide high-definition, magnified images of almost anything, enabling activities from medication and financial management to personal grooming (costs range from $500\u2013 $3500). The devices can be equipped with software to recognize bar codes or read text aloud. Hearing aids have made similar progress with directional microphones, noise ", "TextSize": 10.0}, {"Bounds": [150.0, 635.4199981689453, 523.5699462890625, 730.5800018310547], "Font": {"alt_family_name": "Times", "embedded": false, "encoding": "Custom", "family_name": "Times", "font_type": "Type1", "italic": false, "monospaced": false, "name": "Times-Roman", "subset": false, "weight": 400}, "HasClip": false, "ObjectID": 266, "Page": 2, "Path": "//Document/P[15]/ParagraphSpan[2]", "Text": "cancellation algorithms, and wireless capabilities that allow seamless integration with consumer electronics such as smartphones. The average cost of obtaining a pair of hearing aids in the United States (range, $3000\u2013$4000)9 does not reflect the true cost of the device. Generally, a third or less of the cost is for the actual hearing aid, and the remainder covers the time and services of the audiologist to fit the device and provide follow-up care. This system of \u201cbundled\u201d pricing is of uncertain benefit and prevents patients from distinguishing between sources of expense. ", "TextSize": 10.0}, {"Bounds": [150.0, 527.4199981689453, 517.1699523925781, 622.5800018310547], "Font": {"alt_family_name": "Times", "embedded": false, "encoding": "Custom", "family_name": "Times", "font_type": "Type1", "italic": false, "monospaced": false, "name": "Times-Roman", "subset": false, "weight": 400}, "HasClip": false, "Lang": "en", "ObjectID": 268, "Page": 2, "Path": "//Document/P[16]", "Text": "The rationale for noncoverage of sensory aids initially hinged on the notion that consumers should pay for common and affordable items, especially those of limited health benefit. Today, the consequences of sensory loss and the benefits of mitigating the associated disability are evident.2,5 As more sophisticated devices come to market, optimal care for some patients involves a device that is neither routine nor low cost. Yet the Centers for Medicare & Medicaid Services (CMS) has upheld the original policy, excluding newer hearing aids and lens-containing devices from coverage. ", "TextSize": 10.0, "attributes": {"LineHeight": 14, "SpaceAfter": 10}}, {"Bounds": [150.0, 335.4199981689453, 524.0899658203125, 514.5800018310547], "Font": {"alt_family_name": "Times", "embedded": false, "encoding": "Custom", "family_name": "Times", "font_type": "Type1", "italic": false, "monospaced": false, "name": "Times-Roman", "subset": false, "weight": 400}, "HasClip": false, "Lang": "en", "ObjectID": 270, "Page": 2, "Path": "//Document/P[17]", "Text": "The policy approach that excludes coverage of lens-containing devices reached a level of inconsistency in 2014, when CMS created a new Ambulatory Payment Classification (APC 0351) that covers a groundbreaking procedure to implant a miniature telescope in the eyes of patients with age-related macular degeneration.10 The implantable telescope represents a new treatment model for older adults with severe sensory loss, and the CMS decision makes this potentially life-changing intervention available to qualified patients. However, providing coverage for 1 patient\u2019s approximately $15 000 price tag for a lens-containing device and its surgical implantation begs the question of why another patient is not reimbursed for a $2000 portable video magnifier. Both devices use lenses to benefit particular patients with incurable eye disease. A main difference\u2014apart from cost\u2014is that one device is implanted in the eye, whereas the other is not. Under current policy, an appropriate noninvasive option for vision loss may be financially out of reach, whereas a surgical option is accessible. ", "TextSize": 10.0, "attributes": {"LineHeight": 14, "SpaceAfter": 10.125}}, {"Bounds": [150.0, 157.4199981689453, 522.6899719238281, 322.5800018310547], "Font": {"alt_family_name": "Times", "embedded": false, "encoding": "Custom", "family_name": "Times", "font_type": "Type1", "italic": false, "monospaced": false, "name": "Times-Roman", "subset": false, "weight": 400}, "HasClip": false, "Lang": "en", "ObjectID": 272, "Page": 2, "Path": "//Document/P[18]", "Text": "A similar coverage paradox exists for hearing-related care. Although coverage is provided for cochlear implants for severe-to-profound hearing loss (approximately $30 000 for device and surgery), older persons with mild-to-moderate hearing loss (>95% of hearing-impaired adults) may have no affordable treatment options. Under current policy, audiologists are reimbursed for diagnostic services, such as hearing tests, but not for therapeutic rehabilitative services. Rehabilitative services would not necessarily entail the provision of expensive hearingaids: many patients benefit from educational counseling and training to use relatively inexpensive (<$100\u2013$200) consumer technologies (eg, sound amplifiers, smartphone-based programs). Future CMS coverage for \u201cunbundled\u201d audiologic services (ie, separate coverage of an audiologist\u2019s time from the cost of a hearing aid) may help improve access to treatment while promoting transparency in how services and technologies are delivered. ", "TextSize": 10.0, "attributes": {"LineHeight": 14, "SpaceAfter": 10}}, {"Bounds": [150.0, 105.41999816894531, 524.4000244140625, 144.5800018310547], "Font": {"alt_family_name": "Times", "embedded": false, "encoding": "Custom", "family_name": "Times", "font_type": "Type1", "italic": false, "monospaced": false, "name": "Times-Roman", "subset": false, "weight": 400}, "HasClip": false, "ObjectID": 265, "Page": 2, "Path": "//Document/P[19]/ParagraphSpan", "Text": "Proposed changes in coverage must be balanced with economic prudence. For example, the proposed legislation to evaluate the feasibility of reimbursement for low-vision devices sensibly limits coverage to devices that cost more than $500 (reasoning that lower-cost items ", "TextSize": 10.0}, {"Bounds": [150.0, 677.4199981689453, 518.0099487304688, 730.5800018310547], "Font": {"alt_family_name": "Times", "embedded": false, "encoding": "Custom", "family_name": "Times", "font_type": "Type1", "italic": false, "monospaced": false, "name": "Times-Roman", "subset": false, "weight": 400}, "HasClip": false, "ObjectID": 252, "Page": 3, "Path": "//Document/P[19]/ParagraphSpan[2]", "Text": "can be purchased out of pocket). Likewise, initial steps to cover hearing rehabilitative services by audiologists, without coverage of hearing aids, would limit added expenditure and may spur competition in industry to develop affordable hearing technologies that could be provided by audiologists. ", "TextSize": 10.0}, {"Bounds": [150.0, 513.4199981689453, 522.7200317382812, 664.5800018310547], "Font": {"alt_family_name": "Times", "embedded": false, "encoding": "Custom", "family_name": "Times", "font_type": "Type1", "italic": false, "monospaced": false, "name": "Times-Roman", "subset": false, "weight": 400}, "HasClip": false, "Lang": "en", "ObjectID": 253, "Page": 3, "Path": "//Document/P[20]", "Text": "The US health care system faces numerous challenges to control costs and improve quality, and bold solutions are needed. However, there is an equally pressing need to consider incremental policy decisions that represent simple, relatively inexpensive changes that entail low risk and potentially high population benefit. Human health and functioning depend on the ability of a person to interact with the environment, communicate, and independently meet basic needs, and these are the activities threatened by vision and hearing loss. In 1965, when sensory loss was considered to be an inconvenient but benign consequence of age and available equipment was simple, the decision to preclude coverage was justifiable. Today, effective solutions to rehabilitate disabling sensory impairments have evolved, as has the awareness that sensory loss is more than a \u201cnuisance\u201d condition. Finding ways to encourage older adults to have access to rational care for sensory loss needs to be a CMS priority. ", "TextSize": 10.0, "attributes": {"LineHeight": 14, "SpaceAfter": 16.625}}, {"Bounds": [90.00399780273438, 481.86000061035156, 199.0240020751953, 496.13999938964844], "Font": {"alt_family_name": "Helvetica", "embedded": false, "encoding": "Custom", "family_name": "Helvetica", "font_type": "Type1", "italic": false, "monospaced": false, "name": "Helvetica-Bold", "subset": false, "weight": 700}, "HasClip": false, "Lang": "en", "ObjectID": 254, "Page": 3, "Path": "//Document/H2[4]", "Text": "Acknowledgments ", "TextSize": 12.0, "attributes": {"LineHeight": 14.375, "SpaceAfter": 8.625}}, {"Bounds": [150.0, 436.1499938964844, 518.3919677734375, 473.86199951171875], "Font": {"alt_family_name": "Times", "embedded": false, "encoding": "Custom", "family_name": "Times", "font_type": "Type1", "italic": false, "monospaced": false, "name": "Times-Bold", "subset": false, "weight": 700}, "HasClip": false, "Lang": "en", "ObjectID": 255, "Page": 3, "Path": "//Document/P[21]", "Text": "Funding/Support: Dr Whitson receives support from National Institutes of Health (NIH) grants R01AG043438, P30AG028716, and R24AG045050 and Alzheimer\u2019s Association grant NIRG-13-282202. Dr Lin receives support from NIH grant K23DC011279, the Eleanor Schwartz Charitable Foundation, and a Triological Society/American College of Surgeons Clinician Scientist Award. ", "TextSize": 8.0, "attributes": {"LineHeight": 9.5, "SpaceAfter": 10.125}}, {"Bounds": [150.0, 407.00599670410156, 509.27996826171875, 425.7259979248047], "Font": {"alt_family_name": "Times", "embedded": false, "encoding": "Custom", "family_name": "Times", "font_type": "Type1", "italic": false, "monospaced": false, "name": "Times-Bold", "subset": false, "weight": 700}, "HasClip": false, "Lang": "en", "ObjectID": 256, "Page": 3, "Path": "//Document/P[22]", "Text": "Role of the Funders/Sponsors: The funders/sponsors had no role in the preparation, review, or approval of the manuscript or the decision to submit the manuscript for publication. ", "TextSize": 8.0, "attributes": {"LineHeight": 9.5, "SpaceAfter": 14}}, {"Bounds": [90.0, 377.5639953613281, 157.69200134277344, 391.843994140625], "Font": {"alt_family_name": "Helvetica", "embedded": false, "encoding": "Custom", "family_name": "Helvetica", "font_type": "Type1", "italic": false, "monospaced": false, "name": "Helvetica-Bold", "subset": false, "weight": 700}, "HasClip": false, "Lang": "en", "ObjectID": 257, "Page": 3, "Path": "//Document/H1[3]", "Text": "References ", "TextSize": 12.0, "attributes": {"LineHeight": 14.375, "SpaceAfter": 7.5}}, {"Bounds": [150.0030975341797, 359.83799743652344, 156.7530975341797, 369.8820037841797], "Font": {"alt_family_name": "Times", "embedded": false, "encoding": "Custom", "family_name": "Times", "font_type": "Type1", "italic": false, "monospaced": false, "name": "Times-Roman", "subset": false, "weight": 400}, "HasClip": false, "ObjectID": 249, "Page": 3, "Path": "//Document/L/LI/Lbl", "Text": "1.", "TextSize": 9.0}, {"Bounds": [156.7530975341797, 337.8419952392578, 523.4760437011719, 369.8820037841797], "Font": {"alt_family_name": "Times", "embedded": false, "encoding": "Custom", "family_name": "Times", "font_type": "Type1", "italic": false, "monospaced": false, "name": "Times-Roman", "subset": false, "weight": 400}, "HasClip": false, "ObjectID": 250, "Page": 3, "Path": "//Document/L/LI/LBody", "Text": " H.R.3749\u2014Medicare Demonstration of Coverage for Low Vision Devices Act of 2013. (<http://Congress.gov>)Congress.gov website. (<https://beta.congress.gov/bill/113th-congress/house-bill/3749>)https://beta.congress.gov/bill/113th-congress/house-bill/3749. Accessed June 23, 2014 ", "TextSize": 9.0}, {"Bounds": [150.0030975341797, 324.8459930419922, 156.7530975341797, 334.88999938964844], "Font": {"alt_family_name": "Times", "embedded": false, "encoding": "Custom", "family_name": "Times", "font_type": "Type1", "italic": false, "monospaced": false, "name": "Times-Roman", "subset": false, "weight": 400}, "HasClip": false, "ObjectID": 246, "Page": 3, "Path": "//Document/L/LI[2]/Lbl", "Text": "2.", "TextSize": 9.0}, {"Bounds": [156.7530975341797, 313.84800720214844, 502.44313049316406, 334.88999938964844], "Font": {"alt_family_name": "Times", "embedded": false, "encoding": "Custom", "family_name": "Times", "font_type": "Type1", "italic": false, "monospaced": false, "name": "Times-Roman", "subset": false, "weight": 400}, "HasClip": false, "ObjectID": 247, "Page": 3, "Path": "//Document/L/LI[2]/LBody", "Text": " IOM (Institute of Medicine) and NRC (National Research Council). Hearing Loss and Healthy Aging: Workshop Summary. Washington, DC: National Academies Press; 2014. ", "TextSize": 9.0}, {"Bounds": [150.0030975341797, 300.8520050048828, 156.7530975341797, 310.89599609375], "Font": {"alt_family_name": "Times", "embedded": false, "encoding": "Custom", "family_name": "Times", "font_type": "Type1", "italic": false, "monospaced": false, "name": "Times-Roman", "subset": false, "weight": 400}, "HasClip": false, "ObjectID": 243, "Page": 3, "Path": "//Document/L/LI[3]/Lbl", "Text": "3.", "TextSize": 9.0}, {"Bounds": [156.7530975341797, 289.85400390625, 506.6911315917969, 310.89599609375], "Font": {"alt_family_name": "Times", "embedded": false, "encoding": "Custom", "family_name": "Times", "font_type": "Type1", "italic": false, "monospaced": false, "name": "Times-Roman", "subset": false, "weight": 400}, "HasClip": false, "ObjectID": 244, "Page": 3, "Path": "//Document/L/LI[3]/LBody", "Text": " Lin FR, Niparko JK, Ferrucci L. Hearing loss prevalence in the United States. Arch Intern Med. 2011; 171(20):1851\u20131852. [PubMed: 22083573] ", "TextSize": 9.0}, {"Bounds": [150.0030975341797, 276.8580017089844, 156.7530975341797, 286.90199279785156], "Font": {"alt_family_name": "Times", "embedded": false, "encoding": "Custom", "family_name": "Times", "font_type": "Type1", "italic": false, "monospaced": false, "name": "Times-Roman", "subset": false, "weight": 400}, "HasClip": false, "ObjectID": 240, "Page": 3, "Path": "//Document/L/LI[4]/Lbl", "Text": "4.", "TextSize": 9.0}, {"Bounds": [156.7530975341797, 265.86000061035156, 484.2180938720703, 286.90199279785156], "Font": {"alt_family_name": "Times", "embedded": false, "encoding": "Custom", "family_name": "Times", "font_type": "Type1", "italic": false, "monospaced": false, "name": "Times-Roman", "subset": false, "weight": 400}, "HasClip": false, "ObjectID": 241, "Page": 3, "Path": "//Document/L/LI[4]/LBody", "Text": " National Eye Institute (NEI). Low Vision. NEI website. (<https://www.nei.nih.gov/eyedata/lowvision.asp>)https://www.nei.nih.gov/eyedata/ (<https://www.nei.nih.gov/eyedata/lowvision.asp>)lowvision.asp. Accessed September 9, 2014 ", "TextSize": 9.0}, {"Bounds": [150.0030975341797, 252.86399841308594, 156.7530975341797, 262.9080047607422], "Font": {"alt_family_name": "Times", "embedded": false, "encoding": "Custom", "family_name": "Times", "font_type": "Type1", "italic": false, "monospaced": false, "name": "Times-Roman", "subset": false, "weight": 400}, "HasClip": false, "ObjectID": 237, "Page": 3, "Path": "//Document/L/LI[5]/Lbl", "Text": "5.", "TextSize": 9.0}, {"Bounds": [156.7530975341797, 219.8699951171875, 517.4551239013672, 262.9080047607422], "Font": {"alt_family_name": "Times", "embedded": false, "encoding": "Custom", "family_name": "Times", "font_type": "Type1", "italic": false, "monospaced": false, "name": "Times-Roman", "subset": false, "weight": 400}, "HasClip": false, "ObjectID": 238, "Page": 3, "Path": "//Document/L/LI[5]/LBody", "Text": " International Federation on Ageing (IFA). The High Cost of Low Vision: The Evidence on Ageing and the Loss of Sight. 2013. IFA website. (<http://www.ifa-fiv.org/wp-content/uploads/2013/02/The-High-Cost-of-Low-Vision-The-Evidence-on-Ageing-and-the-Loss-of-Sight.pdf>)http://www.ifa-fiv.org/wp-content/uploads/2013/02/The-(<http://www.ifa-fiv.org/wp-content/uploads/2013/02/The-High-Cost-of-Low-Vision-The-Evidence-on-Ageing-and-the-Loss-of-Sight.pdf>)High-Cost-of-Low-Vision-The-Evidence-on-Ageing-and-the-Loss-of-Sight.pdf.Accessed September 16, 2014 ", "TextSize": 9.0}, {"Bounds": [150.0030975341797, 206.87399291992188, 156.7530975341797, 216.91799926757812], "Font": {"alt_family_name": "Times", "embedded": false, "encoding": "Custom", "family_name": "Times", "font_type": "Type1", "italic": false, "monospaced": false, "name": "Times-Roman", "subset": false, "weight": 400}, "HasClip": false, "ObjectID": 234, "Page": 3, "Path": "//Document/L/LI[6]/Lbl", "Text": "6.", "TextSize": 9.0}, {"Bounds": [156.7530975341797, 195.87600708007812, 506.9520568847656, 216.91799926757812], "Font": {"alt_family_name": "Times", "embedded": false, "encoding": "Custom", "family_name": "Times", "font_type": "Type1", "italic": false, "monospaced": false, "name": "Times-Roman", "subset": false, "weight": 400}, "HasClip": false, "ObjectID": 235, "Page": 3, "Path": "//Document/L/LI[6]/LBody", "Text": " Rogers MA, Langa KM. Untreated poor vision: a contributing factor to late-life dementia. Am J Epidemiol. 2010; 171(6):728\u2013735. [PubMed: 20150357] ", "TextSize": 9.0}, {"Bounds": [150.0030975341797, 182.8800048828125, 156.7530975341797, 192.9239959716797], "Font": {"alt_family_name": "Times", "embedded": false, "encoding": "Custom", "family_name": "Times", "font_type": "Type1", "italic": false, "monospaced": false, "name": "Times-Roman", "subset": false, "weight": 400}, "HasClip": false, "ObjectID": 231, "Page": 3, "Path": "//Document/L/LI[7]/Lbl", "Text": "7.", "TextSize": 9.0}, {"Bounds": [156.7530975341797, 171.8820037841797, 516.4830932617188, 192.9239959716797], "Font": {"alt_family_name": "Times", "embedded": false, "encoding": "Custom", "family_name": "Times", "font_type": "Type1", "italic": false, "monospaced": false, "name": "Times-Roman", "subset": false, "weight": 400}, "HasClip": false, "ObjectID": 232, "Page": 3, "Path": "//Document/L/LI[7]/LBody", "Text": " Lin FR, Albert M. Hearing loss and dementia\u2014who is listening? Aging Ment Health. 2014; 18(6): 671\u2013673. [PubMed: 24875093] ", "TextSize": 9.0}, {"Bounds": [150.0030975341797, 158.88600158691406, 156.7530975341797, 168.92999267578125], "Font": {"alt_family_name": "Times", "embedded": false, "encoding": "Custom", "family_name": "Times", "font_type": "Type1", "italic": false, "monospaced": false, "name": "Times-Roman", "subset": false, "weight": 400}, "HasClip": false, "ObjectID": 228, "Page": 3, "Path": "//Document/L/LI[8]/Lbl", "Text": "8.", "TextSize": 9.0}, {"Bounds": [156.7530975341797, 136.88999938964844, 506.9700927734375, 168.92999267578125], "Font": {"alt_family_name": "Times", "embedded": false, "encoding": "Custom", "family_name": "Times", "font_type": "Type1", "italic": false, "monospaced": false, "name": "Times-Roman", "subset": false, "weight": 400}, "HasClip": false, "ObjectID": 229, "Page": 3, "Path": "//Document/L/LI[8]/LBody", "Text": " US Preventive Services Task Force (USPSTF). US Preventive Services Task Force Recommendations for Adults. USPSTF website. (<http://www.uspreventiveservicestaskforce.org/adultrec.htm.Accessed>)http://www.uspreventiveservicestaskforce.org/ (<http://www.uspreventiveservicestaskforce.org/adultrec.htm.Accessed>)adultrec.htm. Accessed September 9, 2014 ", "TextSize": 9.0}, {"Bounds": [150.0030975341797, 123.89399719238281, 156.7530975341797, 133.93800354003906], "Font": {"alt_family_name": "Times", "embedded": false, "encoding": "Custom", "family_name": "Times", "font_type": "Type1", "italic": false, "monospaced": false, "name": "Times-Roman", "subset": false, "weight": 400}, "HasClip": false, "ObjectID": 251, "Page": 3, "Path": "//Document/L/LI[9]/Lbl", "Text": "9.", "TextSize": 9.0}, {"Bounds": [156.7530975341797, 112.89599609375, 521.7301025390625, 133.93800354003906], "Font": {"alt_family_name": "Times", "embedded": false, "encoding": "Custom", "family_name": "Times", "font_type": "Type1", "italic": false, "monospaced": false, "name": "Times-Roman", "subset": false, "weight": 400}, "HasClip": false, "ObjectID": 182, "Page": 3, "Path": "//Document/L/LI[9]/LBody", "Text": " NIH Research Portfolio Online Reporting Tools (RePORT). Hearing Aids. RePORT website. (<http://report.nih.gov/nihfactsheets/viewfactsheet.aspx?csid=95>)http:// (<http://report.nih.gov/nihfactsheets/viewfactsheet.aspx?csid=95>)report.nih.gov/nihfactsheets/viewfactsheet.aspx?csid=95. Accessed September 9, 2014 ", "TextSize": 9.0}, {"Bounds": [150.0030059814453, 721.1380004882812, 161.2530059814453, 731.1820068359375], "Font": {"alt_family_name": "Times", "embedded": false, "encoding": "Custom", "family_name": "Times", "font_type": "Type1", "italic": false, "monospaced": false, "name": "Times-Roman", "subset": false, "weight": 400}, "HasClip": false, "ObjectID": 225, "Page": 4, "Path": "//Document/L/LI[10]/Lbl", "Text": "10.", "TextSize": 9.0}, {"Bounds": [161.2530059814453, 699.1419982910156, 516.4559631347656, 731.1820068359375], "Font": {"alt_family_name": "Times", "embedded": false, "encoding": "Custom", "family_name": "Times", "font_type": "Type1", "italic": false, "monospaced": false, "name": "Times-Roman", "subset": false, "weight": 400}, "HasClip": false, "ObjectID": 226, "Page": 4, "Path": "//Document/L/LI[10]/LBody", "Text": " Hudson HL, Lane SS, Heier JS, et al. IMT-002 Study Group. Implantable miniature telescope for the treatment of visual acuity loss resulting from end-stage age-related macular degeneration: 1-year results. Ophthalmology. 2006; 113(11):1987\u20132001. [PubMed: 16989902] ", "TextSize": 9.0}], "pages": [{"boxes": {"CropBox": [0.0, 0.0, 612.0, 792.0], "MediaBox": [0.0, 0.0, 612.0, 792.0]}, "height": 792.0, "is_scanned": false, "page_number": 0, "rotation": 0, "width": 612.0}, {"boxes": {"CropBox": [0.0, 0.0, 612.0, 792.0], "MediaBox": [0.0, 0.0, 612.0, 792.0]}, "height": 792.0, "is_scanned": false, "page_number": 1, "rotation": 0, "width": 612.0}, {"boxes": {"CropBox": [0.0, 0.0, 612.0, 792.0], "MediaBox": [0.0, 0.0, 612.0, 792.0]}, "height": 792.0, "is_scanned": false, "page_number": 2, "rotation": 0, "width": 612.0}, {"boxes": {"CropBox": [0.0, 0.0, 612.0, 792.0], "MediaBox": [0.0, 0.0, 612.0, 792.0]}, "height": 792.0, "is_scanned": false, "page_number": 3, "rotation": 0, "width": 612.0}, {"boxes": {"CropBox": [0.0, 0.0, 612.0, 792.0], "MediaBox": [0.0, 0.0, 612.0, 792.0]}, "height": 792.0, "is_scanned": false, "page_number": 4, "rotation": 0, "width": 612.0}]}