{"version": {"json_export": "219", "page_segmentation": "55", "schema": "1.1.0", "structure": "1.1151.0", "table_structure": "5"}, "extended_metadata": {"ID_instance": "D8 EB C8 30 3B BC B2 11 0A 00 00 BF BA 1D E9 84 ", "ID_permanent": "F1 9D 00 6F 05 BD 5E 47 93 B0 D5 82 C7 C1 FD 42 ", "has_acroform": false, "has_embedded_files": false, "is_XFA": false, "is_certified": false, "is_encrypted": false, "is_digitally_signed": false, "language": "en-CA", "page_count": 2, "pdf_version": "1.6", "pdfa_compliance_level": "", "pdfua_compliance_level": ""}, "elements": [{"Bounds": [74.19400024414062, 678.7440032958984, 540.5260925292969, 717.0839996337891], "Font": {"alt_family_name": "Times New Roman", "embedded": false, "encoding": "WinAnsiEncoding", "family_name": "Times New Roman", "font_type": "TrueType", "italic": false, "monospaced": false, "name": "Times New Roman,Bold", "subset": false, "weight": 700}, "HasClip": false, "Lang": "en", "ObjectID": 54, "Page": 0, "Path": "//Document/Sect/H1", "Text": "Perceiving happiness in an intergroup context: The role of race and attention to the eyes in differentiating between true and false smiles ", "TextSize": 12.0, "attributes": {"LineHeight": 27.625, "SpaceAfter": 18, "TextAlign": "Center"}}, {"Bounds": [228.07000732421875, 623.5440063476562, 386.8179931640625, 634.2599945068359], "Font": {"alt_family_name": "Times New Roman", "embedded": false, "encoding": "WinAnsiEncoding", "family_name": "Times New Roman", "font_type": "TrueType", "italic": false, "monospaced": false, "name": "Times New Roman,Bold", "subset": false, "weight": 700}, "HasClip": false, "Lang": "en", "ObjectID": 56, "Page": 0, "Path": "//Document/Sect[2]/H1", "Text": "Online Supplemental Material ", "TextSize": 12.0, "attributes": {"LineHeight": 14.375, "TextAlign": "Center"}}, {"Bounds": [72.04600524902344, 595.9440002441406, 182.57431030273438, 606.6600036621094], "Font": {"alt_family_name": "Times New Roman", "embedded": false, "encoding": "WinAnsiEncoding", "family_name": "Times New Roman", "font_type": "TrueType", "italic": false, "monospaced": false, "name": "Times New Roman,Bold", "subset": false, "weight": 700}, "HasClip": false, "Lang": "en", "ObjectID": 58, "Page": 0, "Path": "//Document/Sect[2]/Sect/H2", "Text": "Stimuli Development ", "TextSize": 12.0, "attributes": {"LineHeight": 14.375}}, {"Bounds": [72.04600524902344, 347.7239990234375, 540.9939117431641, 579.4920043945312], "Font": {"alt_family_name": "Times New Roman", "embedded": false, "encoding": "WinAnsiEncoding", "family_name": "Times New Roman", "font_type": "TrueType", "italic": false, "monospaced": false, "name": "Times New Roman", "subset": false, "weight": 400}, "HasClip": false, "Lang": "en", "ObjectID": 59, "Page": 0, "Path": "//Document/Sect[2]/Sect/P", "Text": "To create the facial stimuli, we collected photographs of true and false smiles from 84 individuals recruited on a university campus (22 Black females, 20 Black males, 21 White females, and 21 White males). For true smiles, the photographer encouraged the activation of muscles around the eye (e.g., by attempting to make participants laugh). For false smiles, photo subjects were instructed to smile with their mouths while maintaining neutral eyes. Using Adobe Photoshop (San Jose, CA), all photographs were cropped to create oval images that focused on facial features and excluded the target\u2019s hair. In keeping with past work (Kawakami et al., 2014), photographs were grey-scaled, standardized for size (360 \u00d7 450 pixels), and the mean luminance (brightness) was set within a restricted range of 187.46 to 188.68 pixels per intensity level. ", "TextSize": 12.0}, {"Bounds": [72.04600524902344, 99.28799438476562, 537.9700012207031, 331.03199768066406], "Font": {"alt_family_name": "Times New Roman", "embedded": false, "encoding": "WinAnsiEncoding", "family_name": "Times New Roman", "font_type": "TrueType", "italic": false, "monospaced": false, "name": "Times New Roman", "subset": false, "weight": 400}, "HasClip": false, "ObjectID": 61, "Page": 0, "Path": "//Document/Sect[2]/Sect/P[2]/ParagraphSpan", "Text": "To assess the perceived happiness of each facial component (i.e., eyes and mouths), we split the image of each target face into top and bottom halves. This produced stimuli related to a true mouth, a false mouth, true eyes, and false eyes for each target. In an initial pretest, White undergraduate students (N = 63) rated the resulting stimuli on a nine-point scale anchored at 1 (not at all happy) and 9 (very happy). To limit participant fatigue, each student viewed half of the total stimuli, randomly selected and presented individually. Based on these ratings, 64 target individuals (16 from each gender and race) were selected and for each target an image of a true smile and a false smile was created. Importantly, for each target we composed images that utilized the same mouth for the true and false smile image with only the eyes differing (i.e., with ", "TextSize": 12.0}, {"Bounds": [72.03399658203125, 678.9839935302734, 511.0924835205078, 717.5279998779297], "Font": {"alt_family_name": "Times New Roman", "embedded": false, "encoding": "WinAnsiEncoding", "family_name": "Times New Roman", "font_type": "TrueType", "italic": true, "monospaced": false, "name": "Times New Roman,Italic", "subset": false, "weight": 400}, "HasClip": false, "ObjectID": 62, "Page": 1, "Path": "//Document/Sect[2]/Sect/P[2]/ParagraphSpan[2]", "Text": "orbicularis oculi muscle activation or not). These 128 images were used in all experiments except 2. ", "TextSize": 12.0}, {"Bounds": [72.03399658203125, 651.1439971923828, 298.49449157714844, 661.8600006103516], "Font": {"alt_family_name": "Times New Roman", "embedded": false, "encoding": "WinAnsiEncoding", "family_name": "Times New Roman", "font_type": "TrueType", "italic": false, "monospaced": false, "name": "Times New Roman,Bold", "subset": false, "weight": 700}, "HasClip": false, "Lang": "en", "ObjectID": 64, "Page": 1, "Path": "//Document/Sect[2]/Sect[2]/H2", "Text": "Investigation of Possible Stimuli Confounds ", "TextSize": 12.0, "attributes": {"LineHeight": 14.375}}, {"Bounds": [72.03399658203125, 347.6999969482422, 533.6739959716797, 634.6920013427734], "Font": {"alt_family_name": "Times New Roman", "embedded": false, "encoding": "WinAnsiEncoding", "family_name": "Times New Roman", "font_type": "TrueType", "italic": false, "monospaced": false, "name": "Times New Roman", "subset": false, "weight": 400}, "HasClip": false, "Lang": "en", "ObjectID": 65, "Page": 1, "Path": "//Document/Sect[2]/Sect[2]/P", "Text": "One reviewer suggested that the stimuli used in Experiments 1 and 3-6 might systematically differ in pupil dilation in the photographed individuals. In particular, he/she suggested the possibility that Black targets expressing false smiles might have more dilated pupils than the other target categories, presenting an alternative explanation for some of the results. To investigate this possibility, the photographs were printed and a research assistant, masked to condition and study purpose, measured the ratio of pupil to iris for each stimulus using a ruler\u2014to get an objective measure of pupil dilation. The research assistant reported that because the images were initially grayscaled before they were presented to participants, eye contrast was often obscured and she was unable to accurately measure the eyes of many of the stimuli. This finding suggests that even if pupil differences were present, they were unlikely to affect participants\u2019 responses. ", "TextSize": 12.0}, {"Bounds": [72.03399658203125, 154.48800659179688, 538.2603912353516, 331.03199768066406], "Font": {"alt_family_name": "Times New Roman", "embedded": false, "encoding": "WinAnsiEncoding", "family_name": "Times New Roman", "font_type": "TrueType", "italic": false, "monospaced": false, "name": "Times New Roman", "subset": false, "weight": 400}, "HasClip": false, "Lang": "en", "ObjectID": 66, "Page": 1, "Path": "//Document/Sect[2]/Sect[2]/P[2]", "Text": "Additionally, we addressed the possibility of not just pupil size as a confound, but also other potential stimuli-based differences. In particular, in Experiment 2 we replicated the pattern of findings from Experiment 1 using a new set of stimuli (as recommended by Westfall, Judd, & Kenny, 2015). This set of faces was created using FaceGen software, which allowed us to manipulate the stimuli faces in a highly controlled manner such that true and false smiles only differed in the eye regions, and such that the magnitude of any morphological differences in expression was the same across target race. ", "TextSize": 12.0}], "pages": [{"boxes": {"CropBox": [0.0, 0.0, 612.0, 792.0], "MediaBox": [0.0, 0.0, 612.0, 792.0]}, "height": 792.0, "is_scanned": false, "page_number": 0, "rotation": 0, "width": 612.0}, {"boxes": {"CropBox": [0.0, 0.0, 612.0, 792.0], "MediaBox": [0.0, 0.0, 612.0, 792.0]}, "height": 792.0, "is_scanned": false, "page_number": 1, "rotation": 0, "width": 612.0}]}