{"version": {"json_export": "219", "page_segmentation": "55", "schema": "1.1.0", "structure": "1.1151.0", "table_structure": "5"}, "extended_metadata": {"ID_instance": "67 87 E5 3E 3B BC B2 11 0A 00 B5 14 96 4B 2C 81 ", "ID_permanent": "62 F2 AB 85 2E B8 79 07 CF F5 E5 E6 42 30 06 B8 ", "has_acroform": false, "has_embedded_files": false, "is_XFA": false, "is_certified": false, "is_encrypted": false, "is_digitally_signed": false, "language": "EN", "page_count": 5, "pdf_version": "1.6", "pdfa_compliance_level": "", "pdfua_compliance_level": ""}, "elements": [{"Bounds": [54.99980163574219, 715.3999938964844, 115.58700561523438, 775.0], "ClipBounds": [54.99980163574219, 715.3999938964844, 115.48680114746094, 775.0], "ObjectID": 687, "Page": 0, "Path": "//Document/Figure", "attributes": {"BBox": [55.437699999998586, 715.68299999999, 115.19499999999971, 774.4809999999998], "Placement": "Block"}}, {"Bounds": [131.48500061035156, 748.4100036621094, 338.7250061035156, 774.5899963378906], "Font": {"alt_family_name": "Helvetica", "embedded": false, "encoding": "Custom", "family_name": "Helvetica", "font_type": "Type1", "italic": false, "monospaced": false, "name": "Helvetica-Bold", "subset": false, "weight": 700}, "HasClip": false, "Lang": "en", "ObjectID": 688, "Page": 0, "Path": "//Document/Title", "Text": "HHS Public Access ", "TextSize": 22.0, "attributes": {"LineHeight": 26.375}}, {"Bounds": [131.4929962158203, 733.6880035400391, 240.37100219726562, 749.3119964599609], "Font": {"alt_family_name": "Times", "embedded": false, "encoding": "Custom", "family_name": "Times", "font_type": "Type1", "italic": false, "monospaced": false, "name": "Times-Roman", "subset": false, "weight": 400}, "HasClip": false, "Lang": "en", "ObjectID": 689, "Page": 0, "Path": "//Document/P", "Text": "Author manuscript ", "TextSize": 14.0, "attributes": {"LineHeight": 16.75}}, {"Bounds": [131.49099731445312, 720.8619995117188, 422.03399658203125, 733.1380004882812], "Font": {"alt_family_name": "Times", "embedded": false, "encoding": "Custom", "family_name": "Times", "font_type": "Type1", "italic": true, "monospaced": false, "name": "Times-Italic", "subset": false, "weight": 400}, "HasClip": false, "Lang": "en", "ObjectID": 690, "Page": 0, "Path": "//Document/P[2]", "Text": "JAMA. Author manuscript; available in PMC 2015 December 21. ", "TextSize": 11.0, "attributes": {"LineHeight": 13.25, "SpaceAfter": 6.25}}, {"Bounds": [90.0, 702.8200073242188, 225.5500030517578, 713.9799957275391], "Font": {"alt_family_name": "Times", "embedded": false, "encoding": "Custom", "family_name": "Times", "font_type": "Type1", "italic": false, "monospaced": false, "name": "Times-Roman", "subset": false, "weight": 400}, "HasClip": false, "Lang": "en", "ObjectID": 691, "Page": 0, "Path": "//Document/P[3]", "Text": "Published in final edited form as: ", "TextSize": 10.0, "attributes": {"LineHeight": 12}}, {"Bounds": [96.0, 690.8200073242188, 404.5899963378906, 701.9799957275391], "Font": {"alt_family_name": "Times", "embedded": false, "encoding": "Custom", "family_name": "Times", "font_type": "Type1", "italic": true, "monospaced": false, "name": "Times-Italic", "subset": false, "weight": 400}, "HasClip": false, "Lang": "en", "ObjectID": 692, "Page": 0, "Path": "//Document/P[4]", "Text": "JAMA. 2014 February 26; 311(8): 859\u2013860. doi:10.1001/jama.2013.283735. ", "TextSize": 10.0, "attributes": {"LineHeight": 12, "SpaceAfter": 18}}, {"Bounds": [90.00199890136719, 627.6640014648438, 475.88404846191406, 664.3300018310547], "Font": {"alt_family_name": "Helvetica", "embedded": false, "encoding": "Custom", "family_name": "Helvetica", "font_type": "Type1", "italic": false, "monospaced": false, "name": "Helvetica-Bold", "subset": false, "weight": 700}, "HasClip": false, "Lang": "en", "ObjectID": 693, "Page": 0, "Path": "//Document/H1", "Text": "Handling of Thermal Receipts as a Source of Exposure to Bisphenol A ", "TextSize": 14.0, "attributes": {"LineHeight": 20, "SpaceAfter": 13.375}}, {"Bounds": [89.99800109863281, 586.9100036621094, 505.1080017089844, 612.9499969482422], "Font": {"alt_family_name": "Helvetica", "embedded": false, "encoding": "Custom", "family_name": "Helvetica", "font_type": "Type1", "italic": false, "monospaced": false, "name": "Helvetica-Bold", "subset": false, "weight": 700}, "HasClip": false, "Lang": "en", "ObjectID": 694, "Page": 0, "Path": "//Document/P[5]", "Text": "Shelley Ehrlich, MD, ScD, MPH, Antonia M. Calafat, PhD, Olivier Humblet, ScD, Thomas Smith, PhD, and Russ Hauser, MD, ScD, MPH ", "TextSize": 10.0, "attributes": {"LineHeight": 14.125}}, {"Bounds": [89.99800109863281, 544.9400024414062, 507.3679962158203, 584.5], "Font": {"alt_family_name": "Helvetica", "embedded": false, "encoding": "Custom", "family_name": "Helvetica", "font_type": "Type1", "italic": false, "monospaced": false, "name": "Helvetica", "subset": false, "weight": 400}, "HasClip": false, "Lang": "en", "ObjectID": 695, "Page": 0, "Path": "//Document/P[6]", "Text": "Harvard School of Public Health, Boston, Massachusetts (Ehrlich, Smith, Hauser); Centers for Disease Control and Prevention, Atlanta, Georgia (Calafat); University of California, San Francisco (Humblet) ", "TextSize": 10.0, "attributes": {"LineHeight": 14, "SpaceAfter": 16.375}}, {"Bounds": [149.9980010986328, 430.63999938964844, 523.5580291748047, 525.8000030517578], "Font": {"alt_family_name": "Times", "embedded": false, "encoding": "Custom", "family_name": "Times", "font_type": "Type1", "italic": false, "monospaced": false, "name": "Times-Roman", "subset": false, "weight": 400}, "HasClip": false, "Lang": "en", "ObjectID": 696, "Page": 0, "Path": "//Document/P[7]", "Text": "Human exposure to bisphenol A (BPA) has been associated with adverse health outcomes, including reproductive function in adults1 and neurodevelopment in children exposed perinatally.2 Exposure to BPA is primarily through dietary ingestion, including consumption of canned foods.3 A less-studied source of exposure is thermal receipt paper,4 handled daily by many people at supermarkets, ATM machines, gas stations, and other settings. We hypothesized that handling of thermal receipts significantly increases BPA exposure, but use of gloves during handling minimizes exposure. ", "TextSize": 10.0, "attributes": {"LineHeight": 14, "SpaceAfter": 15.625}}, {"Bounds": [90.00199890136719, 400.0800018310547, 142.33399963378906, 414.36000061035156], "Font": {"alt_family_name": "Helvetica", "embedded": false, "encoding": "Custom", "family_name": "Helvetica", "font_type": "Type1", "italic": false, "monospaced": false, "name": "Helvetica-Bold", "subset": false, "weight": 700}, "HasClip": false, "Lang": "en", "ObjectID": 701, "Page": 0, "Path": "//Document/H1[2]", "Text": "Methods ", "TextSize": 12.0, "attributes": {"LineHeight": 14.375, "SpaceAfter": 6}}, {"Bounds": [150.00399780273438, 338.63600158691406, 516.1340637207031, 391.79600524902344], "Font": {"alt_family_name": "Times", "embedded": false, "encoding": "Custom", "family_name": "Times", "font_type": "Type1", "italic": false, "monospaced": false, "name": "Times-Roman", "subset": false, "weight": 400}, "HasClip": false, "Lang": "en", "ObjectID": 702, "Page": 0, "Path": "//Document/P[8]", "Text": "In 2010\u20132011, after obtaining written informed consent, we recruited Harvard School of Public Health students and staff (aged >18 years, nonpregnant) via informational fliers and e-mail. No sample size calculation was performed for this pilot study, which was approved by the Harvard University institutional review board. ", "TextSize": 10.0, "attributes": {"LineHeight": 14, "SpaceAfter": 10}}, {"Bounds": [150.00399780273438, 286.63600158691406, 519.1040344238281, 325.79600524902344], "Font": {"alt_family_name": "Times", "embedded": false, "encoding": "Custom", "family_name": "Times", "font_type": "Type1", "italic": false, "monospaced": false, "name": "Times-Roman", "subset": false, "weight": 400}, "HasClip": false, "Lang": "en", "ObjectID": 703, "Page": 0, "Path": "//Document/P[9]", "Text": "We used a simulation cross-over study design. At the first simulation, participants printed and handled receipts continuously for 2 hours without gloves. After a washout period of at least 1 week, a second simulation was conducted in which participants repeated handling of ", "TextSize": 10.0, "attributes": {"LineHeight": 14, "SpaceAfter": 18}}, {"Bounds": [90.0, 243.9040069580078, 490.8719482421875, 262.1280059814453], "Font": {"alt_family_name": "Times", "embedded": false, "encoding": "Custom", "family_name": "Times", "font_type": "Type1", "italic": false, "monospaced": false, "name": "Times-Bold", "subset": false, "weight": 700}, "HasClip": false, "Lang": "en", "ObjectID": 704, "Page": 0, "Path": "//Document/P[10]", "Text": "Corresponding Author: Shelley Ehrlich, MD, ScD, MPH, University of Cincinnati College of Medicine, 3333 Burnet Ave, Cincinnati, OH 45229 (shelley.ehrlich@cchmc.org). ", "TextSize": 8.0, "attributes": {"LineHeight": 9}}, {"Bounds": [90.0, 235.58399963378906, 419.08799743652344, 244.51199340820312], "Font": {"alt_family_name": "Times", "embedded": false, "encoding": "Custom", "family_name": "Times", "font_type": "Type1", "italic": false, "monospaced": false, "name": "Times-Roman", "subset": false, "weight": 400}, "HasClip": false, "Lang": "en", "ObjectID": 705, "Page": 0, "Path": "//Document/P[11]", "Text": "Dr Ehrlich is now with the Cincinnati Children\u2019s Hospital Medical Center, Cincinnati, Ohio (Ehrlich). ", "TextSize": 8.0, "attributes": {"LineHeight": 9.625, "SpaceAfter": 2.875}}, {"Bounds": [90.0, 213.53599548339844, 513.5120239257812, 232.36000061035156], "Font": {"alt_family_name": "Times", "embedded": false, "encoding": "Custom", "family_name": "Times", "font_type": "Type1", "italic": false, "monospaced": false, "name": "Times-Bold", "subset": false, "weight": 700}, "HasClip": false, "Lang": "en", "ObjectID": 706, "Page": 0, "Path": "//Document/P[12]", "Text": "Author Contributions: Dr Ehrlich had full access to all of the data in the study and takes responsibility for the integrity of the data and the accuracy of the data analysis. ", "TextSize": 8.0, "attributes": {"LineHeight": 9.625}}, {"Bounds": [90.0, 203.93600463867188, 253.53599548339844, 212.86399841308594], "Font": {"alt_family_name": "Times", "embedded": false, "encoding": "Custom", "family_name": "Times", "font_type": "Type1", "italic": true, "monospaced": false, "name": "Times-Italic", "subset": false, "weight": 400}, "HasClip": false, "ObjectID": 707, "Page": 0, "Path": "//Document/P[13]/Sub", "Text": "Study concept and design: Ehrlich, Smith, Hauser. ", "TextSize": 8.0, "attributes": {"Placement": "Block"}}, {"Bounds": [90.0, 194.27999877929688, 210.21600341796875, 203.20799255371094], "Font": {"alt_family_name": "Times", "embedded": false, "encoding": "Custom", "family_name": "Times", "font_type": "Type1", "italic": true, "monospaced": false, "name": "Times-Italic", "subset": false, "weight": 400}, "HasClip": false, "ObjectID": 708, "Page": 0, "Path": "//Document/P[13]/Sub[2]", "Text": "Acquisition of data: Ehrlich, Calafat. ", "TextSize": 8.0, "attributes": {"Placement": "Block"}}, {"Bounds": [90.0, 184.62399291992188, 343.10400390625, 193.552001953125], "Font": {"alt_family_name": "Times", "embedded": false, "encoding": "Custom", "family_name": "Times", "font_type": "Type1", "italic": true, "monospaced": false, "name": "Times-Italic", "subset": false, "weight": 400}, "HasClip": false, "ObjectID": 709, "Page": 0, "Path": "//Document/P[13]/Sub[3]", "Text": "Analysis and interpretation of data: Ehrlich, Calafat, Humblet, Smith, Hauser. ", "TextSize": 8.0, "attributes": {"Placement": "Block"}}, {"Bounds": [90.0, 174.96800231933594, 266.4320068359375, 183.89599609375], "Font": {"alt_family_name": "Times", "embedded": false, "encoding": "Custom", "family_name": "Times", "font_type": "Type1", "italic": true, "monospaced": false, "name": "Times-Italic", "subset": false, "weight": 400}, "HasClip": false, "ObjectID": 710, "Page": 0, "Path": "//Document/P[13]/Sub[4]", "Text": "Drafting of the manuscript: Ehrlich, Humblet, Hauser. ", "TextSize": 8.0, "attributes": {"Placement": "Block"}}, {"Bounds": [90.0, 165.31199645996094, 450.21600341796875, 174.24000549316406], "Font": {"alt_family_name": "Times", "embedded": false, "encoding": "Custom", "family_name": "Times", "font_type": "Type1", "italic": true, "monospaced": false, "name": "Times-Italic", "subset": false, "weight": 400}, "HasClip": false, "ObjectID": 711, "Page": 0, "Path": "//Document/P[13]/Sub[5]", "Text": "Critical revision of the manuscript for important intellectual content: Ehrlich, Calafat, Humblet, Smith, Hauser. ", "TextSize": 8.0, "attributes": {"Placement": "Block"}}, {"Bounds": [90.0, 155.656005859375, 241.10400390625, 164.58399963378906], "Font": {"alt_family_name": "Times", "embedded": false, "encoding": "Custom", "family_name": "Times", "font_type": "Type1", "italic": true, "monospaced": false, "name": "Times-Italic", "subset": false, "weight": 400}, "HasClip": false, "ObjectID": 712, "Page": 0, "Path": "//Document/P[13]/Sub[6]", "Text": "Statistical analysis: Ehrlich, Humblet, Hauser. ", "TextSize": 8.0, "attributes": {"Placement": "Block"}}, {"Bounds": [90.0, 146.0, 178.44000244140625, 154.92799377441406], "Font": {"alt_family_name": "Times", "embedded": false, "encoding": "Custom", "family_name": "Times", "font_type": "Type1", "italic": true, "monospaced": false, "name": "Times-Italic", "subset": false, "weight": 400}, "HasClip": false, "ObjectID": 713, "Page": 0, "Path": "//Document/P[13]/Sub[7]", "Text": "Obtained funding: Ehrlich. ", "TextSize": 8.0, "attributes": {"Placement": "Block"}}, {"Bounds": [90.0, 136.343994140625, 301.32000732421875, 145.27200317382812], "Font": {"alt_family_name": "Times", "embedded": false, "encoding": "Custom", "family_name": "Times", "font_type": "Type1", "italic": true, "monospaced": false, "name": "Times-Italic", "subset": false, "weight": 400}, "HasClip": false, "ObjectID": 714, "Page": 0, "Path": "//Document/P[13]/Sub[8]", "Text": "Administrative, technical, and material support: Ehrlich, Calafat. ", "TextSize": 8.0, "attributes": {"Placement": "Block"}}, {"Bounds": [90.0, 126.68800354003906, 232.63999938964844, 135.61599731445312], "Font": {"alt_family_name": "Times", "embedded": false, "encoding": "Custom", "family_name": "Times", "font_type": "Type1", "italic": true, "monospaced": false, "name": "Times-Italic", "subset": false, "weight": 400}, "HasClip": false, "ObjectID": 715, "Page": 0, "Path": "//Document/P[13]/Sub[9]", "Text": "Study supervision: Ehrlich, Calafat, Hauser. ", "TextSize": 8.0, "attributes": {"Placement": "Block"}}, {"Bounds": [90.0, 104.28799438476562, 522.6160125732422, 123.11199951171875], "Font": {"alt_family_name": "Times", "embedded": false, "encoding": "Custom", "family_name": "Times", "font_type": "Type1", "italic": false, "monospaced": false, "name": "Times-Bold", "subset": false, "weight": 700}, "HasClip": false, "Lang": "en", "ObjectID": 716, "Page": 0, "Path": "//Document/P[14]", "Text": "Conflict of Interest Disclosures: The authors have completed and submitted the ICMJE Form for Disclosure of Potential Conflicts of Interest and none were reported. ", "TextSize": 8.0, "attributes": {"LineHeight": 9.625, "SpaceAfter": 3.25}}, {"Bounds": [90.0, 72.343994140625, 507.2879638671875, 100.76800537109375], "Font": {"alt_family_name": "Times", "embedded": false, "encoding": "Custom", "family_name": "Times", "font_type": "Type1", "italic": false, "monospaced": false, "name": "Times-Bold", "subset": false, "weight": 700}, "HasClip": false, "Lang": "en", "ObjectID": 717, "Page": 0, "Path": "//Document/P[15]", "Text": "Disclaimer: The findings and conclusions in this report are those of the authors and do not necessarily represent the views of the Centers for Disease Control and Prevention (CDC). The involvement of the CDC was determined not to constitute engagement in human subjects research. ", "TextSize": 8.0, "attributes": {"LineHeight": 9.625, "TextAlign": "Justify"}}, {"Bounds": [150.0, 691.4219970703125, 498.02001953125, 730.5820007324219], "Font": {"alt_family_name": "Times", "embedded": false, "encoding": "Custom", "family_name": "Times", "font_type": "Type1", "italic": false, "monospaced": false, "name": "Times-Roman", "subset": false, "weight": 400}, "HasClip": false, "Lang": "en", "ObjectID": 671, "Page": 1, "Path": "//Document/P[16]", "Text": "receipts wearing nitrile gloves. The option to participate in the second simulation or to provide sequential urine samples following the first simulation was offered to all participants at study entry. ", "TextSize": 10.0, "attributes": {"LineHeight": 14, "SpaceAfter": 10}}, {"Bounds": [150.0, 569.4219970703125, 523.0000305175781, 678.5800018310547], "Font": {"alt_family_name": "Times", "embedded": false, "encoding": "Custom", "family_name": "Times", "font_type": "Type1", "italic": false, "monospaced": false, "name": "Times-Roman", "subset": false, "weight": 400}, "HasClip": false, "Lang": "en", "ObjectID": 672, "Page": 1, "Path": "//Document/P[17]", "Text": "All participants provided a spot urine sample, collected in a sterile BPA-free polypropylene specimen cup, immediately before handling of receipts and 4 hours later. Volunteers provided additional sequential urine samples at 8, 12, and 24 hours after handling of receipts without gloves. Urinary-specific gravity was measured using a handheld refractometer. Urine was stored in polypropylene cryogenic vials at or below \u221220\u00b0C until analysis. Total (free plus conjugated species) urinary BPA concentration was measured at the US Centers for Disease Control and Prevention using published methods.1 Concentrations of BPA were adjusted for specific gravity to account for urine dilution. ", "TextSize": 10.0, "attributes": {"LineHeight": 14, "SpaceAfter": 10}}, {"Bounds": [150.0, 503.4219970703125, 520.4899597167969, 556.5820007324219], "Font": {"alt_family_name": "Times", "embedded": false, "encoding": "Custom", "family_name": "Times", "font_type": "Type1", "italic": false, "monospaced": false, "name": "Times-Roman", "subset": false, "weight": 400}, "HasClip": false, "Lang": "en", "ObjectID": 674, "Page": 1, "Path": "//Document/P[18]", "Text": "Using SAS version 9.3 (SAS Institute Inc), mixed regression models were used to examine associations between log-transformed specific gravity\u2013adjusted urinary BPA concentrations for prehandling and posthandling samples and across time points for those who provided sequential urine samples. Statistical significance was set at a P \u2264 .05 (2-sided test). ", "TextSize": 10.0, "attributes": {"LineHeight": 14, "SpaceAfter": 15.625}}, {"Bounds": [90.00399780273438, 472.7899932861328, 136.34800720214844, 487.07000732421875], "Font": {"alt_family_name": "Helvetica", "embedded": false, "encoding": "Custom", "family_name": "Helvetica", "font_type": "Type1", "italic": false, "monospaced": false, "name": "Helvetica-Bold", "subset": false, "weight": 700}, "HasClip": false, "Lang": "en", "ObjectID": 675, "Page": 1, "Path": "//Document/H1[3]", "Text": "Results ", "TextSize": 12.0, "attributes": {"LineHeight": 14.375, "SpaceAfter": 6}}, {"Bounds": [149.9980010986328, 383.3459930419922, 522.1279754638672, 464.50599670410156], "Font": {"alt_family_name": "Times", "embedded": false, "encoding": "Custom", "family_name": "Times", "font_type": "Type1", "italic": false, "monospaced": false, "name": "Times-Roman", "subset": false, "weight": 400}, "HasClip": false, "Lang": "en", "ObjectID": 676, "Page": 1, "Path": "//Document/P[19]", "Text": "Twenty-four volunteers (mean age [SD], 35 [12] years) provided at least 2 urine samples for the simulation without gloves; 12 volunteers provided additional sequential samples and 12 also completed the simulation with gloves (Table). We excluded 1 participant for reporting consumption of 4 cans of beverage prior to the simulation (baseline urinary BPA concentration of 49.3 \u00b5g/L vs <2 \u00b5g/L for the remaining participants, decreasing to 12.0 \u00b5g/L postsimulation). ", "TextSize": 10.0, "attributes": {"LineHeight": 14, "SpaceAfter": 10}}, {"Bounds": [149.9980010986328, 205.20599365234375, 521.4579620361328, 370.50599670410156], "Font": {"alt_family_name": "Times", "embedded": false, "encoding": "Custom", "family_name": "Times", "font_type": "Type1", "italic": false, "monospaced": false, "name": "Times-Roman", "subset": false, "weight": 400}, "HasClip": false, "Lang": "en", "ObjectID": 677, "Page": 1, "Path": "//Document/P[20]", "Text": "We detected BPA in 83% (n = 20) of samples at baseline and in 100% of samples after handling receipts without gloves. The geometric mean urinary BPA concentration was 1.8 \u00b5g/L (95% CI, 1.3\u20132.4 \u00b5g/L) before simulation and 5.8 \u00b5g/L (95% CI, 4.0\u20138.4 \u00b5g/L) postsimulation (P = .005 for interaction between presimulation and postsimulation BPA and glove status). The geometric mean BPA urinary concentrations from 12 participants who provided sequential samples following receipt handling without gloves were 2.1 \u00b5g/L (95% CI, 1.4\u20133.3 \u00b5g/L) at baseline, 6.0 \u00b5g/L (95% CI, 3.4\u201310.7 \u00b5g/L) at 4 hours, 11.1 \u00b5g/L (95% CI, 5.5\u201322.8 \u00b5g/L) at 8 hours, 10.5 \u00b5g/L (95%CI, 4.9\u201322.6 \u00b5g/L) at 12 hours, and 4.7 \u00b5g/L (95%CI, 2.4\u20139.1 \u00b5g/L) at 24 hours. Each measure was significantly different from baseline (P < .001 for 4-hour, 8-hour, and 12-hour urine samples and P = .04 for 24-hour samples). We observed no significant increase in urinary BPA after handling receipts with gloves (Figure). ", "TextSize": 10.0, "attributes": {"LineHeight": 14, "SpaceAfter": 15.5}}, {"Bounds": [90.0, 174.64599609375, 157.02000427246094, 188.92599487304688], "Font": {"alt_family_name": "Helvetica", "embedded": false, "encoding": "Custom", "family_name": "Helvetica", "font_type": "Type1", "italic": false, "monospaced": false, "name": "Helvetica-Bold", "subset": false, "weight": 700}, "HasClip": false, "Lang": "en", "ObjectID": 678, "Page": 1, "Path": "//Document/H1[4]", "Text": "Discussion ", "TextSize": 12.0, "attributes": {"LineHeight": 14.375, "SpaceAfter": 5.875}}, {"Bounds": [150.0, 113.20199584960938, 517.7400207519531, 166.36199951171875], "Font": {"alt_family_name": "Times", "embedded": false, "encoding": "Custom", "family_name": "Times", "font_type": "Type1", "italic": false, "monospaced": false, "name": "Times-Roman", "subset": false, "weight": 400}, "HasClip": false, "ObjectID": 668, "Page": 1, "Path": "//Document/P[21]/ParagraphSpan", "Text": "In this pilot study, we observed an increase in urinary BPA concentrations after continuously handling receipts for 2 hours without gloves, but no significant increase when using gloves. The peak level (5.8 \u00b5g/L) was lower than that observed after canned soup consumption (20.8\u00b5g/L).3  The clinical implications of the height of the peak level and the ", "TextSize": 10.0}, {"Bounds": [150.0, 705.4199981689453, 502.25999450683594, 730.5800018310547], "Font": {"alt_family_name": "Times", "embedded": false, "encoding": "Custom", "family_name": "Times", "font_type": "Type1", "italic": false, "monospaced": false, "name": "Times-Roman", "subset": false, "weight": 400}, "HasClip": false, "ObjectID": 649, "Page": 2, "Path": "//Document/P[21]/ParagraphSpan[2]", "Text": "chronicity of exposure are unknown, but may be particularly relevant to occupationally exposed populations such as cashiers,5 who handle receipts 40 or more hours per week. ", "TextSize": 10.0}, {"Bounds": [150.0, 639.4199981689453, 508.9700164794922, 692.5800018310547], "Font": {"alt_family_name": "Times", "embedded": false, "encoding": "Custom", "family_name": "Times", "font_type": "Type1", "italic": false, "monospaced": false, "name": "Times-Roman", "subset": false, "weight": 400}, "HasClip": false, "Lang": "en", "ObjectID": 651, "Page": 2, "Path": "//Document/P[22]", "Text": "Limitations include the small volunteer sample and loss of participants in the second simulation. However, urinary BPA concentrations at baseline were similar in the full and smaller groups and similar to the US population (1.83 \u00b5g/L).6 A larger study is needed to confirm our findings and evaluate the clinical implications. ", "TextSize": 10.0, "attributes": {"LineHeight": 14, "SpaceAfter": 16.75}}, {"Bounds": [90.0, 607.8560028076172, 199.02000427246094, 622.1360015869141], "Font": {"alt_family_name": "Helvetica", "embedded": false, "encoding": "Custom", "family_name": "Helvetica", "font_type": "Type1", "italic": false, "monospaced": false, "name": "Helvetica-Bold", "subset": false, "weight": 700}, "HasClip": false, "Lang": "en", "ObjectID": 653, "Page": 2, "Path": "//Document/H1[5]", "Text": "Acknowledgments ", "TextSize": 12.0, "attributes": {"LineHeight": 14.375, "SpaceAfter": 8.5}}, {"Bounds": [149.99600219726562, 581.1419982910156, 518.8520355224609, 599.8619995117188], "Font": {"alt_family_name": "Times", "embedded": false, "encoding": "Custom", "family_name": "Times", "font_type": "Type1", "italic": false, "monospaced": false, "name": "Times-Bold", "subset": false, "weight": 700}, "HasClip": false, "Lang": "en", "ObjectID": 654, "Page": 2, "Path": "//Document/P[23]", "Text": "Funding/Support: This project was supported by grant 2 T42 OH008416-05 from the Harvard-NIOSH Education and Research Center. ", "TextSize": 8.0, "attributes": {"LineHeight": 9.625, "SpaceAfter": 10}}, {"Bounds": [149.99600219726562, 542.5019989013672, 515.6999816894531, 570.7180023193359], "Font": {"alt_family_name": "Times", "embedded": false, "encoding": "Custom", "family_name": "Times", "font_type": "Type1", "italic": false, "monospaced": false, "name": "Times-Bold", "subset": false, "weight": 700}, "HasClip": false, "Lang": "en", "ObjectID": 655, "Page": 2, "Path": "//Document/P[24]", "Text": "Role of the Sponsor: The Harvard-NIOSH Education and Research Center had no role in the design and conduct of the study; collection, management, analysis, and interpretation of the data; preparation, review, or approval of the manuscript; and decision to submit the manuscript for publication. ", "TextSize": 8.0, "attributes": {"LineHeight": 9.5, "SpaceAfter": 10}}, {"Bounds": [149.99600219726562, 475.3739929199219, 518.3480529785156, 532.0780029296875], "Font": {"alt_family_name": "Times", "embedded": false, "encoding": "Custom", "family_name": "Times", "font_type": "Type1", "italic": false, "monospaced": false, "name": "Times-Bold", "subset": false, "weight": 700}, "HasClip": false, "Lang": "en", "ObjectID": 656, "Page": 2, "Path": "//Document/P[25]", "Text": "Additional Contributions: We thank Lori Torf (Harvard School of Public Health cafeteria) for providing us with access to the cafeteria cash registers for the simulations. We also thank the Hauser staff for assistance with storage of samples and supplies, Greg Wagner, MD (Harvard School of Public Health), for his advice and support at the start of the study, and Xiaoyun Ye, MS, Xiaoliu Zhou, MS, Tao Jia, MS, and Joshua Kramer (all 4 with the CDC) for technical assistance in measuring urinary bisphenol A. None of the individuals acknowledged were compensated for their contributions. ", "TextSize": 8.0, "attributes": {"LineHeight": 9.5, "SpaceAfter": 14}}, {"Bounds": [90.0, 445.91600036621094, 157.69200134277344, 460.1959991455078], "Font": {"alt_family_name": "Helvetica", "embedded": false, "encoding": "Custom", "family_name": "Helvetica", "font_type": "Type1", "italic": false, "monospaced": false, "name": "Helvetica-Bold", "subset": false, "weight": 700}, "HasClip": false, "Lang": "en", "ObjectID": 657, "Page": 2, "Path": "//Document/H1[6]", "Text": "References ", "TextSize": 12.0, "attributes": {"LineHeight": 14.375, "SpaceAfter": 7.5}}, {"Bounds": [150.0030059814453, 428.19000244140625, 156.7530059814453, 438.23399353027344], "Font": {"alt_family_name": "Times", "embedded": false, "encoding": "Custom", "family_name": "Times", "font_type": "Type1", "italic": false, "monospaced": false, "name": "Times-Roman", "subset": false, "weight": 400}, "HasClip": false, "ObjectID": 394, "Page": 2, "Path": "//Document/L/LI/Lbl", "Text": "1.", "TextSize": 9.0}, {"Bounds": [156.7530059814453, 406.1940002441406, 511.71299743652344, 438.23399353027344], "Font": {"alt_family_name": "Times", "embedded": false, "encoding": "Custom", "family_name": "Times", "font_type": "Type1", "italic": false, "monospaced": false, "name": "Times-Roman", "subset": false, "weight": 400}, "HasClip": false, "ObjectID": 395, "Page": 2, "Path": "//Document/L/LI/LBody", "Text": " Ehrlich S, Williams PL, Missmer SA, et al. Urinary bisphenol A concentrations and early reproductive health outcomes among women undergoing IVF. Hum Reprod. 2012; 27(12):3583\u2013 3592. [PubMed: 23014629] ", "TextSize": 9.0}, {"Bounds": [150.0030059814453, 393.197998046875, 156.7530059814453, 403.24200439453125], "Font": {"alt_family_name": "Times", "embedded": false, "encoding": "Custom", "family_name": "Times", "font_type": "Type1", "italic": false, "monospaced": false, "name": "Times-Roman", "subset": false, "weight": 400}, "HasClip": false, "ObjectID": 391, "Page": 2, "Path": "//Document/L/LI[2]/Lbl", "Text": "2.", "TextSize": 9.0}, {"Bounds": [156.7530059814453, 371.2019958496094, 494.18104553222656, 403.24200439453125], "Font": {"alt_family_name": "Times", "embedded": false, "encoding": "Custom", "family_name": "Times", "font_type": "Type1", "italic": false, "monospaced": false, "name": "Times-Roman", "subset": false, "weight": 400}, "HasClip": false, "ObjectID": 392, "Page": 2, "Path": "//Document/L/LI[2]/LBody", "Text": " Braun JM, Kalkbrenner AE, Calafat AM, et al. Impact of early-life bisphenol A exposure on behavior and executive function in children. Pediatrics. 2011; 128(5):873\u2013882. [PubMed: 22025598] ", "TextSize": 9.0}, {"Bounds": [150.0030059814453, 358.20599365234375, 156.7530059814453, 368.25], "Font": {"alt_family_name": "Times", "embedded": false, "encoding": "Custom", "family_name": "Times", "font_type": "Type1", "italic": false, "monospaced": false, "name": "Times-Roman", "subset": false, "weight": 400}, "HasClip": false, "ObjectID": 388, "Page": 2, "Path": "//Document/L/LI[3]/Lbl", "Text": "3.", "TextSize": 9.0}, {"Bounds": [156.7530059814453, 347.20799255371094, 522.468017578125, 368.25], "Font": {"alt_family_name": "Times", "embedded": false, "encoding": "Custom", "family_name": "Times", "font_type": "Type1", "italic": false, "monospaced": false, "name": "Times-Roman", "subset": false, "weight": 400}, "HasClip": false, "ObjectID": 389, "Page": 2, "Path": "//Document/L/LI[3]/LBody", "Text": " Carwile JL, Ye X, Zhou X, Calafat AM, Michels KB. Canned soup consumption and urinary bisphenol A: a randomized crossover trial. JAMA. 2011; 306(20):2218\u20132220. [PubMed: 22110104] ", "TextSize": 9.0}, {"Bounds": [150.0030059814453, 334.2120056152344, 156.7530059814453, 344.25599670410156], "Font": {"alt_family_name": "Times", "embedded": false, "encoding": "Custom", "family_name": "Times", "font_type": "Type1", "italic": false, "monospaced": false, "name": "Times-Roman", "subset": false, "weight": 400}, "HasClip": false, "ObjectID": 385, "Page": 2, "Path": "//Document/L/LI[4]/Lbl", "Text": "4.", "TextSize": 9.0}, {"Bounds": [156.7530059814453, 323.21400451660156, 520.1999664306641, 344.25599670410156], "Font": {"alt_family_name": "Times", "embedded": false, "encoding": "Custom", "family_name": "Times", "font_type": "Type1", "italic": false, "monospaced": false, "name": "Times-Roman", "subset": false, "weight": 400}, "HasClip": false, "ObjectID": 386, "Page": 2, "Path": "//Document/L/LI[4]/LBody", "Text": " Biedermann S, Tschudin P, Grob K. Transfer of bisphenol A from thermal printer paper to the skin. Anal Bioanal Chem. 2010; 398(1):571\u2013576. [PubMed: 20623271] ", "TextSize": 9.0}, {"Bounds": [150.0030059814453, 310.21800231933594, 156.7530059814453, 320.2619934082031], "Font": {"alt_family_name": "Times", "embedded": false, "encoding": "Custom", "family_name": "Times", "font_type": "Type1", "italic": false, "monospaced": false, "name": "Times-Roman", "subset": false, "weight": 400}, "HasClip": false, "ObjectID": 382, "Page": 2, "Path": "//Document/L/LI[5]/Lbl", "Text": "5.", "TextSize": 9.0}, {"Bounds": [156.7530059814453, 288.2220001220703, 508.6890411376953, 320.2619934082031], "Font": {"alt_family_name": "Times", "embedded": false, "encoding": "Custom", "family_name": "Times", "font_type": "Type1", "italic": false, "monospaced": false, "name": "Times-Roman", "subset": false, "weight": 400}, "HasClip": false, "ObjectID": 383, "Page": 2, "Path": "//Document/L/LI[5]/LBody", "Text": " Braun JM, Kalkbrenner AE, Calafat AM, et al. Variability and predictors of urinary bisphenol A concentrations during pregnancy. Environ Health Perspect. 2011; 119(1):131\u2013137. [PubMed: 21205581] ", "TextSize": 9.0}, {"Bounds": [150.0030059814453, 275.2259979248047, 156.7530059814453, 285.27000427246094], "Font": {"alt_family_name": "Times", "embedded": false, "encoding": "Custom", "family_name": "Times", "font_type": "Type1", "italic": false, "monospaced": false, "name": "Times-Roman", "subset": false, "weight": 400}, "HasClip": false, "ObjectID": 396, "Page": 2, "Path": "//Document/L/LI[6]/Lbl", "Text": "6.", "TextSize": 9.0}, {"Bounds": [156.7530059814453, 253.22999572753906, 523.4399719238281, 285.27000427246094], "Font": {"alt_family_name": "Times", "embedded": false, "encoding": "Custom", "family_name": "Times", "font_type": "Type1", "italic": false, "monospaced": false, "name": "Times-Roman", "subset": false, "weight": 400}, "HasClip": false, "ObjectID": 327, "Page": 2, "Path": "//Document/L/LI[6]/LBody", "Text": " Centers for Disease Control and Prevention, National Center for Environmental Health. [January 25, 2014] Fourth national report on human exposure to environmental chemicals, updated tables. 2013 Sep. (<http://www.cdc.gov/exposurereport/>)http://www.cdc.gov/exposurereport/. ", "TextSize": 9.0}, {"Bounds": [84.08659362792969, 380.8000183105469, 587.9134063720703, 730.0], "ObjectID": 635, "Page": 3, "Path": "//Document/Figure[2]", "alternate_text": " ", "attributes": {"BBox": [84.11659999999756, 380.7769999999873, 587.8559999999998, 729.9629999999888], "Placement": "Block"}}, {"Bounds": [150.0030059814453, 358.43800354003906, 517.9680023193359, 368.81500244140625], "Font": {"alt_family_name": "Times", "embedded": false, "encoding": "Custom", "family_name": "Times", "font_type": "Type1", "italic": false, "monospaced": false, "name": "Times-Bold", "subset": false, "weight": 700}, "HasClip": false, "Lang": "en", "ObjectID": 636, "Page": 3, "Path": "//Document/P[26]", "Text": "Figure. Geometric Mean\u2013Specific Gravity-Adjusted Urinary Bisphenol A (BPA) Concentration ", "TextSize": 9.0, "attributes": {"LineHeight": 10.75}}, {"Bounds": [150.0019989013672, 332.2200012207031, 495.20204162597656, 357.3800048828125], "Font": {"alt_family_name": "Times", "embedded": false, "encoding": "Custom", "family_name": "Times", "font_type": "Type1", "italic": false, "monospaced": false, "name": "Times-Roman", "subset": false, "weight": 400}, "HasClip": false, "Lang": "en", "ObjectID": 637, "Page": 3, "Path": "//Document/P[27]", "Text": "Error bars indicate 95%confidence intervals. NHANES indicates National Health and Nutrition Examination Survey. ", "TextSize": 10.0, "attributes": {"LineHeight": 13.875}}, {"Bounds": [150.0, 318.2200012207031, 302.98199462890625, 330.91700744628906], "Font": {"alt_family_name": "Times", "embedded": false, "encoding": "Custom", "family_name": "Times", "font_type": "Type1", "italic": false, "monospaced": false, "name": "Times-Roman", "subset": false, "weight": 400}, "HasClip": false, "Lang": "en", "ObjectID": 639, "Page": 3, "Path": "//Document/Footnote", "Text": "a  Adjusted BPA at 0 hours (baseline). ", "TextSize": 10.0, "attributes": {"LineHeight": 9.625}}, {"Bounds": [150.0, 304.2200012207031, 382.302001953125, 316.91700744628906], "Font": {"alt_family_name": "Times", "embedded": false, "encoding": "Custom", "family_name": "Times", "font_type": "Type1", "italic": false, "monospaced": false, "name": "Times-Roman", "subset": false, "weight": 400}, "HasClip": false, "Lang": "en", "ObjectID": 641, "Page": 3, "Path": "//Document/Footnote[2]", "Text": "b  Adjusted BPA at 4 hours (handled receipts for 2 hours). ", "TextSize": 10.0, "attributes": {"LineHeight": 9.625, "SpaceAfter": 18}}, {"Bounds": [288.2489929199219, 701.6450042724609, 314.0070037841797, 712.3549957275391], "Font": {"alt_family_name": "Helvetica", "embedded": false, "encoding": "Custom", "family_name": "Helvetica", "font_type": "Type1", "italic": false, "monospaced": false, "name": "Helvetica-Bold", "subset": false, "weight": 700}, "HasClip": false, "Lang": "en", "ObjectID": 397, "Page": 4, "Path": "//Document/P[28]", "Text": "Table ", "TextSize": 9.0, "attributes": {"LineHeight": 10.75, "SpaceAfter": 6.125, "TextAlign": "Center"}}, {"Bounds": [77.99699401855469, 683.4199981689453, 295.7469940185547, 694.5800018310547], "Font": {"alt_family_name": "Times", "embedded": false, "encoding": "Custom", "family_name": "Times", "font_type": "Type1", "italic": false, "monospaced": false, "name": "Times-Roman", "subset": false, "weight": 400}, "HasClip": false, "Lang": "en", "ObjectID": 398, "Page": 4, "Path": "//Document/P[29]", "Text": "Demographic Characteristics of 24 Study Participants ", "TextSize": 10.0, "attributes": {"LineHeight": 12, "SpaceAfter": 15.125}}, {"Bounds": [83.45700073242188, 499.51849365234375, 515.3144989013672, 668.8235015869141], "ObjectID": 449, "Page": 4, "Path": "//Document/Table", "attributes": {"BBox": [77.5167999999976, 495.49199999999837, 519.6989999999932, 672.484999999986], "NumCol": 4, "NumRow": 10, "Placement": "Block", "SpaceAfter": 17.375}}, {"ObjectID": 563, "Path": "//Document/Table/TR/TH", "attributes": {"BBox": [77.27689999999711, 638.2859999999928, 335.86599999999453, 672.484999999986], "BlockAlign": "Before", "BorderColor": [null, [0, 0, 0], [0, 0, 0], null], "BorderStyle": ["None", "Solid", "Solid", "None"], "BorderThickness": [0, 0.125, 0.25, 0], "ColIndex": 0, "Height": 34.25, "InlineAlign": "Start", "RowIndex": 0, "Width": 258.625}}, {"Bounds": [341.79449462890625, 641.7259979248047, 393.8820037841797, 668.8235015869141], "ObjectID": 564, "Page": 4, "Path": "//Document/Table/TR/TH[2]", "attributes": {"BBox": [335.86599999999453, 638.2859999999928, 396.1039999999921, 672.7249999999767], "BlockAlign": "Middle", "BorderColor": [[0, 0, 0], [0, 0, 0], null, null], "BorderStyle": ["Solid", "Solid", "None", "None"], "BorderThickness": [0.25, 0.125, 0, 0], "ColIndex": 1, "Height": 34.5, "InlineAlign": "Center", "RowIndex": 0, "Width": 60.25}}, {"Bounds": [341.79449462890625, 641.7259979248047, 393.8820037841797, 668.8235015869141], "Font": {"alt_family_name": "Times", "embedded": false, "encoding": "Custom", "family_name": "Times", "font_type": "Type1", "italic": true, "monospaced": false, "name": "Times-BoldItalic", "subset": false, "weight": 700}, "HasClip": false, "Lang": "en", "ObjectID": 399, "Page": 4, "Path": "//Document/Table/TR/TH[2]/P", "Text": "Simulation Without Gloves (n = 24)a ", "TextSize": 7.5, "attributes": {"LineHeight": 9.25, "TextAlign": "Center"}}, {"Bounds": [402.00450134277344, 644.1634979248047, 457.8419952392578, 668.8159942626953], "ObjectID": 565, "Page": 4, "Path": "//Document/Table/TR/TH[3]", "attributes": {"BBox": [396.1039999999921, 638.2859999999928, 460.06099999998696, 672.7249999999767], "BlockAlign": "Middle", "BorderColor": [[0, 0, 0], [0, 0, 0], null, null], "BorderStyle": ["Solid", "Solid", "None", "None"], "BorderThickness": [0.25, 0.125, 0, 0], "ColIndex": 2, "Height": 34.5, "InlineAlign": "Center", "RowIndex": 0, "Width": 64}}, {"Bounds": [402.00450134277344, 644.1634979248047, 457.8419952392578, 668.8159942626953], "Font": {"alt_family_name": "Times", "embedded": false, "encoding": "Custom", "family_name": "Times", "font_type": "Type1", "italic": false, "monospaced": false, "name": "Times-Bold", "subset": false, "weight": 700}, "HasClip": false, "Lang": "en", "ObjectID": 401, "Page": 4, "Path": "//Document/Table/TR/TH[3]/P", "Text": "Sequential Urine Samples (n = 12) ", "TextSize": 7.5, "attributes": {"LineHeight": 8, "TextAlign": "Center"}}, {"Bounds": [469.81199645996094, 644.1634979248047, 511.48199462890625, 668.8085021972656], "ObjectID": 566, "Page": 4, "Path": "//Document/Table/TR/TH[4]", "attributes": {"BBox": [460.06099999998696, 638.2859999999928, 519.6989999999932, 672.484999999986], "BlockAlign": "Middle", "BorderColor": [null, [0, 0, 0], null, null], "BorderStyle": ["None", "Solid", "None", "None"], "BorderThickness": [0, 0.125, 0, 0], "ColIndex": 3, "Height": 34.25, "InlineAlign": "Center", "RowIndex": 0, "Width": 59.625}}, {"Bounds": [472.2044982910156, 644.1634979248047, 509.08949279785156, 668.8085021972656], "Font": {"alt_family_name": "Times", "embedded": false, "encoding": "Custom", "family_name": "Times", "font_type": "Type1", "italic": false, "monospaced": false, "name": "Times-Bold", "subset": false, "weight": 700}, "HasClip": false, "Lang": "en", "ObjectID": 402, "Page": 4, "Path": "//Document/Table/TR/TH[4]/P", "Text": "Simulation (n = 12) ", "TextSize": 7.5, "attributes": {"LineHeight": 16, "SpaceAfter": -16.875, "TextAlign": "Center"}}, {"Bounds": [469.81199645996094, 652.1660003662109, 511.48199462890625, 660.8135070800781], "Font": {"alt_family_name": "Times", "embedded": false, "encoding": "Custom", "family_name": "Times", "font_type": "Type1", "italic": false, "monospaced": false, "name": "Times-Bold", "subset": false, "weight": 700}, "HasClip": false, "Lang": "en", "ObjectID": 403, "Page": 4, "Path": "//Document/Table/TR/TH[4]/P[2]", "Text": "With Gloves ", "TextSize": 7.5, "attributes": {"LineHeight": 9}}, {"Bounds": [83.4945068359375, 626.8535003662109, 124.52699279785156, 635.2234954833984], "ObjectID": 559, "Page": 4, "Path": "//Document/Table/TR[2]/TH", "attributes": {"BBox": [77.27689999999711, 623.2869999999821, 519.9389999999839, 638.5259999999835], "BlockAlign": "Middle", "BorderColor": [0, 0, 0], "BorderStyle": "Solid", "BorderThickness": [0.125, 0.125, 0.25, 0.25], "ColIndex": 0, "ColSpan": 4, "Height": 15.25, "InlineAlign": "Start", "RowIndex": 1, "Width": 442.625}}, {"Bounds": [83.4945068359375, 626.8535003662109, 124.52699279785156, 635.2234954833984], "Font": {"alt_family_name": "Times", "embedded": false, "encoding": "Custom", "family_name": "Times", "font_type": "Type1", "italic": false, "monospaced": false, "name": "Times-Roman", "subset": false, "weight": 400}, "HasClip": false, "Lang": "en", "ObjectID": 404, "Page": 4, "Path": "//Document/Table/TR[2]/TH/P", "Text": "Sex, No. (%) ", "TextSize": 7.5, "attributes": {"LineHeight": 9}}, {"Bounds": [83.4945068359375, 609.4084930419922, 114.94949340820312, 620.2760009765625], "ObjectID": 543, "Page": 4, "Path": "//Document/Table/TR[3]/TH", "attributes": {"BBox": [77.27689999999711, 605.8879999999772, 335.86599999999453, 623.5269999999728], "BlockAlign": "Middle", "BorderColor": [[0, 0, 0], [0, 0, 0], [0, 0, 0], null], "BorderStyle": ["Solid", "Solid", "Solid", "None"], "BorderThickness": [0.125, 0.125, 0.25, 0], "ColIndex": 0, "Height": 17.625, "InlineAlign": "Start", "RowIndex": 2, "Width": 258.625}}, {"Bounds": [83.4945068359375, 609.4084930419922, 114.94949340820312, 620.2760009765625], "Font": {"alt_family_name": "Times", "embedded": false, "encoding": "Custom", "family_name": "Times", "font_type": "Type1", "italic": true, "monospaced": false, "name": "Times-Italic", "subset": false, "weight": 400}, "HasClip": false, "Lang": "en", "ObjectID": 405, "Page": 4, "Path": "//Document/Table/TR[3]/TH/P", "Text": "  Femalea ", "TextSize": 7.5, "attributes": {"LineHeight": 9}}, {"Bounds": [355.9544982910156, 611.8535003662109, 379.6994934082031, 620.2234954833984], "ObjectID": 544, "Page": 4, "Path": "//Document/Table/TR[3]/TD", "attributes": {"BBox": [335.86599999999453, 605.8879999999772, 396.1039999999921, 623.5269999999728], "BlockAlign": "Middle", "BorderColor": [[0, 0, 0], [0, 0, 0], null, null], "BorderStyle": ["Solid", "Solid", "None", "None"], "BorderThickness": [0.125, 0.125, 0, 0], "ColIndex": 1, "Height": 17.625, "InlineAlign": "Center", "RowIndex": 2, "Width": 60.25}}, {"Bounds": [355.9544982910156, 611.8535003662109, 379.6994934082031, 620.2234954833984], "Font": {"alt_family_name": "Times", "embedded": false, "encoding": "Custom", "family_name": "Times", "font_type": "Type1", "italic": false, "monospaced": false, "name": "Times-Roman", "subset": false, "weight": 400}, "HasClip": false, "Lang": "en", "ObjectID": 407, "Page": 4, "Path": "//Document/Table/TR[3]/TD/P", "Text": "19 (79) ", "TextSize": 7.5, "attributes": {"LineHeight": 9}}, {"Bounds": [419.9219970703125, 611.8535003662109, 439.91700744628906, 620.2234954833984], "ObjectID": 545, "Page": 4, "Path": "//Document/Table/TR[3]/TD[2]", "attributes": {"BBox": [396.1039999999921, 605.8879999999772, 460.06099999998696, 623.5269999999728], "BlockAlign": "Middle", "BorderColor": [[0, 0, 0], [0, 0, 0], null, null], "BorderStyle": ["Solid", "Solid", "None", "None"], "BorderThickness": [0.125, 0.125, 0, 0], "ColIndex": 2, "Height": 17.625, "InlineAlign": "Center", "RowIndex": 2, "Width": 64}}, {"Bounds": [419.9219970703125, 611.8535003662109, 439.91700744628906, 620.2234954833984], "Font": {"alt_family_name": "Times", "embedded": false, "encoding": "Custom", "family_name": "Times", "font_type": "Type1", "italic": false, "monospaced": false, "name": "Times-Roman", "subset": false, "weight": 400}, "HasClip": false, "Lang": "en", "ObjectID": 408, "Page": 4, "Path": "//Document/Table/TR[3]/TD[2]/P", "Text": "8 (67) ", "TextSize": 7.5, "attributes": {"LineHeight": 9}}, {"Bounds": [480.6495056152344, 611.8535003662109, 500.6445007324219, 620.2234954833984], "ObjectID": 546, "Page": 4, "Path": "//Document/Table/TR[3]/TD[3]", "attributes": {"BBox": [460.06099999998696, 605.8879999999772, 519.9389999999839, 623.5269999999728], "BlockAlign": "Middle", "BorderColor": [[0, 0, 0], [0, 0, 0], null, [0, 0, 0]], "BorderStyle": ["Solid", "Solid", "None", "Solid"], "BorderThickness": [0.125, 0.125, 0, 0.25], "ColIndex": 3, "Height": 17.625, "InlineAlign": "Center", "RowIndex": 2, "Width": 59.875}}, {"Bounds": [480.6495056152344, 611.8535003662109, 500.6445007324219, 620.2234954833984], "Font": {"alt_family_name": "Times", "embedded": false, "encoding": "Custom", "family_name": "Times", "font_type": "Type1", "italic": false, "monospaced": false, "name": "Times-Roman", "subset": false, "weight": 400}, "HasClip": false, "Lang": "en", "ObjectID": 409, "Page": 4, "Path": "//Document/Table/TR[3]/TD[3]/P", "Text": "9 (75) ", "TextSize": 7.5, "attributes": {"LineHeight": 9}}, {"Bounds": [83.4945068359375, 594.4084930419922, 104.53199768066406, 602.7785034179688], "ObjectID": 527, "Page": 4, "Path": "//Document/Table/TR[4]/TH", "attributes": {"BBox": [77.27689999999711, 590.8879999999772, 335.86599999999453, 606.127999999997], "BlockAlign": "Middle", "BorderColor": [[0, 0, 0], [0, 0, 0], [0, 0, 0], null], "BorderStyle": ["Solid", "Solid", "Solid", "None"], "BorderThickness": [0.125, 0.125, 0.25, 0], "ColIndex": 0, "Height": 15.25, "InlineAlign": "Start", "RowIndex": 3, "Width": 258.625}}, {"Bounds": [83.4945068359375, 594.4084930419922, 104.53199768066406, 602.7785034179688], "Font": {"alt_family_name": "Times", "embedded": false, "encoding": "Custom", "family_name": "Times", "font_type": "Type1", "italic": false, "monospaced": false, "name": "Times-Roman", "subset": false, "weight": 400}, "HasClip": false, "Lang": "en", "ObjectID": 410, "Page": 4, "Path": "//Document/Table/TR[4]/TH/P", "Text": "  Male ", "TextSize": 7.5, "attributes": {"LineHeight": 9}}, {"Bounds": [357.8294982910156, 594.4084930419922, 377.8244934082031, 602.7785034179688], "ObjectID": 528, "Page": 4, "Path": "//Document/Table/TR[4]/TD", "attributes": {"BBox": [335.86599999999453, 590.8879999999772, 396.1039999999921, 606.127999999997], "BlockAlign": "Middle", "BorderColor": [[0, 0, 0], [0, 0, 0], null, null], "BorderStyle": ["Solid", "Solid", "None", "None"], "BorderThickness": [0.125, 0.125, 0, 0], "ColIndex": 1, "Height": 15.25, "InlineAlign": "Center", "RowIndex": 3, "Width": 60.25}}, {"Bounds": [357.8294982910156, 594.4084930419922, 377.8244934082031, 602.7785034179688], "Font": {"alt_family_name": "Times", "embedded": false, "encoding": "Custom", "family_name": "Times", "font_type": "Type1", "italic": false, "monospaced": false, "name": "Times-Roman", "subset": false, "weight": 400}, "HasClip": false, "Lang": "en", "ObjectID": 411, "Page": 4, "Path": "//Document/Table/TR[4]/TD/P", "Text": "5 (21) ", "TextSize": 7.5, "attributes": {"LineHeight": 9}}, {"Bounds": [419.9145050048828, 594.4084930419922, 439.9095001220703, 602.7785034179688], "ObjectID": 529, "Page": 4, "Path": "//Document/Table/TR[4]/TD[2]", "attributes": {"BBox": [396.1039999999921, 590.8879999999772, 460.06099999998696, 606.127999999997], "BlockAlign": "Middle", "BorderColor": [[0, 0, 0], [0, 0, 0], null, null], "BorderStyle": ["Solid", "Solid", "None", "None"], "BorderThickness": [0.125, 0.125, 0, 0], "ColIndex": 2, "Height": 15.25, "InlineAlign": "Center", "RowIndex": 3, "Width": 64}}, {"Bounds": [419.9145050048828, 594.4084930419922, 439.9095001220703, 602.7785034179688], "Font": {"alt_family_name": "Times", "embedded": false, "encoding": "Custom", "family_name": "Times", "font_type": "Type1", "italic": false, "monospaced": false, "name": "Times-Roman", "subset": false, "weight": 400}, "HasClip": false, "Lang": "en", "ObjectID": 412, "Page": 4, "Path": "//Document/Table/TR[4]/TD[2]/P", "Text": "4 (33) ", "TextSize": 7.5, "attributes": {"LineHeight": 9}}, {"Bounds": [480.6419982910156, 594.4084930419922, 500.6369934082031, 602.7785034179688], "ObjectID": 530, "Page": 4, "Path": "//Document/Table/TR[4]/TD[3]", "attributes": {"BBox": [460.06099999998696, 590.8879999999772, 519.9389999999839, 606.127999999997], "BlockAlign": "Middle", "BorderColor": [[0, 0, 0], [0, 0, 0], null, [0, 0, 0]], "BorderStyle": ["Solid", "Solid", "None", "Solid"], "BorderThickness": [0.125, 0.125, 0, 0.25], "ColIndex": 3, "Height": 15.25, "InlineAlign": "Center", "RowIndex": 3, "Width": 59.875}}, {"Bounds": [480.6419982910156, 594.4084930419922, 500.6369934082031, 602.7785034179688], "Font": {"alt_family_name": "Times", "embedded": false, "encoding": "Custom", "family_name": "Times", "font_type": "Type1", "italic": false, "monospaced": false, "name": "Times-Roman", "subset": false, "weight": 400}, "HasClip": false, "Lang": "en", "ObjectID": 413, "Page": 4, "Path": "//Document/Table/TR[4]/TD[3]/P", "Text": "3 (25) ", "TextSize": 7.5, "attributes": {"LineHeight": 9}}, {"Bounds": [83.48699951171875, 579.4084930419922, 165.33450317382812, 587.7785034179688], "ObjectID": 511, "Page": 4, "Path": "//Document/Table/TR[5]/TH", "attributes": {"BBox": [77.27689999999711, 575.8889999999956, 335.86599999999453, 591.127999999997], "BlockAlign": "Middle", "BorderColor": [[0, 0, 0], [0, 0, 0], [0, 0, 0], null], "BorderStyle": ["Solid", "Solid", "Solid", "None"], "BorderThickness": [0.125, 0.125, 0.25, 0], "ColIndex": 0, "Height": 15.25, "InlineAlign": "Start", "RowIndex": 4, "Width": 258.625}}, {"Bounds": [83.48699951171875, 579.4084930419922, 165.33450317382812, 587.7785034179688], "Font": {"alt_family_name": "Times", "embedded": false, "encoding": "Custom", "family_name": "Times", "font_type": "Type1", "italic": false, "monospaced": false, "name": "Times-Roman", "subset": false, "weight": 400}, "HasClip": false, "Lang": "en", "ObjectID": 414, "Page": 4, "Path": "//Document/Table/TR[5]/TH/P", "Text": "Age, mean (SD) [range], y ", "TextSize": 7.5, "attributes": {"LineHeight": 9}}, {"Bounds": [343.1369934082031, 579.4084930419922, 392.5019989013672, 587.7785034179688], "ObjectID": 512, "Page": 4, "Path": "//Document/Table/TR[5]/TD", "attributes": {"BBox": [335.86599999999453, 575.8889999999956, 396.1039999999921, 591.127999999997], "BlockAlign": "Middle", "BorderColor": [[0, 0, 0], [0, 0, 0], null, null], "BorderStyle": ["Solid", "Solid", "None", "None"], "BorderThickness": [0.125, 0.125, 0, 0], "ColIndex": 1, "Height": 15.25, "InlineAlign": "Center", "RowIndex": 4, "Width": 60.25}}, {"Bounds": [343.1369934082031, 579.4084930419922, 392.5019989013672, 587.7785034179688], "Font": {"alt_family_name": "Times", "embedded": false, "encoding": "Custom", "family_name": "Times", "font_type": "Type1", "italic": false, "monospaced": false, "name": "Times-Roman", "subset": false, "weight": 400}, "HasClip": false, "Lang": "en", "ObjectID": 415, "Page": 4, "Path": "//Document/Table/TR[5]/TD/P", "Text": "35 (12) [26\u201371] ", "TextSize": 7.5, "attributes": {"LineHeight": 9}}, {"Bounds": [405.2220001220703, 579.4084930419922, 454.5870056152344, 587.7785034179688], "ObjectID": 513, "Page": 4, "Path": "//Document/Table/TR[5]/TD[2]", "attributes": {"BBox": [396.1039999999921, 575.8889999999956, 460.06099999998696, 591.127999999997], "BlockAlign": "Middle", "BorderColor": [[0, 0, 0], [0, 0, 0], null, null], "BorderStyle": ["Solid", "Solid", "None", "None"], "BorderThickness": [0.125, 0.125, 0, 0], "ColIndex": 2, "Height": 15.25, "InlineAlign": "Center", "RowIndex": 4, "Width": 64}}, {"Bounds": [405.2220001220703, 579.4084930419922, 454.5870056152344, 587.7785034179688], "Font": {"alt_family_name": "Times", "embedded": false, "encoding": "Custom", "family_name": "Times", "font_type": "Type1", "italic": false, "monospaced": false, "name": "Times-Roman", "subset": false, "weight": 400}, "HasClip": false, "Lang": "en", "ObjectID": 416, "Page": 4, "Path": "//Document/Table/TR[5]/TD[2]/P", "Text": "33 (12) [26\u201371] ", "TextSize": 7.5, "attributes": {"LineHeight": 9}}, {"Bounds": [465.9494934082031, 579.4084930419922, 515.3144989013672, 587.7785034179688], "ObjectID": 514, "Page": 4, "Path": "//Document/Table/TR[5]/TD[3]", "attributes": {"BBox": [460.06099999998696, 575.8889999999956, 519.9389999999839, 591.127999999997], "BlockAlign": "Middle", "BorderColor": [[0, 0, 0], [0, 0, 0], null, [0, 0, 0]], "BorderStyle": ["Solid", "Solid", "None", "Solid"], "BorderThickness": [0.125, 0.125, 0, 0.25], "ColIndex": 3, "Height": 15.25, "InlineAlign": "Center", "RowIndex": 4, "Width": 59.875}}, {"Bounds": [465.9494934082031, 579.4084930419922, 515.3144989013672, 587.7785034179688], "Font": {"alt_family_name": "Times", "embedded": false, "encoding": "Custom", "family_name": "Times", "font_type": "Type1", "italic": false, "monospaced": false, "name": "Times-Roman", "subset": false, "weight": 400}, "HasClip": false, "Lang": "en", "ObjectID": 417, "Page": 4, "Path": "//Document/Table/TR[5]/TD[3]/P", "Text": "34 (13) [26\u201371] ", "TextSize": 7.5, "attributes": {"LineHeight": 9}}, {"Bounds": [83.47950744628906, 564.4084930419922, 140.76449584960938, 572.7785034179688], "ObjectID": 507, "Page": 4, "Path": "//Document/Table/TR[6]/TH", "attributes": {"BBox": [77.27689999999711, 560.8889999999956, 519.9389999999839, 576.1289999999863], "BlockAlign": "Middle", "BorderColor": [0, 0, 0], "BorderStyle": "Solid", "BorderThickness": [0.125, 0.125, 0.25, 0.25], "ColIndex": 0, "ColSpan": 4, "Height": 15.25, "InlineAlign": "Start", "RowIndex": 5, "Width": 442.625}}, {"Bounds": [83.47950744628906, 564.4084930419922, 140.76449584960938, 572.7785034179688], "Font": {"alt_family_name": "Times", "embedded": false, "encoding": "Custom", "family_name": "Times", "font_type": "Type1", "italic": false, "monospaced": false, "name": "Times-Roman", "subset": false, "weight": 400}, "HasClip": false, "Lang": "en", "ObjectID": 418, "Page": 4, "Path": "//Document/Table/TR[6]/TH/P", "Text": "Ethnicity, No. (%) ", "TextSize": 7.5, "attributes": {"LineHeight": 9}}, {"Bounds": [83.47950744628906, 546.9635009765625, 111.18449401855469, 557.8309936523438], "ObjectID": 491, "Page": 4, "Path": "//Document/Table/TR[7]/TH", "attributes": {"BBox": [77.27689999999711, 543.3699999999953, 335.86599999999453, 561.1289999999863], "BlockAlign": "Middle", "BorderColor": [[0, 0, 0], [0, 0, 0], [0, 0, 0], null], "BorderStyle": ["Solid", "Solid", "Solid", "None"], "BorderThickness": [0.125, 0.125, 0.25, 0], "ColIndex": 0, "Height": 17.75, "InlineAlign": "Start", "RowIndex": 6, "Width": 258.625}}, {"Bounds": [83.47950744628906, 546.9635009765625, 111.18449401855469, 557.8309936523438], "Font": {"alt_family_name": "Times", "embedded": false, "encoding": "Custom", "family_name": "Times", "font_type": "Type1", "italic": true, "monospaced": false, "name": "Times-Italic", "subset": false, "weight": 400}, "HasClip": false, "Lang": "en", "ObjectID": 419, "Page": 4, "Path": "//Document/Table/TR[7]/TH/P", "Text": "  Whitea ", "TextSize": 7.5, "attributes": {"LineHeight": 9}}, {"Bounds": [355.9394989013672, 549.4084930419922, 379.6844940185547, 557.7785034179688], "ObjectID": 492, "Page": 4, "Path": "//Document/Table/TR[7]/TD", "attributes": {"BBox": [335.86599999999453, 543.3699999999953, 396.1039999999921, 561.1289999999863], "BlockAlign": "Middle", "BorderColor": [[0, 0, 0], [0, 0, 0], null, null], "BorderStyle": ["Solid", "Solid", "None", "None"], "BorderThickness": [0.125, 0.125, 0, 0], "ColIndex": 1, "Height": 17.75, "InlineAlign": "Center", "RowIndex": 6, "Width": 60.25}}, {"Bounds": [355.9394989013672, 549.4084930419922, 379.6844940185547, 557.7785034179688], "Font": {"alt_family_name": "Times", "embedded": false, "encoding": "Custom", "family_name": "Times", "font_type": "Type1", "italic": false, "monospaced": false, "name": "Times-Roman", "subset": false, "weight": 400}, "HasClip": false, "Lang": "en", "ObjectID": 421, "Page": 4, "Path": "//Document/Table/TR[7]/TD/P", "Text": "15 (63) ", "TextSize": 7.5, "attributes": {"LineHeight": 9}}, {"Bounds": [419.8995056152344, 549.4084930419922, 439.8945007324219, 557.7785034179688], "ObjectID": 493, "Page": 4, "Path": "//Document/Table/TR[7]/TD[2]", "attributes": {"BBox": [396.1039999999921, 543.3699999999953, 460.06099999998696, 561.1289999999863], "BlockAlign": "Middle", "BorderColor": [[0, 0, 0], [0, 0, 0], null, null], "BorderStyle": ["Solid", "Solid", "None", "None"], "BorderThickness": [0.125, 0.125, 0, 0], "ColIndex": 2, "Height": 17.75, "InlineAlign": "Center", "RowIndex": 6, "Width": 64}}, {"Bounds": [419.8995056152344, 549.4084930419922, 439.8945007324219, 557.7785034179688], "Font": {"alt_family_name": "Times", "embedded": false, "encoding": "Custom", "family_name": "Times", "font_type": "Type1", "italic": false, "monospaced": false, "name": "Times-Roman", "subset": false, "weight": 400}, "HasClip": false, "Lang": "en", "ObjectID": 422, "Page": 4, "Path": "//Document/Table/TR[7]/TD[2]/P", "Text": "9 (75) ", "TextSize": 7.5, "attributes": {"LineHeight": 9}}, {"Bounds": [480.6269989013672, 549.4084930419922, 500.6219940185547, 557.7785034179688], "ObjectID": 494, "Page": 4, "Path": "//Document/Table/TR[7]/TD[3]", "attributes": {"BBox": [460.06099999998696, 543.3699999999953, 519.9389999999839, 561.1289999999863], "BlockAlign": "Middle", "BorderColor": [[0, 0, 0], [0, 0, 0], null, [0, 0, 0]], "BorderStyle": ["Solid", "Solid", "None", "Solid"], "BorderThickness": [0.125, 0.125, 0, 0.25], "ColIndex": 3, "Height": 17.75, "InlineAlign": "Center", "RowIndex": 6, "Width": 59.875}}, {"Bounds": [480.6269989013672, 549.4084930419922, 500.6219940185547, 557.7785034179688], "Font": {"alt_family_name": "Times", "embedded": false, "encoding": "Custom", "family_name": "Times", "font_type": "Type1", "italic": false, "monospaced": false, "name": "Times-Roman", "subset": false, "weight": 400}, "HasClip": false, "Lang": "en", "ObjectID": 423, "Page": 4, "Path": "//Document/Table/TR[7]/TD[3]/P", "Text": "7 (58) ", "TextSize": 7.5, "attributes": {"LineHeight": 9}}, {"Bounds": [83.47200012207031, 531.9635009765625, 106.59449768066406, 540.33349609375], "ObjectID": 475, "Page": 4, "Path": "//Document/Table/TR[8]/TH", "attributes": {"BBox": [77.27689999999711, 528.3709999999846, 335.86599999999453, 543.609999999986], "BlockAlign": "Middle", "BorderColor": [[0, 0, 0], [0, 0, 0], [0, 0, 0], null], "BorderStyle": ["Solid", "Solid", "Solid", "None"], "BorderThickness": [0.125, 0.125, 0.25, 0], "ColIndex": 0, "Height": 15.25, "InlineAlign": "Start", "RowIndex": 7, "Width": 258.625}}, {"Bounds": [83.47200012207031, 531.9635009765625, 106.59449768066406, 540.33349609375], "Font": {"alt_family_name": "Times", "embedded": false, "encoding": "Custom", "family_name": "Times", "font_type": "Type1", "italic": false, "monospaced": false, "name": "Times-Roman", "subset": false, "weight": 400}, "HasClip": false, "Lang": "en", "ObjectID": 424, "Page": 4, "Path": "//Document/Table/TR[8]/TH/P", "Text": "  Black ", "TextSize": 7.5, "attributes": {"LineHeight": 9}}, {"Bounds": [357.8070068359375, 531.9635009765625, 377.802001953125, 540.33349609375], "ObjectID": 476, "Page": 4, "Path": "//Document/Table/TR[8]/TD", "attributes": {"BBox": [335.86599999999453, 528.3709999999846, 396.1039999999921, 543.609999999986], "BlockAlign": "Middle", "BorderColor": [[0, 0, 0], [0, 0, 0], null, null], "BorderStyle": ["Solid", "Solid", "None", "None"], "BorderThickness": [0.125, 0.125, 0, 0], "ColIndex": 1, "Height": 15.25, "InlineAlign": "Center", "RowIndex": 7, "Width": 60.25}}, {"Bounds": [357.8070068359375, 531.9635009765625, 377.802001953125, 540.33349609375], "Font": {"alt_family_name": "Times", "embedded": false, "encoding": "Custom", "family_name": "Times", "font_type": "Type1", "italic": false, "monospaced": false, "name": "Times-Roman", "subset": false, "weight": 400}, "HasClip": false, "Lang": "en", "ObjectID": 425, "Page": 4, "Path": "//Document/Table/TR[8]/TD/P", "Text": "5 (21) ", "TextSize": 7.5, "attributes": {"LineHeight": 9}}, {"Bounds": [419.8919982910156, 531.9635009765625, 439.8869934082031, 540.33349609375], "ObjectID": 477, "Page": 4, "Path": "//Document/Table/TR[8]/TD[2]", "attributes": {"BBox": [396.1039999999921, 528.3709999999846, 460.06099999998696, 543.609999999986], "BlockAlign": "Middle", "BorderColor": [[0, 0, 0], [0, 0, 0], null, null], "BorderStyle": ["Solid", "Solid", "None", "None"], "BorderThickness": [0.125, 0.125, 0, 0], "ColIndex": 2, "Height": 15.25, "InlineAlign": "Center", "RowIndex": 7, "Width": 64}}, {"Bounds": [419.8919982910156, 531.9635009765625, 439.8869934082031, 540.33349609375], "Font": {"alt_family_name": "Times", "embedded": false, "encoding": "Custom", "family_name": "Times", "font_type": "Type1", "italic": false, "monospaced": false, "name": "Times-Roman", "subset": false, "weight": 400}, "HasClip": false, "Lang": "en", "ObjectID": 426, "Page": 4, "Path": "//Document/Table/TR[8]/TD[2]/P", "Text": "2 (17) ", "TextSize": 7.5, "attributes": {"LineHeight": 9}}, {"Bounds": [480.6195068359375, 531.9635009765625, 500.614501953125, 540.33349609375], "ObjectID": 478, "Page": 4, "Path": "//Document/Table/TR[8]/TD[3]", "attributes": {"BBox": [460.06099999998696, 528.3709999999846, 519.9389999999839, 543.609999999986], "BlockAlign": "Middle", "BorderColor": [[0, 0, 0], [0, 0, 0], null, [0, 0, 0]], "BorderStyle": ["Solid", "Solid", "None", "Solid"], "BorderThickness": [0.125, 0.125, 0, 0.25], "ColIndex": 3, "Height": 15.25, "InlineAlign": "Center", "RowIndex": 7, "Width": 59.875}}, {"Bounds": [480.6195068359375, 531.9635009765625, 500.614501953125, 540.33349609375], "Font": {"alt_family_name": "Times", "embedded": false, "encoding": "Custom", "family_name": "Times", "font_type": "Type1", "italic": false, "monospaced": false, "name": "Times-Roman", "subset": false, "weight": 400}, "HasClip": false, "Lang": "en", "ObjectID": 427, "Page": 4, "Path": "//Document/Table/TR[8]/TD[3]/P", "Text": "2 (17) ", "TextSize": 7.5, "attributes": {"LineHeight": 9}}, {"Bounds": [83.46449279785156, 516.9635009765625, 106.58700561523438, 525.33349609375], "ObjectID": 459, "Page": 4, "Path": "//Document/Table/TR[9]/TH", "attributes": {"BBox": [77.27689999999711, 513.3709999999846, 335.86599999999453, 528.6109999999753], "BlockAlign": "Middle", "BorderColor": [[0, 0, 0], [0, 0, 0], [0, 0, 0], null], "BorderStyle": ["Solid", "Solid", "Solid", "None"], "BorderThickness": [0.125, 0.125, 0.25, 0], "ColIndex": 0, "Height": 15.25, "InlineAlign": "Start", "RowIndex": 8, "Width": 258.625}}, {"Bounds": [83.46449279785156, 516.9635009765625, 106.58700561523438, 525.33349609375], "Font": {"alt_family_name": "Times", "embedded": false, "encoding": "Custom", "family_name": "Times", "font_type": "Type1", "italic": false, "monospaced": false, "name": "Times-Roman", "subset": false, "weight": 400}, "HasClip": false, "Lang": "en", "ObjectID": 428, "Page": 4, "Path": "//Document/Table/TR[9]/TH/P", "Text": "  Asian ", "TextSize": 7.5, "attributes": {"LineHeight": 9}}, {"Bounds": [357.79949951171875, 516.9635009765625, 377.79449462890625, 525.33349609375], "ObjectID": 460, "Page": 4, "Path": "//Document/Table/TR[9]/TD", "attributes": {"BBox": [335.86599999999453, 513.3709999999846, 396.1039999999921, 528.6109999999753], "BlockAlign": "Middle", "BorderColor": [[0, 0, 0], [0, 0, 0], null, null], "BorderStyle": ["Solid", "Solid", "None", "None"], "BorderThickness": [0.125, 0.125, 0, 0], "ColIndex": 1, "Height": 15.25, "InlineAlign": "Center", "RowIndex": 8, "Width": 60.25}}, {"Bounds": [357.79949951171875, 516.9635009765625, 377.79449462890625, 525.33349609375], "Font": {"alt_family_name": "Times", "embedded": false, "encoding": "Custom", "family_name": "Times", "font_type": "Type1", "italic": false, "monospaced": false, "name": "Times-Roman", "subset": false, "weight": 400}, "HasClip": false, "Lang": "en", "ObjectID": 429, "Page": 4, "Path": "//Document/Table/TR[9]/TD/P", "Text": "4 (17) ", "TextSize": 7.5, "attributes": {"LineHeight": 9}}, {"Bounds": [421.75950622558594, 516.9635009765625, 438.00450134277344, 525.33349609375], "ObjectID": 461, "Page": 4, "Path": "//Document/Table/TR[9]/TD[2]", "attributes": {"BBox": [396.1039999999921, 513.3709999999846, 460.06099999998696, 528.6109999999753], "BlockAlign": "Middle", "BorderColor": [[0, 0, 0], [0, 0, 0], null, null], "BorderStyle": ["Solid", "Solid", "None", "None"], "BorderThickness": [0.125, 0.125, 0, 0], "ColIndex": 2, "Height": 15.25, "InlineAlign": "Center", "RowIndex": 8, "Width": 64}}, {"Bounds": [421.75950622558594, 516.9635009765625, 438.00450134277344, 525.33349609375], "Font": {"alt_family_name": "Times", "embedded": false, "encoding": "Custom", "family_name": "Times", "font_type": "Type1", "italic": false, "monospaced": false, "name": "Times-Roman", "subset": false, "weight": 400}, "HasClip": false, "Lang": "en", "ObjectID": 430, "Page": 4, "Path": "//Document/Table/TR[9]/TD[2]/P", "Text": "1 (1) ", "TextSize": 7.5, "attributes": {"LineHeight": 9}}, {"Bounds": [480.61199951171875, 516.9635009765625, 500.60699462890625, 525.33349609375], "ObjectID": 462, "Page": 4, "Path": "//Document/Table/TR[9]/TD[3]", "attributes": {"BBox": [460.06099999998696, 513.3709999999846, 519.9389999999839, 528.6109999999753], "BlockAlign": "Middle", "BorderColor": [[0, 0, 0], [0, 0, 0], null, [0, 0, 0]], "BorderStyle": ["Solid", "Solid", "None", "Solid"], "BorderThickness": [0.125, 0.125, 0, 0.25], "ColIndex": 3, "Height": 15.25, "InlineAlign": "Center", "RowIndex": 8, "Width": 59.875}}, {"Bounds": [480.61199951171875, 516.9635009765625, 500.60699462890625, 525.33349609375], "Font": {"alt_family_name": "Times", "embedded": false, "encoding": "Custom", "family_name": "Times", "font_type": "Type1", "italic": false, "monospaced": false, "name": "Times-Roman", "subset": false, "weight": 400}, "HasClip": false, "Lang": "en", "ObjectID": 431, "Page": 4, "Path": "//Document/Table/TR[9]/TD[3]/P", "Text": "3 (25) ", "TextSize": 7.5, "attributes": {"LineHeight": 9}}, {"Bounds": [83.45700073242188, 501.9635009765625, 333.6269989013672, 510.33349609375], "ObjectID": 582, "Page": 4, "Path": "//Document/Table/TR[10]/TH", "attributes": {"BBox": [77.5167999999976, 495.49199999999837, 335.86599999999453, 513.6109999999753], "BlockAlign": "Middle", "BorderColor": [[0, 0, 0], null, null, null], "BorderStyle": ["Solid", "None", "None", "None"], "BorderThickness": [0.125, 0, 0, 0], "ColIndex": 0, "Height": 18.125, "InlineAlign": "Start", "RowIndex": 9, "Width": 258.375}}, {"Bounds": [83.45700073242188, 501.9635009765625, 333.6269989013672, 510.33349609375], "Font": {"alt_family_name": "Times", "embedded": false, "encoding": "Custom", "family_name": "Times", "font_type": "Type1", "italic": false, "monospaced": false, "name": "Times-Roman", "subset": false, "weight": 400}, "HasClip": false, "Lang": "en", "ObjectID": 432, "Page": 4, "Path": "//Document/Table/TR[10]/TH/P", "Text": "Specific gravity\u2013adjusted bisphenol A at baseline, geometric mean (95% CI), \u00b5g/L ", "TextSize": 7.5, "attributes": {"LineHeight": 9}}, {"Bounds": [347.47950744628906, 501.9635009765625, 388.09950256347656, 510.33349609375], "ObjectID": 583, "Page": 4, "Path": "//Document/Table/TR[10]/TD", "attributes": {"BBox": [335.86599999999453, 495.25199999999313, 396.1039999999921, 513.6109999999753], "BlockAlign": "Middle", "BorderColor": [[0, 0, 0], [0, 0, 0], null, null], "BorderStyle": ["Solid", "Solid", "None", "None"], "BorderThickness": [0.125, 0.25, 0, 0], "ColIndex": 1, "Height": 18.375, "InlineAlign": "Center", "RowIndex": 9, "Width": 60.25}}, {"Bounds": [347.47950744628906, 501.9635009765625, 388.09950256347656, 510.33349609375], "Font": {"alt_family_name": "Times", "embedded": false, "encoding": "Custom", "family_name": "Times", "font_type": "Type1", "italic": false, "monospaced": false, "name": "Times-Roman", "subset": false, "weight": 400}, "HasClip": false, "Lang": "en", "ObjectID": 433, "Page": 4, "Path": "//Document/Table/TR[10]/TD/P", "Text": "1.8 (1.3\u20132.4) ", "TextSize": 7.5, "attributes": {"LineHeight": 9}}, {"Bounds": [409.5644989013672, 501.9635009765625, 450.1844940185547, 510.33349609375], "ObjectID": 584, "Page": 4, "Path": "//Document/Table/TR[10]/TD[2]", "attributes": {"BBox": [396.1039999999921, 495.25199999999313, 460.06099999998696, 513.6109999999753], "BlockAlign": "Middle", "BorderColor": [[0, 0, 0], [0, 0, 0], null, null], "BorderStyle": ["Solid", "Solid", "None", "None"], "BorderThickness": [0.125, 0.25, 0, 0], "ColIndex": 2, "Height": 18.375, "InlineAlign": "Center", "RowIndex": 9, "Width": 64}}, {"Bounds": [409.5644989013672, 501.9635009765625, 450.1844940185547, 510.33349609375], "Font": {"alt_family_name": "Times", "embedded": false, "encoding": "Custom", "family_name": "Times", "font_type": "Type1", "italic": false, "monospaced": false, "name": "Times-Roman", "subset": false, "weight": 400}, "HasClip": false, "Lang": "en", "ObjectID": 434, "Page": 4, "Path": "//Document/Table/TR[10]/TD[2]/P", "Text": "2.1 (1.4\u20133.3) ", "TextSize": 7.5, "attributes": {"LineHeight": 9}}, {"Bounds": [468.41700744628906, 499.51849365234375, 512.7870025634766, 510.38600158691406], "ObjectID": 447, "Page": 4, "Path": "//Document/Table/TR[10]/TD[3]", "attributes": {"BBox": [460.06099999998696, 495.49199999999837, 519.6989999999932, 513.6109999999753], "BlockAlign": "Middle", "BorderColor": [[0, 0, 0], null, null, null], "BorderStyle": ["Solid", "None", "None", "None"], "BorderThickness": [0.125, 0, 0, 0], "ColIndex": 3, "Height": 18.125, "InlineAlign": "Center", "RowIndex": 9, "Width": 59.625}}, {"Bounds": [468.41700744628906, 499.51849365234375, 512.7870025634766, 510.38600158691406], "Font": {"alt_family_name": "Times", "embedded": false, "encoding": "Custom", "family_name": "Times", "font_type": "Type1", "italic": true, "monospaced": false, "name": "Times-Italic", "subset": false, "weight": 400}, "HasClip": false, "Lang": "en", "ObjectID": 435, "Page": 4, "Path": "//Document/Table/TR[10]/TD[3]/P", "Text": "1.3 (0.8\u20132.1)b ", "TextSize": 7.5, "attributes": {"LineHeight": 9}}, {"Bounds": [78.0, 454.15550231933594, 517.0724945068359, 490.447998046875], "Font": {"alt_family_name": "Times", "embedded": false, "encoding": "Custom", "family_name": "Times", "font_type": "Type1", "italic": false, "monospaced": false, "name": "Times-Roman", "subset": false, "weight": 400}, "HasClip": false, "Lang": "en", "ObjectID": 437, "Page": 4, "Path": "//Document/Footnote[3]", "Text": "a One participant was excluded from final analyses because of high background exposure to bisphenol A from consuming 4 cans of cold beverage (had urinary-specific gravity\u2013adjusted bisphenol A concentration 25-fold higher than the National Health and Nutrition Examination Survey 2009-2010 geometric mean of 1.83 \u00b5g/L6). ", "TextSize": 7.5, "attributes": {"LineHeight": 9.375, "SpaceAfter": 8.875}}, {"Bounds": [78.00250244140625, 435.20550537109375, 421.57000732421875, 448.5780029296875], "Font": {"alt_family_name": "Times", "embedded": false, "encoding": "Custom", "family_name": "Times", "font_type": "Type1", "italic": true, "monospaced": false, "name": "Times-Italic", "subset": false, "weight": 400}, "HasClip": false, "Lang": "en", "ObjectID": 439, "Page": 4, "Path": "//Document/Footnote[4]", "Text": "b There was no statistically significant baseline difference for simulations with gloves vs without gloves (P = .76). ", "TextSize": 7.5, "attributes": {"LineHeight": 5, "SpaceAfter": 18}}], "pages": [{"boxes": {"CropBox": [0.0, 0.0, 612.0, 792.0], "MediaBox": [0.0, 0.0, 612.0, 792.0]}, "height": 792.0, "is_scanned": false, "page_number": 0, "rotation": 0, "width": 612.0}, {"boxes": {"CropBox": [0.0, 0.0, 612.0, 792.0], "MediaBox": [0.0, 0.0, 612.0, 792.0]}, "height": 792.0, "is_scanned": false, "page_number": 1, "rotation": 0, "width": 612.0}, {"boxes": {"CropBox": [0.0, 0.0, 612.0, 792.0], "MediaBox": [0.0, 0.0, 612.0, 792.0]}, "height": 792.0, "is_scanned": false, "page_number": 2, "rotation": 0, "width": 612.0}, {"boxes": {"CropBox": [0.0, 0.0, 612.0, 792.0], "MediaBox": [0.0, 0.0, 612.0, 792.0]}, "height": 792.0, "is_scanned": false, "page_number": 3, "rotation": 0, "width": 612.0}, {"boxes": {"CropBox": [0.0, 0.0, 612.0, 792.0], "MediaBox": [0.0, 0.0, 612.0, 792.0]}, "height": 792.0, "is_scanned": false, "page_number": 4, "rotation": 0, "width": 612.0}]}