{"version": {"json_export": "219", "page_segmentation": "55", "schema": "1.1.0", "structure": "1.1155.0", "table_structure": "5"}, "extended_metadata": {"ID_instance": "C5 FF 19 4F 77 BC B2 11 0A 00 A9 B5 46 50 08 8A ", "ID_permanent": "86 EA 2A 11 50 9C 9D 47 AB F7 24 C7 8B 33 62 AF ", "has_acroform": false, "has_embedded_files": false, "is_XFA": false, "is_certified": false, "is_encrypted": false, "is_digitally_signed": false, "language": "en", "page_count": 1, "pdf_version": "1.7", "pdfa_compliance_level": "", "pdfua_compliance_level": ""}, "elements": [{"Bounds": [43.02360534667969, 748.997802734375, 124.0115966796875, 763.6618041992188], "Font": {"alt_family_name": "Shaker 2 Lancet", "embedded": true, "encoding": "WinAnsiEncoding", "family_name": "Shaker 2 Lancet", "font_type": "Type1", "italic": false, "monospaced": false, "name": "MVYIMQ+Shaker2Lancet-Bold", "subset": true, "weight": 700}, "HasClip": false, "Lang": "en", "ObjectID": 231, "Page": 0, "Path": "//Document/Sect/P", "Text": "Correspondence ", "TextSize": 12.0, "attributes": {"LineHeight": 14.375, "SpaceAfter": 18}}, {"Bounds": [91.93899536132812, 677.3910064697266, 233.57228088378906, 688.3800048828125], "Font": {"alt_family_name": "Shaker 2 Lancet", "embedded": true, "encoding": "Custom", "family_name": "Shaker 2 Lancet", "font_type": "Type1", "italic": false, "monospaced": false, "name": "CHFAXK+Shaker2Lancet-Regular", "subset": true, "weight": 400}, "HasClip": false, "Lang": "en", "ObjectID": 233, "Page": 0, "Path": "//Document/Sect[2]/H1", "Text": "Monash University, Melbourne, Australia ", "TextSize": 9.0, "attributes": {"LineHeight": 10.75, "TextAlign": "End"}}, {"Bounds": [74.36199951171875, 665.447998046875, 80.9320068359375, 677.5890045166016], "Font": {"alt_family_name": "Minion Pro", "embedded": true, "encoding": "Identity-H", "family_name": "Minion Pro", "font_type": "CIDFontType0", "italic": false, "monospaced": false, "name": "MUGPEE+MinionPro-Regular", "subset": true, "weight": 400}, "HasClip": false, "ObjectID": 236, "Page": 0, "Path": "//Document/Sect[2]/L/LI/Lbl", "Text": "1 ", "TextSize": 9.0}, {"Bounds": [91.93899536132812, 635.2890014648438, 232.94020080566406, 677.5260009765625], "Font": {"alt_family_name": "Shaker 2 Lancet", "embedded": true, "encoding": "Custom", "family_name": "Shaker 2 Lancet", "font_type": "Type1", "italic": false, "monospaced": false, "name": "CHFAXK+Shaker2Lancet-Regular", "subset": true, "weight": 400}, "HasClip": false, "ObjectID": 237, "Page": 0, "Path": "//Document/Sect[2]/L/LI/LBody", "Text": "Antimicrobial Resistance Collaborat -ors. Global burden of bacterial antimicro -bial resistance in 2019: a systematic analysis. Lancet 2022; 399: 629\u201355. ", "TextSize": 9.0}, {"Bounds": [75.71200561523438, 620.8260040283203, 81.76904296875, 631.8150024414062], "Font": {"alt_family_name": "Shaker 2 Lancet", "embedded": true, "encoding": "Custom", "family_name": "Shaker 2 Lancet", "font_type": "Type1", "italic": false, "monospaced": false, "name": "CHFAXK+Shaker2Lancet-Regular", "subset": true, "weight": 400}, "HasClip": false, "ObjectID": 239, "Page": 0, "Path": "//Document/Sect[2]/L/LI[2]/Lbl", "Text": "2 ", "TextSize": 9.0}, {"Bounds": [91.23699951171875, 568.6080017089844, 229.4409637451172, 631.8150024414062], "Font": {"alt_family_name": "Shaker 2 Lancet", "embedded": true, "encoding": "Custom", "family_name": "Shaker 2 Lancet", "font_type": "Type1", "italic": false, "monospaced": false, "name": "CHFAXK+Shaker2Lancet-Regular", "subset": true, "weight": 400}, "HasClip": false, "ObjectID": 241, "Page": 0, "Path": "//Document/Sect[2]/L/LI[2]/LBody/ParagraphSpan", "Text": "Thomson KM, Dyer C, Feiyan L, et al. Effects of antibiotic resistance, drug target attainment, bacterial pathogen -icity and virulence, and antibiotic access and affordability on outcomes in neo -natal sepsis ", "TextSize": 9.0}, {"Bounds": [91.49800109863281, 558.3209991455078, 214.3119659423828, 569.3190002441406], "Font": {"alt_family_name": "Shaker 2 Lancet", "embedded": true, "encoding": "WinAnsiEncoding", "family_name": "Shaker 2 Lancet", "font_type": "Type1", "italic": true, "monospaced": false, "name": "CHFAXK+Shaker2Lancet-Italic", "subset": true, "weight": 400}, "HasClip": false, "Lang": "en", "ObjectID": 242, "Page": 0, "Path": "//Document/Sect[2]/L/LI[2]/LBody/P", "Text": "Lancet Infect Dis 2021; 21: 1677\u201388. ", "TextSize": 9.0, "attributes": {"SpaceAfter": 18}}, {"Bounds": [48.913604736328125, 403.5361633300781, 66.19734191894531, 420.38800048828125], "ObjectID": 243, "Page": 0, "Path": "//Document/Sect[2]/Figure", "attributes": {"BBox": [49.1979999999985, 403.6259999999893, 65.99729999999909, 420.1849999999977], "Placement": "Block"}}, {"Bounds": [10.27716064453125, 207.91400146484375, 61.243621826171875, 229.71200561523438], "Font": {"alt_family_name": "Shaker 2 Lancet", "embedded": true, "encoding": "Custom", "family_name": "Shaker 2 Lancet", "font_type": "Type1", "italic": false, "monospaced": false, "name": "CHFAXK+Shaker2Lancet-Regular", "subset": true, "weight": 400}, "HasClip": false, "Lang": "en", "ObjectID": 245, "Page": 0, "Path": "//Document/Sect[3]/H1", "Text": "See Online for appendix ", "TextSize": 9.0}, {"Bounds": [75.81100463867188, 540.1139984130859, 81.85005187988281, 551.1029968261719], "Font": {"alt_family_name": "Shaker 2 Lancet", "embedded": true, "encoding": "Custom", "family_name": "Shaker 2 Lancet", "font_type": "Type1", "italic": false, "monospaced": false, "name": "CHFAXK+Shaker2Lancet-Regular", "subset": true, "weight": 400}, "HasClip": false, "ObjectID": 248, "Page": 0, "Path": "//Document/Sect[3]/L/LI/Lbl", "Text": "3 ", "TextSize": 9.0}, {"Bounds": [91.32699584960938, 480.67799377441406, 230.48495483398438, 551.1840057373047], "Font": {"alt_family_name": "Shaker 2 Lancet", "embedded": true, "encoding": "Custom", "family_name": "Shaker 2 Lancet", "font_type": "Type1", "italic": false, "monospaced": false, "name": "CHFAXK+Shaker2Lancet-Regular", "subset": true, "weight": 400}, "HasClip": false, "ObjectID": 249, "Page": 0, "Path": "//Document/Sect[3]/L/LI/LBody", "Text": "Pezzani MD, Tornimbene B, Pessoa., et al. Methodological quality of studies evaluating the burden of drug-resistant infections in humans due to the WHO Global Antimicrobial Resistance Surveillance System target bacteria. Clin Microbiol Infect 2021; 27: 687\u201396. ", "TextSize": 9.0}, {"Bounds": [75.9010009765625, 467.16900634765625, 82.38101196289062, 478.1580047607422], "Font": {"alt_family_name": "Shaker 2 Lancet", "embedded": true, "encoding": "Custom", "family_name": "Shaker 2 Lancet", "font_type": "Type1", "italic": false, "monospaced": false, "name": "CHFAXK+Shaker2Lancet-Regular", "subset": true, "weight": 400}, "HasClip": false, "ObjectID": 251, "Page": 0, "Path": "//Document/Sect[3]/L/LI[2]/Lbl", "Text": "4 ", "TextSize": 9.0}, {"Bounds": [91.51600646972656, 404.7449951171875, 232.79800415039062, 478.1580047607422], "Font": {"alt_family_name": "Shaker 2 Lancet", "embedded": true, "encoding": "Custom", "family_name": "Shaker 2 Lancet", "font_type": "Type1", "italic": false, "monospaced": false, "name": "CHFAXK+Shaker2Lancet-Regular", "subset": true, "weight": 400}, "HasClip": false, "ObjectID": 252, "Page": 0, "Path": "//Document/Sect[3]/L/LI[2]/LBody", "Text": "Ackers L, Ackers-Johnson G, Seekles M, Opio S. Opportunities and challenges for improving anti-microbial stewardship in low- and middle-income countries; lessons learnt from the maternal sepsis intervention in western Uganda. Antibiotics (Basel) 2020; 9: 315. ", "TextSize": 9.0}, {"Bounds": [87.78680419921875, 188.0478057861328, 239.36865234375, 401.6809997558594], "Font": {"alt_family_name": "Shaker 2 Lancet", "embedded": true, "encoding": "Custom", "family_name": "Shaker 2 Lancet", "font_type": "Type1", "italic": false, "monospaced": false, "name": "CHFAXK+Shaker2Lancet-Regular", "subset": true, "weight": 400}, "HasClip": false, "Lang": "en", "ObjectID": 253, "Page": 0, "Path": "//Document/Sect[3]/P", "Text": "Christopher J L Murray and colleagues1 report on the dramatically high burden of antimicrobial resistance (AMR) worldwide, particularly in low-income and middle-income countries. The authors also emphasise the insufficient data on the prevalence of bacterial infections and AMR in low-resource settings. Although the figures presented are striking, they do not sufficiently depict the suffering of patients living in these locations and the frustration of clinicians unable to treat an infection that is typically easily curable elsewhere. As clinicians working in eastern Democratic Republic of the Congo, our fear is the imminent unavailability of active antibiotics. ", "TextSize": 9.199996948242188, "attributes": {"SpaceAfter": 18}}, {"Bounds": [6.9471893310546875, 77.86399841308594, 78.17713928222656, 137.3090057373047], "Font": {"alt_family_name": "Shaker 2 Lancet", "embedded": true, "encoding": "Custom", "family_name": "Shaker 2 Lancet", "font_type": "Type1", "italic": false, "monospaced": false, "name": "CHFAXK+Shaker2Lancet-Regular", "subset": true, "weight": 400}, "HasClip": false, "Lang": "en", "ObjectID": 255, "Page": 0, "Path": "//Document/Sect[3]/P[2]", "Text": "For more about Mini-Lab see https:// fondation.msf.fr/en/ projects/mini-lab ", "TextSize": 9.0, "attributes": {"LineHeight": 12.125, "SpaceAfter": 18, "TextAlign": "End"}}, {"Bounds": [17.837997436523438, 3.9010009765625, 38.47499084472656, 14.899002075195312], "Font": {"alt_family_name": "Shaker 2 Lancet", "embedded": true, "encoding": "Custom", "family_name": "Shaker 2 Lancet", "font_type": "Type1", "italic": false, "monospaced": false, "name": "MVYIMQ+Shaker2Lancet-Bold", "subset": true, "weight": 700}, "HasClip": false, "Lang": "en", "ObjectID": 256, "Page": 0, "Path": "//Document/Sect[3]/P[3]", "Text": "2348 ", "TextSize": 9.0}, {"Bounds": [87.77760314941406, 16.1365966796875, 239.8074188232422, 183.21780395507812], "Font": {"alt_family_name": "Shaker 2 Lancet", "embedded": true, "encoding": "Custom", "family_name": "Shaker 2 Lancet", "font_type": "Type1", "italic": false, "monospaced": false, "name": "CHFAXK+Shaker2Lancet-Regular", "subset": true, "weight": 400}, "HasClip": false, "Lang": "en", "ObjectID": 257, "Page": 0, "Path": "//Document/Sect[3]/P[4]", "Text": "Among the interventions commonly proposed to contain AMR, laboratory diagnosis is regularly depicted as a crucial but difficult-to-implement part of the solution. We do not share this fatalistic vision, and instead believe that Mini-Lab ,2 which we consider to be one of the most emblematic examples of reverse innovation, could be the way forward.3,4 This self-contained, quality-assured, stand-alone clinical bacteriology laboratory, which was initially developed by M\u00e9decins Sans Fronti\u00e8res to facilitate ", "TextSize": 9.199996948242188}, {"Bounds": [242.7030029296875, 400.7830047607422, 395.6575469970703, 691.4938049316406], "Font": {"alt_family_name": "Minion Pro", "embedded": true, "encoding": "Identity-H", "family_name": "Minion Pro", "font_type": "CIDFontType0", "italic": false, "monospaced": false, "name": "MUGPEE+MinionPro-Regular", "subset": true, "weight": 400}, "HasClip": false, "Lang": "en", "ObjectID": 260, "Page": 0, "Path": "//Document/Sect[3]/P[5]", "Text": "sepsis diagnosis in its fields of intervention, allows for the expansion of bacteriology testing to district hospitals. Because the Mini-Lab is based on unexpensive technologies,5 it could make bacteriology tests affordable for patients. Along with individual care, the Mini-Lab could also contribute to AMR surveillance in rural areas and, ultimately, to the elaboration of antibiotic guidelines based on local epidemiological data.6 We ask public health authorities and international partners to actively promote the evaluation of such small-scale laboratories in other low-resource settings. Such equitable access to laboratory diagnosis will make targeted antibiotic treatments at the district hospital level possible and will strengthen population confidence in the African health system. If action is not taken now, we will soon be back in the darkness of the pre-antibiotic era, with its health insecurity and social unrest. ", "TextSize": 9.199996948242188, "attributes": {"SpaceAfter": 18}}, {"Bounds": [244.78599548339844, 361.1490020751953, 397.4332580566406, 382.0379943847656], "Font": {"alt_family_name": "Shaker 2 Lancet", "embedded": true, "encoding": "WinAnsiEncoding", "family_name": "Shaker 2 Lancet", "font_type": "Type1", "italic": true, "monospaced": false, "name": "CHFAXK+Shaker2Lancet-Italic", "subset": true, "weight": 400}, "HasClip": false, "Lang": "en", "ObjectID": 262, "Page": 0, "Path": "//Document/Sect[3]/P[6]", "Text": "Denis Mukwege, Prudence Mitangala, Aline Byabene, Emmanuel Busha, Yves Van Laethem, ", "TextSize": 9.0}, {"Bounds": [244.78599548339844, 340.14300537109375, 346.8370056152344, 362.2380065917969], "Font": {"alt_family_name": "Shaker 2 Lancet", "embedded": true, "encoding": "WinAnsiEncoding", "family_name": "Shaker 2 Lancet", "font_type": "Type1", "italic": true, "monospaced": false, "name": "CHFAXK+Shaker2Lancet-Italic", "subset": true, "weight": 400}, "HasClip": false, "Lang": "en", "ObjectID": 263, "Page": 0, "Path": "//Document/Sect[3]/P[7]", "Text": "*Olivier Vandenberg olivier.vandenberg@ulb.be ", "TextSize": 9.0}, {"Bounds": [244.78599548339844, 21.488998413085938, 401.8490295410156, 336.2279968261719], "Font": {"alt_family_name": "Shaker 2 Lancet", "embedded": true, "encoding": "Custom", "family_name": "Shaker 2 Lancet", "font_type": "Type1", "italic": false, "monospaced": false, "name": "CHFAXK+Shaker2Lancet-Regular", "subset": true, "weight": 400}, "HasClip": false, "Lang": "en", "ObjectID": 264, "Page": 0, "Path": "//Document/Sect[3]/P[8]", "Text": "Department of Gynaecology and General Surgery (DM) and Department of Internal Medicine (AB), Panzi General Referral Hospital, Bukavu, Democratic Republic of the Congo; Faculty of Medicine, Evangelical University in Africa, Bukavu, Democratic Republic of the Congo (DM); Laboratoire Provincial du Nord-Kivu, Goma, Democratic Republic of the Congo (PM); Faculty of Medicine, Universit\u00e9 Officielle de Ruwenzori, Goma, Democra -tic Republic of the Congo (PM); Faculty of Medicine, Universit\u00e9 Libre des Pays des Grands Lacs, Goma, Democratic Republic of the Congo (EB); Samaritan Paediatric Centre/Samaritan Doctors, Goma, Demo -cratic Republic of the Congo (EB); Department of Infectiology, Saint-Pierre University Hospital, Universit\u00e9 Libre de Bruxelles, Brussels, Belgium (YVL); Centre for Environmental Health and Occupational Health, School of Public Health, Universit\u00e9 Libre de Bruxelles, Brussels, Belgium (OV); Division of Infection and Immunity, Faculty of Medical Sciences, University College London, London, UK (OV); Innovation and Business Development Unit, Laboratoire Hospitalier Universtaire de Bruxelles\u2013 Universitair Laboratorium Brussel, Universit\u00e9 Libre de Bruxelles, 1000 Brussels, Belgium (OV) ", "TextSize": 9.0}, {"Bounds": [407.02000427246094, 682.0169982910156, 412.6161651611328, 693.0059967041016], "Font": {"alt_family_name": "Shaker 2 Lancet", "embedded": true, "encoding": "Custom", "family_name": "Shaker 2 Lancet", "font_type": "Type1", "italic": false, "monospaced": false, "name": "CHFAXK+Shaker2Lancet-Regular", "subset": true, "weight": 400}, "HasClip": false, "ObjectID": 267, "Page": 0, "Path": "//Document/Sect[3]/L[2]/LI/Lbl", "Text": "1 ", "TextSize": 9.0}, {"Bounds": [423.1750030517578, 651.156005859375, 563.5300140380859, 693.0059967041016], "Font": {"alt_family_name": "Shaker 2 Lancet", "embedded": true, "encoding": "Custom", "family_name": "Shaker 2 Lancet", "font_type": "Type1", "italic": false, "monospaced": false, "name": "CHFAXK+Shaker2Lancet-Regular", "subset": true, "weight": 400}, "HasClip": false, "ObjectID": 268, "Page": 0, "Path": "//Document/Sect[3]/L[2]/LI/LBody", "Text": "Antimicrobial Resistance Collaborators. Global burden of bacterial antimicrobial resistance in 2019: a systematic analysis. Lancet 2022; 399 ", "TextSize": 9.0}, {"Bounds": [406.0169982910156, 638.781005859375, 412.07403564453125, 649.7700042724609], "Font": {"alt_family_name": "Shaker 2 Lancet", "embedded": true, "encoding": "Custom", "family_name": "Shaker 2 Lancet", "font_type": "Type1", "italic": false, "monospaced": false, "name": "CHFAXK+Shaker2Lancet-Regular", "subset": true, "weight": 400}, "HasClip": false, "ObjectID": 270, "Page": 0, "Path": "//Document/Sect[3]/L[2]/LI[2]/Lbl", "Text": "2 ", "TextSize": 9.0}, {"Bounds": [422.3919982910156, 607.9199981689453, 560.7948760986328, 649.7700042724609], "Font": {"alt_family_name": "Shaker 2 Lancet", "embedded": true, "encoding": "Custom", "family_name": "Shaker 2 Lancet", "font_type": "Type1", "italic": false, "monospaced": false, "name": "CHFAXK+Shaker2Lancet-Regular", "subset": true, "weight": 400}, "HasClip": false, "ObjectID": 271, "Page": 0, "Path": "//Document/Sect[3]/L[2]/LI[2]/LBody", "Text": "Natale A, Ronat JB, Mazoyer A, et al. The Mini-Lab: accessible clinical bacteri -ology for low-resource settings. Lancet Microbe 2020; 1: e56\u201358. ", "TextSize": 9.0}, {"Bounds": [406.23699951171875, 597.3630065917969, 412.2760467529297, 608.3520050048828], "Font": {"alt_family_name": "Shaker 2 Lancet", "embedded": true, "encoding": "Custom", "family_name": "Shaker 2 Lancet", "font_type": "Type1", "italic": false, "monospaced": false, "name": "CHFAXK+Shaker2Lancet-Regular", "subset": true, "weight": 400}, "HasClip": false, "ObjectID": 273, "Page": 0, "Path": "//Document/Sect[3]/L[2]/LI[3]/Lbl", "Text": "3 ", "TextSize": 9.0}, {"Bounds": [423.4810028076172, 556.2599945068359, 572.9304351806641, 608.3970031738281], "Font": {"alt_family_name": "Shaker 2 Lancet", "embedded": true, "encoding": "Custom", "family_name": "Shaker 2 Lancet", "font_type": "Type1", "italic": false, "monospaced": false, "name": "CHFAXK+Shaker2Lancet-Regular", "subset": true, "weight": 400}, "HasClip": false, "ObjectID": 274, "Page": 0, "Path": "//Document/Sect[3]/L[2]/LI[3]/LBody", "Text": "Jacobs J, Hardy L, Semret M, et al. Diagnostic bacteriology in district hospitals in sub-Saharan Africa:  fore front of the containment of anti -microbial resistance. Front Med ", "TextSize": 9.0}, {"Bounds": [405.44500732421875, 543.9389953613281, 411.9250183105469, 554.9279937744141], "Font": {"alt_family_name": "Shaker 2 Lancet", "embedded": true, "encoding": "Custom", "family_name": "Shaker 2 Lancet", "font_type": "Type1", "italic": false, "monospaced": false, "name": "CHFAXK+Shaker2Lancet-Regular", "subset": true, "weight": 400}, "HasClip": false, "ObjectID": 276, "Page": 0, "Path": "//Document/Sect[3]/L[2]/LI[4]/Lbl", "Text": "4 ", "TextSize": 9.0}, {"Bounds": [423.44500732421875, 512.0700073242188, 568.0119934082031, 553.9199981689453], "Font": {"alt_family_name": "Shaker 2 Lancet", "embedded": true, "encoding": "Custom", "family_name": "Shaker 2 Lancet", "font_type": "Type1", "italic": false, "monospaced": false, "name": "CHFAXK+Shaker2Lancet-Regular", "subset": true, "weight": 400}, "HasClip": false, "ObjectID": 277, "Page": 0, "Path": "//Document/Sect[3]/L[2]/LI[4]/LBody", "Text": "Natale A, Ronat J-B, Mazoyer A, et al. The Mini-Lab: accessible clinical bacteri -ology for low-resource settings. Lancet Microbe 2020; 1: e56\u201358. ", "TextSize": 9.0}, {"Bounds": [406.3269958496094, 499.5240020751953, 412.39295959472656, 510.51300048828125], "Font": {"alt_family_name": "Shaker 2 Lancet", "embedded": true, "encoding": "Custom", "family_name": "Shaker 2 Lancet", "font_type": "Type1", "italic": false, "monospaced": false, "name": "CHFAXK+Shaker2Lancet-Regular", "subset": true, "weight": 400}, "HasClip": false, "ObjectID": 279, "Page": 0, "Path": "//Document/Sect[3]/L[2]/LI[5]/Lbl", "Text": "5 ", "TextSize": 9.0}, {"Bounds": [423.822998046875, 458.3760070800781, 572.2689514160156, 510.51300048828125], "Font": {"alt_family_name": "Shaker 2 Lancet", "embedded": true, "encoding": "Custom", "family_name": "Shaker 2 Lancet", "font_type": "Type1", "italic": false, "monospaced": false, "name": "CHFAXK+Shaker2Lancet-Regular", "subset": true, "weight": 400}, "HasClip": false, "ObjectID": 280, "Page": 0, "Path": "//Document/Sect[3]/L[2]/LI[5]/LBody", "Text": "Ronat JB, Natale A, Kesteman T, et al. AMR in low-resource settings: M\u00e9decins Sans Fronti\u00e8res bridges surveillance gaps by developing a turnkey solution, the Mini-Lab. Clin Microbiol Infect 2021; 27: 1414\u201321. ", "TextSize": 9.0}, {"Bounds": [406.41700744628906, 436.4880065917969, 413.01402282714844, 447.4770050048828], "Font": {"alt_family_name": "Shaker 2 Lancet", "embedded": true, "encoding": "Custom", "family_name": "Shaker 2 Lancet", "font_type": "Type1", "italic": false, "monospaced": false, "name": "CHFAXK+Shaker2Lancet-Regular", "subset": true, "weight": 400}, "HasClip": false, "ObjectID": 282, "Page": 0, "Path": "//Document/Sect[3]/L[2]/LI[6]/Lbl", "Text": "6 ", "TextSize": 9.0}, {"Bounds": [423.7239990234375, 385.05299377441406, 565.4054718017578, 447.4770050048828], "Font": {"alt_family_name": "Shaker 2 Lancet", "embedded": true, "encoding": "Custom", "family_name": "Shaker 2 Lancet", "font_type": "Type1", "italic": false, "monospaced": false, "name": "CHFAXK+Shaker2Lancet-Regular", "subset": true, "weight": 400}, "HasClip": false, "ObjectID": 283, "Page": 0, "Path": "//Document/Sect[3]/L[2]/LI[6]/LBody", "Text": "Tornimbene B, Eremin S, Escher M, Griskeviciene J, Manglani S, Pessoa-Silva CL. WHO Global Antimicrobial Resistance Surveillance System early implementation 2016\u201317. Lancet Infect Dis 2018; 18: 241\u201342. ", "TextSize": 9.0}, {"Bounds": [410.0075988769531, 325.29339599609375, 585.6095733642578, 381.1833953857422], "Font": {"alt_family_name": "Shaker 2 Lancet", "embedded": true, "encoding": "Custom", "family_name": "Shaker 2 Lancet", "font_type": "Type1", "italic": false, "monospaced": false, "name": "CHFAXK+Shaker2Lancet-Regular", "subset": true, "weight": 400}, "HasClip": false, "Lang": "en", "ObjectID": 284, "Page": 0, "Path": "//Document/Sect[3]/P[9]", "Text": "Christopher J L Murray and colleagues1 evidence the global burden of antimicrobial resistance (AMR), which disproportionally affects low-income and middle-income countries (LMICs). ", "TextSize": 9.199996948242188}, {"Bounds": [410.0075988769531, 135.90220642089844, 586.3277893066406, 325.3854064941406], "Font": {"alt_family_name": "Shaker 2 Lancet", "embedded": true, "encoding": "Custom", "family_name": "Shaker 2 Lancet", "font_type": "Type1", "italic": false, "monospaced": false, "name": "CHFAXK+Shaker2Lancet-Regular", "subset": true, "weight": 400}, "HasClip": false, "Lang": "en", "ObjectID": 286, "Page": 0, "Path": "//Document/Sect[3]/P[10]", "Text": "The strategic empowerment of pharmacy professionals (pharmacists and pharmacy technicians) in anti-microbial stewardship (AMS) remains an under-recognised and under-utilised AMR solution for LMICs. In particular, pharmacists across all sectors possess the capability (specialist knowledge of medicines), opportunity (contact with prescribers and patients), and motivation (professional commitment to the rational use of medicines) to promote AMS (appendix).2\u20135 These professionals are, therefore, uniquely positioned to drive urgently required behaviour change in infection prevention and control practices and appropriate antimicrobial use. ", "TextSize": 9.199996948242188}, {"Bounds": [410.0075988769531, 35.63139343261719, 586.2500915527344, 135.99420166015625], "Font": {"alt_family_name": "Shaker 2 Lancet", "embedded": true, "encoding": "Custom", "family_name": "Shaker 2 Lancet", "font_type": "Type1", "italic": false, "monospaced": false, "name": "CHFAXK+Shaker2Lancet-Regular", "subset": true, "weight": 400}, "HasClip": false, "Lang": "en", "ObjectID": 288, "Page": 0, "Path": "//Document/Sect[3]/P[11]", "Text": "Good practice examples by pharmacy professionals include, but are not limited to, optimising treatment of infections through good prescribing practices, educating health-care workers and patients on AMR and AMS, managing antimicrobial agents, surveilling antimicrobial use and consumption, administering and promoting vaccines, ", "TextSize": 9.199996948242188, "attributes": {"SpaceAfter": 13.625}}, {"Bounds": [405.8820037841797, 10.615997314453125, 576.2069091796875, 22.613006591796875], "Font": {"alt_family_name": "Times New Roman PS", "embedded": true, "encoding": "Identity-H", "family_name": "Times New Roman PS", "font_type": "CIDFontType2", "italic": false, "monospaced": false, "name": "YZXJQG+TimesNewRomanPS-BoldMT", "subset": true, "weight": 700}, "HasClip": false, "Lang": "en", "ObjectID": 289, "Page": 0, "Path": "//Document/Sect[3]/P[12]", "Text": "www.thelancet.com Vol 399 June 25, 2022 ", "TextSize": 9.0}], "pages": [{"boxes": {"CropBox": [0.0, 0.0, 595.2760009765625, 799.3699951171875], "MediaBox": [0.0, 0.0, 595.2760009765625, 799.3699951171875]}, "height": 799.3699951171875, "is_scanned": false, "page_number": 0, "rotation": 0, "width": 595.2760009765625}]}