{"version": {"json_export": "219", "page_segmentation": "55", "schema": "1.1.0", "structure": "1.1155.0", "table_structure": "5"}, "extended_metadata": {"ID_instance": "F9 75 FE 4E 77 BC B2 11 0A 00 5A 3E 96 42 C5 82 ", "ID_permanent": "15 92 A4 CC CC 77 4D B6 98 EB 11 DC 0D 6A 04 2E ", "has_acroform": false, "has_embedded_files": false, "is_XFA": false, "is_certified": false, "is_encrypted": false, "is_digitally_signed": false, "language": "en", "page_count": 2, "pdf_version": "1.6", "pdfa_compliance_level": "", "pdfua_compliance_level": ""}, "elements": [{"Bounds": [445.2740020751953, 753.7713928222656, 555.7879638671875, 768.2433929443359], "Font": {"alt_family_name": "Knockout", "embedded": true, "encoding": "WinAnsiEncoding", "family_name": "Knockout", "font_type": "Type1", "italic": false, "monospaced": false, "name": "JRQFEO+Knockout-29JuniorLtweight", "subset": true, "weight": 400}, "HasClip": false, "Lang": "en", "ObjectID": 559, "Page": 0, "Path": "//Document/Sect/P", "Text": "NEWS & VIEWS RESEARCH ", "TextSize": 12.0, "attributes": {"LineHeight": 14.375, "TextAlign": "End"}}, {"Bounds": [32.69700622558594, 676.2911987304688, 210.12283325195312, 740.6670989990234], "Font": {"alt_family_name": "Minion Pro", "embedded": true, "encoding": "Custom", "family_name": "Minion Pro", "font_type": "Type1", "italic": false, "monospaced": false, "name": "FGCHAW+MinionPro-Regular", "subset": true, "weight": 400}, "HasClip": false, "Lang": "en", "ObjectID": 561, "Page": 0, "Path": "//Document/Sect/P[2]", "Text": "are generated by multiple thalamic inputs that have temporally different responses to the stimulus (Fig. 1). Thalamic inputs that respond slowly to visual stimuli generate slow responses in cortical regions, whereas those responding faster generate fast responses. ", "TextSize": 9.300003051757812}, {"Bounds": [32.69749450683594, 597.7911987304688, 209.53814697265625, 677.6672973632812], "Font": {"alt_family_name": "Minion Pro", "embedded": true, "encoding": "Custom", "family_name": "Minion Pro", "font_type": "Type1", "italic": false, "monospaced": false, "name": "FGCHAW+MinionPro-Regular", "subset": true, "weight": 400}, "HasClip": false, "Lang": "en", "ObjectID": 562, "Page": 0, "Path": "//Document/Sect/P[3]", "Text": "Lien and Scanziani\u2019s results, taken together with previous work3\u201310 , raise the interesting possibility that cortical direction selectivity is generated through a common mechanism \u2014 the convergence of temporally diverse thalamic inputs \u2014 in rodents, cats and primates. But as with all research, some questions remain open. ", "TextSize": 9.300003051757812}, {"Bounds": [32.69657897949219, 441.8392028808594, 210.31564331054688, 599.1672973632812], "Font": {"alt_family_name": "Minion Pro", "embedded": true, "encoding": "Custom", "family_name": "Minion Pro", "font_type": "Type1", "italic": false, "monospaced": false, "name": "FGCHAW+MinionPro-Regular", "subset": true, "weight": 400}, "HasClip": false, "Lang": "en", "ObjectID": 566, "Page": 0, "Path": "//Document/Sect/P[4]", "Text": "For instance, the authors focus their study on the middle layers of the visual cortex, which receive the bulk of the thalamic input11. As Lien and Scanziani show, many thalamic inputs in these middle cortical layers are not direction selective, but their combined activity is. It remains unclear whether thalamic inputs that target other cortical layers (or serve other functions) can encode direction selectivity through different mechanisms. For example, neurons in the superficial layers of the cortex might derive their direction selectivity from thalamic neurons that are themselves direction selective 12 ", "TextSize": 9.300003051757812, "attributes": {"SpaceAfter": -10.25}}, {"Bounds": [32.69749450683594, 346.29119873046875, 209.51019287109375, 442.16729736328125], "Font": {"alt_family_name": "Minion Pro", "embedded": true, "encoding": "Custom", "family_name": "Minion Pro", "font_type": "Type1", "italic": false, "monospaced": false, "name": "FGCHAW+MinionPro-Regular", "subset": true, "weight": 400}, "HasClip": false, "Lang": "en", "ObjectID": 569, "Page": 0, "Path": "//Document/Sect/P[5]", "Text": "It is also known that thalamic inputs to the visual cortex are arranged by their receptive-field position \u2014 inputs that have receptive fields close to one another in the field of view are clustered together. However, it is not yet known whether the thalamic inputs are also arranged according to their temporal properties. If so, this could explain why spatial position and direction preference tend to change together in different ", "TextSize": 9.300003051757812}, {"Bounds": [366.99119567871094, 640.2297973632812, 374.0685119628906, 649.1856994628906], "Font": {"alt_family_name": "Zapf Dingbats Std", "embedded": true, "encoding": "Custom", "family_name": "Zapf Dingbats Std", "font_type": "Type1", "italic": false, "monospaced": false, "name": "FGCHAW+ZapfDingbatsStd", "subset": true, "weight": 400}, "HasClip": false, "ObjectID": 573, "Page": 0, "Path": "//Document/Sect/P[6]/ExtraCharSpan", "Text": "\u25a0 ", "TextSize": 9.300003051757812}, {"Bounds": [218.2655792236328, 638.2117004394531, 385.8949279785156, 740.6231994628906], "Font": {"alt_family_name": "Minion Pro", "embedded": true, "encoding": "Custom", "family_name": "Minion Pro", "font_type": "Type1", "italic": false, "monospaced": false, "name": "FGCHAW+MinionPro-Regular", "subset": true, "weight": 400}, "HasClip": false, "Lang": "en", "ObjectID": 571, "Page": 0, "Path": "//Document/Sect/P[6]", "Text": "neurons across the visual\u2013cortical map13. Whatever the answers are, it is becoming increasingly clear that the visual cortex gen-erates stimulus selectivity, such as prefer-ences for direction and orientation, through thalamo\u2013cortical convergence. Lien and Scanziani\u2019s work shows that this mechanism is better preserved across mammals than was previously thought. ", "TextSize": 9.300003051757812}, {"Bounds": [218.26559448242188, 586.6618041992188, 364.3849334716797, 630.0556030273438], "Font": {"alt_family_name": "Minion Pro", "embedded": true, "encoding": "Custom", "family_name": "Minion Pro", "font_type": "Type1", "italic": false, "monospaced": false, "name": "FGCHAW+MinionPro-Bold", "subset": true, "weight": 700}, "HasClip": false, "Lang": "en", "ObjectID": 574, "Page": 0, "Path": "//Document/Sect/P[7]", "Text": "Jose Manuel Alonso is in the College of Optometry, State University of New York, New\u00a0York, New York 10036, USA. e\u00admail: jalonso@sunyopt.edu ", "TextSize": 9.300003051757812}, {"Bounds": [218.66400146484375, 572.3359985351562, 226.54136657714844, 584.8816986083984], "Font": {"alt_family_name": "Minion Pro", "embedded": true, "encoding": "Identity-H", "family_name": "Minion Pro", "font_type": "CIDFontType0", "italic": false, "monospaced": false, "name": "MWVPEE+MinionPro-Regular", "subset": true, "weight": 400}, "HasClip": false, "ObjectID": 577, "Page": 0, "Path": "//Document/Sect/L/LI/Lbl", "Text": "1. ", "TextSize": 9.300003051757812}, {"Bounds": [231.8458251953125, 564.1705932617188, 379.0621032714844, 584.7236022949219], "Font": {"alt_family_name": "News Gothic MTOT", "embedded": true, "encoding": "Custom", "family_name": "News Gothic MTOT", "font_type": "Type1", "italic": false, "monospaced": false, "name": "FGCHAW+NewsGothicMTOT-Regular", "subset": true, "weight": 400}, "HasClip": false, "ObjectID": 578, "Page": 0, "Path": "//Document/Sect/L/LI/LBody", "Text": "Hubel, D. H. & Wiesel, T. N. J. Physiol. 160, 106\u2013154 (1962). ", "TextSize": 9.300003051757812}, {"Bounds": [218.66400146484375, 549.7369995117188, 226.54136657714844, 562.2826995849609], "Font": {"alt_family_name": "Minion Pro", "embedded": true, "encoding": "Identity-H", "family_name": "Minion Pro", "font_type": "CIDFontType0", "italic": false, "monospaced": false, "name": "MWVPEE+MinionPro-Regular", "subset": true, "weight": 400}, "HasClip": false, "ObjectID": 580, "Page": 0, "Path": "//Document/Sect/L/LI[2]/Lbl", "Text": "2. ", "TextSize": 9.300003051757812}, {"Bounds": [231.8458251953125, 541.5715942382812, 366.2026062011719, 562.1246032714844], "Font": {"alt_family_name": "News Gothic MTOT", "embedded": true, "encoding": "Custom", "family_name": "News Gothic MTOT", "font_type": "Type1", "italic": false, "monospaced": false, "name": "FGCHAW+NewsGothicMTOT-Regular", "subset": true, "weight": 400}, "HasClip": false, "ObjectID": 581, "Page": 0, "Path": "//Document/Sect/L/LI[2]/LBody", "Text": "Lien, A. D. & Scanziani, M. Nature 558, 80\u201386 (2018). ", "TextSize": 9.300003051757812}, {"Bounds": [218.66400146484375, 527.1380004882812, 226.54136657714844, 539.6837005615234], "Font": {"alt_family_name": "Minion Pro", "embedded": true, "encoding": "Identity-H", "family_name": "Minion Pro", "font_type": "CIDFontType0", "italic": false, "monospaced": false, "name": "MWVPEE+MinionPro-Regular", "subset": true, "weight": 400}, "HasClip": false, "ObjectID": 583, "Page": 0, "Path": "//Document/Sect/L/LI[3]/Lbl", "Text": "3. ", "TextSize": 9.300003051757812}, {"Bounds": [231.8458251953125, 518.9725952148438, 385.4687042236328, 539.5256042480469], "Font": {"alt_family_name": "News Gothic MTOT", "embedded": true, "encoding": "Custom", "family_name": "News Gothic MTOT", "font_type": "Type1", "italic": false, "monospaced": false, "name": "FGCHAW+NewsGothicMTOT-Regular", "subset": true, "weight": 400}, "HasClip": false, "ObjectID": 584, "Page": 0, "Path": "//Document/Sect/L/LI[3]/LBody", "Text": "Alonso, J.-M., Usrey, W. M. & Reid, R. C. J. Neurosci. 21, 4002\u20134015 (2001). ", "TextSize": 9.300003051757812}, {"Bounds": [218.66400146484375, 504.53900146484375, 226.54136657714844, 517.0847015380859], "Font": {"alt_family_name": "Minion Pro", "embedded": true, "encoding": "Identity-H", "family_name": "Minion Pro", "font_type": "CIDFontType0", "italic": false, "monospaced": false, "name": "MWVPEE+MinionPro-Regular", "subset": true, "weight": 400}, "HasClip": false, "ObjectID": 586, "Page": 0, "Path": "//Document/Sect/L/LI[4]/Lbl", "Text": "4. ", "TextSize": 9.300003051757812}, {"Bounds": [231.8458251953125, 496.37359619140625, 366.13275146484375, 516.9266052246094], "Font": {"alt_family_name": "News Gothic MTOT", "embedded": true, "encoding": "Custom", "family_name": "News Gothic MTOT", "font_type": "Type1", "italic": false, "monospaced": false, "name": "FGCHAW+NewsGothicMTOT-Regular", "subset": true, "weight": 400}, "HasClip": false, "ObjectID": 587, "Page": 0, "Path": "//Document/Sect/L/LI[4]/LBody", "Text": "Ferster, D., Chung, S. & Wheat, H. Nature 380, 249\u2013252 (1996). ", "TextSize": 9.300003051757812}, {"Bounds": [218.66400146484375, 481.94000244140625, 226.54136657714844, 494.48570251464844], "Font": {"alt_family_name": "Minion Pro", "embedded": true, "encoding": "Identity-H", "family_name": "Minion Pro", "font_type": "CIDFontType0", "italic": false, "monospaced": false, "name": "MWVPEE+MinionPro-Regular", "subset": true, "weight": 400}, "HasClip": false, "ObjectID": 589, "Page": 0, "Path": "//Document/Sect/L/LI[5]/Lbl", "Text": "5. ", "TextSize": 9.300003051757812}, {"Bounds": [231.8458251953125, 473.77459716796875, 373.5907287597656, 494.3276062011719], "Font": {"alt_family_name": "News Gothic MTOT", "embedded": true, "encoding": "Custom", "family_name": "News Gothic MTOT", "font_type": "Type1", "italic": false, "monospaced": false, "name": "FGCHAW+NewsGothicMTOT-Regular", "subset": true, "weight": 400}, "HasClip": false, "ObjectID": 590, "Page": 0, "Path": "//Document/Sect/L/LI[5]/LBody", "Text": "Saul, A. B. & Humphrey, A. L. J. Neurophysiol. 64, 206\u2013224 (1990). ", "TextSize": 9.300003051757812}, {"Bounds": [218.66400146484375, 459.34100341796875, 226.54136657714844, 471.88670349121094], "Font": {"alt_family_name": "Minion Pro", "embedded": true, "encoding": "Identity-H", "family_name": "Minion Pro", "font_type": "CIDFontType0", "italic": false, "monospaced": false, "name": "MWVPEE+MinionPro-Regular", "subset": true, "weight": 400}, "HasClip": false, "ObjectID": 592, "Page": 0, "Path": "//Document/Sect/L/LI[6]/Lbl", "Text": "6. ", "TextSize": 9.300003051757812}, {"Bounds": [231.8458251953125, 451.17559814453125, 384.5082244873047, 471.7286071777344], "Font": {"alt_family_name": "News Gothic MTOT", "embedded": true, "encoding": "Custom", "family_name": "News Gothic MTOT", "font_type": "Type1", "italic": false, "monospaced": false, "name": "FGCHAW+NewsGothicMTOT-Regular", "subset": true, "weight": 400}, "HasClip": false, "ObjectID": 593, "Page": 0, "Path": "//Document/Sect/L/LI[6]/LBody", "Text": "Saul, A. B. & Humphrey, A. L. J. Neurophysiol. 68, 1190\u20131208 (1992). ", "TextSize": 9.300003051757812}, {"Bounds": [218.66400146484375, 436.74200439453125, 226.54136657714844, 449.28770446777344], "Font": {"alt_family_name": "Minion Pro", "embedded": true, "encoding": "Identity-H", "family_name": "Minion Pro", "font_type": "CIDFontType0", "italic": false, "monospaced": false, "name": "MWVPEE+MinionPro-Regular", "subset": true, "weight": 400}, "HasClip": false, "ObjectID": 595, "Page": 0, "Path": "//Document/Sect/L/LI[7]/Lbl", "Text": "7. ", "TextSize": 9.300003051757812}, {"Bounds": [231.8458251953125, 419.32310485839844, 369.25233459472656, 449.1853942871094], "Font": {"alt_family_name": "News Gothic MTOT", "embedded": true, "encoding": "Custom", "family_name": "News Gothic MTOT", "font_type": "Type1", "italic": false, "monospaced": false, "name": "FGCHAW+NewsGothicMTOT-Regular", "subset": true, "weight": 400}, "HasClip": false, "ObjectID": 596, "Page": 0, "Path": "//Document/Sect/L/LI[7]/LBody", "Text": "Stanley, G. B. et al. J. Neurosci. 32, 9073\u20139088 (2012). ", "TextSize": 9.300003051757812}, {"Bounds": [218.66400146484375, 404.84300231933594, 226.54136657714844, 417.3887023925781], "Font": {"alt_family_name": "Minion Pro", "embedded": true, "encoding": "Identity-H", "family_name": "Minion Pro", "font_type": "CIDFontType0", "italic": false, "monospaced": false, "name": "MWVPEE+MinionPro-Regular", "subset": true, "weight": 400}, "HasClip": false, "ObjectID": 598, "Page": 0, "Path": "//Document/Sect/L/LI[8]/Lbl", "Text": "8. ", "TextSize": 9.300003051757812}, {"Bounds": [231.8458251953125, 396.67759704589844, 385.8061218261719, 417.23060607910156], "Font": {"alt_family_name": "News Gothic MTOT", "embedded": true, "encoding": "Custom", "family_name": "News Gothic MTOT", "font_type": "Type1", "italic": false, "monospaced": false, "name": "FGCHAW+NewsGothicMTOT-Regular", "subset": true, "weight": 400}, "HasClip": false, "ObjectID": 599, "Page": 0, "Path": "//Document/Sect/L/LI[8]/LBody", "Text": "Reid, R. C., Soodak, R. E. & Shapley, R. M. Neurophysiol. 66, 505\u2013529 (1991). ", "TextSize": 9.300003051757812}, {"Bounds": [218.67283630371094, 382.24400329589844, 226.55020141601562, 394.7897033691406], "Font": {"alt_family_name": "Minion Pro", "embedded": true, "encoding": "Identity-H", "family_name": "Minion Pro", "font_type": "CIDFontType0", "italic": false, "monospaced": false, "name": "MWVPEE+MinionPro-Regular", "subset": true, "weight": 400}, "HasClip": false, "ObjectID": 601, "Page": 0, "Path": "//Document/Sect/L/LI[9]/Lbl", "Text": "9. ", "TextSize": 9.300003051757812}, {"Bounds": [231.8546600341797, 374.07859802246094, 380.51185607910156, 394.63160705566406], "Font": {"alt_family_name": "News Gothic MTOT", "embedded": true, "encoding": "Custom", "family_name": "News Gothic MTOT", "font_type": "Type1", "italic": false, "monospaced": false, "name": "FGCHAW+NewsGothicMTOT-Regular", "subset": true, "weight": 400}, "HasClip": false, "ObjectID": 602, "Page": 0, "Path": "//Document/Sect/L/LI[9]/LBody", "Text": "McLean, J. & Palmer, L. A. Vision Res. 29, 675\u2013679 (1989). ", "TextSize": 9.300003051757812}, {"Bounds": [218.68167114257812, 343.74200439453125, 381.37640380859375, 366.21080017089844], "Font": {"alt_family_name": "News Gothic MTOT", "embedded": true, "encoding": "WinAnsiEncoding", "family_name": "News Gothic MTOT", "font_type": "Type1", "italic": false, "monospaced": false, "name": "FGCHAW+NewsGothicMTOT-Bold", "subset": true, "weight": 700}, "HasClip": false, "Lang": "en", "ObjectID": 603, "Page": 0, "Path": "//Document/Sect/P[8]", "Text": "This article was published online on 23 May 2018. ", "TextSize": 9.300003051757812}, {"Bounds": [36.60099792480469, 326.0709991455078, 95.41044616699219, 339.2489929199219], "Font": {"alt_family_name": "Knockout", "embedded": true, "encoding": "WinAnsiEncoding", "family_name": "Knockout", "font_type": "Type1", "italic": false, "monospaced": false, "name": "FGCHAW+Knockout-49Liteweight", "subset": true, "weight": 400}, "HasClip": false, "Lang": "en", "ObjectID": 604, "Page": 0, "Path": "//Document/Sect/P[9]", "Text": "ENGINEERING ", "TextSize": 11.0, "attributes": {"LineHeight": 13.25}}, {"Bounds": [31.519699096679688, 247.76919555664062, 357.6558837890625, 323.8332061767578], "Font": {"alt_family_name": "Glosa Math", "embedded": true, "encoding": "WinAnsiEncoding", "family_name": "Glosa Math", "font_type": "Type1", "italic": false, "monospaced": false, "name": "FGCHAW+GlosaMath-Bold", "subset": true, "weight": 700}, "HasClip": false, "Lang": "en", "ObjectID": 606, "Page": 0, "Path": "//Document/Sect/Title", "Text": "Two artificial synapses are better than one ", "TextSize": 32.0, "attributes": {"LineHeight": 33, "SpaceAfter": 15.125}}, {"Bounds": [31.519699096679688, 208.7906951904297, 372.8724670410156, 242.35440063476562], "Font": {"alt_family_name": "Glosa Math", "embedded": true, "encoding": "Custom", "family_name": "Glosa Math", "font_type": "Type1", "italic": false, "monospaced": false, "name": "FGCHAW+GlosaMath-Black", "subset": true, "weight": 900}, "HasClip": false, "Lang": "en", "ObjectID": 608, "Page": 0, "Path": "//Document/Sect[2]/H1", "Text": "Emerging nanoelectronic devices could revolutionize artificial neural networks, but their hardware implementations lag behind those of their software counterparts. An approach has been developed that tips the scales in their favour. See Article p.60 ", "TextSize": 9.300003051757812, "attributes": {"SpaceAfter": 18}}, {"Bounds": [31.519699096679688, 177.41990661621094, 89.61311340332031, 189.39990234375], "Font": {"alt_family_name": "Knockout", "embedded": true, "encoding": "WinAnsiEncoding", "family_name": "Knockout", "font_type": "Type1", "italic": false, "monospaced": false, "name": "FGCHAW+Knockout-49Liteweight", "subset": true, "weight": 400}, "HasClip": false, "Lang": "en", "ObjectID": 610, "Page": 0, "Path": "//Document/Sect[3]/H1", "Text": "GINA C. ADAM ", "TextSize": 10.0, "attributes": {"LineHeight": 12}}, {"Bounds": [29.936004638671875, 123.52912902832031, 44.12437438964844, 176.6621551513672], "Font": {"alt_family_name": "Minion Pro", "embedded": true, "encoding": "Custom", "family_name": "Minion Pro", "font_type": "Type1", "italic": false, "monospaced": false, "name": "FGCHAW+MinionPro-Regular", "subset": true, "weight": 400}, "HasClip": false, "ObjectID": 612, "Page": 0, "Path": "//Document/Sect[3]/P/Figure", "Text": "I", "TextSize": 41.607696533203125, "attributes": {"BBox": [29.8787999999995, 138.57299999999668, 44.15819999999985, 168.09099999999307], "Placement": "Start", "SpaceAfter": 3.75}}, {"Bounds": [29.936004638671875, 14.661300659179688, 200.03924560546875, 176.6621551513672], "Font": {"alt_family_name": "Minion Pro", "embedded": true, "encoding": "Custom", "family_name": "Minion Pro", "font_type": "Type1", "italic": false, "monospaced": false, "name": "FGCHAW+MinionPro-Regular", "subset": true, "weight": 400}, "HasClip": false, "Lang": "en", "ObjectID": 611, "Page": 0, "Path": "//Document/Sect[3]/P", "Text": "Inspired by the brain\u2019s neural networks, scientists have for decades tried to construct electronic circuits that can process large amounts of data. However, it has been difficult to achieve energy-efficient implementations of artificial neurons and synapses (connections between neurons). On page 60, Ambrogio et al.1 report an arti-ficial neural network containing more than 200,000 synapses that can classify complex collections of images. The authors\u2019 work dem-onstrates that hardware-based neural networks that use emerging nanoelectronic devices ", "TextSize": 9.300003051757812}, {"Bounds": [178.96929931640625, 5.3148956298828125, 187.5792999267578, 12.314895629882812], "ClipBounds": [178.96929931640625, 5.3148956298828125, 187.5792999267578, 12.314895629882812], "Font": {"alt_family_name": "Whitney", "embedded": true, "encoding": "Identity-V", "family_name": "Whitney", "font_type": "CIDFontType0", "italic": false, "monospaced": false, "name": "FGCHAW+Whitney-Light", "subset": true, "weight": 300}, "HasClip": true, "Lang": "en", "ObjectID": 614, "Page": 0, "Path": "//Document/Sect[3]/P[2]", "Text": "\u00a9", "TextSize": 7.0, "attributes": {"WritingMode": "TbRl"}}, {"Bounds": [185.29029846191406, 3.7888946533203125, 204.54029846191406, 12.314895629882812], "ClipBounds": [185.29029846191406, 3.7888946533203125, 204.54029846191406, 12.314895629882812], "Font": {"alt_family_name": "Whitney", "embedded": true, "encoding": "Identity-V", "family_name": "Whitney", "font_type": "CIDFontType0", "italic": false, "monospaced": false, "name": "FGCHAW+Whitney-Light", "subset": true, "weight": 300}, "HasClip": true, "Lang": "en", "ObjectID": 615, "Page": 0, "Path": "//Document/Sect[3]/P[3]", "Text": "8102 ", "TextSize": 7.0, "attributes": {"LineHeight": 3.5, "WritingMode": "TbRl"}}, {"Bounds": [207.2667999267578, 156.15989685058594, 374.1925506591797, 189.03179931640625], "Font": {"alt_family_name": "Minion Pro", "embedded": true, "encoding": "Custom", "family_name": "Minion Pro", "font_type": "Type1", "italic": false, "monospaced": false, "name": "FGCHAW+MinionPro-Regular", "subset": true, "weight": 400}, "HasClip": false, "Lang": "en", "ObjectID": 616, "Page": 0, "Path": "//Document/Sect[3]/P[4]", "Text": "can perform as well as can software-based networks running on ordinary computers, while consuming much less power. ", "TextSize": 9.300003051757812}, {"Bounds": [207.2677001953125, 51.15989685058594, 376.77325439453125, 157.53599548339844], "Font": {"alt_family_name": "Minion Pro", "embedded": true, "encoding": "Custom", "family_name": "Minion Pro", "font_type": "Type1", "italic": false, "monospaced": false, "name": "FGCHAW+MinionPro-Regular", "subset": true, "weight": 400}, "HasClip": false, "Lang": "en", "ObjectID": 617, "Page": 0, "Path": "//Document/Sect[3]/P[5]", "Text": "Artificial neural networks are not programmed in the same way as conventional computers. Just as humans learn from experience, these networks acquire their functions from data obtained during a training process. Image classification, which involves learning and memory, requires thousands of artificial synapses. The states (electrical properties) of these synapses need to be programmed quickly and then retained for future network operation. ", "TextSize": 9.300003051757812}, {"Bounds": [207.27224731445312, 30.160202026367188, 375.3504333496094, 52.53599548339844], "Font": {"alt_family_name": "Minion Pro", "embedded": true, "encoding": "Custom", "family_name": "Minion Pro", "font_type": "Type1", "italic": false, "monospaced": false, "name": "FGCHAW+MinionPro-Regular", "subset": true, "weight": 400}, "HasClip": false, "Lang": "en", "ObjectID": 619, "Page": 0, "Path": "//Document/Sect[3]/P[6]", "Text": "Nanoscale synaptic devices that have programmable electrical resistance, such ", "TextSize": 9.300003051757812}, {"Bounds": [202.7342987060547, 3.7888946533203125, 377.9232940673828, 12.314895629882812], "ClipBounds": [202.7342987060547, 3.7888946533203125, 377.9232940673828, 12.314895629882812], "Font": {"alt_family_name": "Whitney", "embedded": true, "encoding": "Identity-V", "family_name": "Whitney", "font_type": "CIDFontType0", "italic": false, "monospaced": false, "name": "FGCHAW+Whitney-Light", "subset": true, "weight": 300}, "HasClip": true, "Lang": "en", "ObjectID": 620, "Page": 0, "Path": "//Document/Sect[3]/P[7]", "Text": "M ac millan Publishers Limitedpart of Springer Nature Allri., ", "TextSize": 7.0, "attributes": {"LineHeight": -157.5}}, {"Bounds": [416.30438232421875, 672.2967224121094, 546.8373870849609, 723.531982421875], "ClipBounds": [417.656005859375, 672.89697265625, 546.0239868164062, 723.1069946289062], "ObjectID": 622, "Page": 0, "Path": "//Document/Sect[3]/Aside/Figure", "attributes": {"BBox": [417.9429999999993, 673.0309999999881, 545.8579999999783, 722.4689999999828], "Placement": "Block"}}, {"Bounds": [416.6929016113281, 636.5019073486328, 517.2588806152344, 667.4158935546875], "Font": {"alt_family_name": "Knockout", "embedded": true, "encoding": "Custom", "family_name": "Knockout", "font_type": "Type1", "italic": false, "monospaced": false, "name": "FGCHAW+Knockout-69FullLiteweight", "subset": true, "weight": 400}, "HasClip": false, "Lang": "en", "ObjectID": 623, "Page": 0, "Path": "//Document/Sect[3]/Aside/P", "Text": "50 Years Ago ", "TextSize": 26.0, "attributes": {"LineHeight": 31.25}}, {"Bounds": [416.6929016113281, 387.16650390625, 548.0352325439453, 630.0359954833984], "Font": {"alt_family_name": "Minion Pro", "embedded": true, "encoding": "Custom", "family_name": "Minion Pro", "font_type": "Type1", "italic": false, "monospaced": false, "name": "FGCHAW+MinionPro-Regular", "subset": true, "weight": 400}, "HasClip": false, "Lang": "en", "ObjectID": 624, "Page": 0, "Path": "//Document/Sect[3]/Aside/P[2]", "Text": "Reading aids for the blind have so far involved the use of intact sensory pathways and have progressed little beyond Braille and tape-recorded \u201ctalking-books\u201d. Both these systems are quite expensive\u00a0\u2026 and both are slow in terms of information transfer to the reader\u00a0\u2026 At a recent meeting of the Physiological Society, Brindley and Lewin demonstrated a device for stimulating the visual cortex of man directly\u00a0\u2026 Essentially it consists of an array of radio receivers, encapsulated in silicone rubber and screwed to the skull\u00a0\u2026 Activation of a receiver stimulated the cortex: transmission was in the form of a train of short (200\u00a0\u03bcs) pulses\u00a0\u2026 it does at least seem feasible to transmit visual information directly to the central visual pathways of the recently blind. ", "TextSize": 9.300003051757812, "attributes": {"SpaceAfter": -11.125}}, {"Bounds": [416.6929016113281, 376.6667938232422, 512.2033538818359, 388.5614929199219], "Font": {"alt_family_name": "Minion Pro", "embedded": true, "encoding": "Custom", "family_name": "Minion Pro", "font_type": "Type1", "italic": false, "monospaced": false, "name": "FGCHAW+MinionPro-Bold", "subset": true, "weight": 700}, "HasClip": false, "Lang": "en", "ObjectID": 625, "Page": 0, "Path": "//Document/Sect[3]/Aside/P[3]", "Text": "From Nature 8 June 1968 ", "TextSize": 9.300003051757812}, {"Bounds": [416.6929016113281, 332.0019073486328, 525.6047515869141, 362.9158935546875], "Font": {"alt_family_name": "Knockout", "embedded": true, "encoding": "Custom", "family_name": "Knockout", "font_type": "Type1", "italic": false, "monospaced": false, "name": "FGCHAW+Knockout-69FullLiteweight", "subset": true, "weight": 400}, "HasClip": false, "Lang": "en", "ObjectID": 626, "Page": 0, "Path": "//Document/Sect[3]/Aside/P[4]", "Text": "100 Years Ago ", "TextSize": 26.0, "attributes": {"LineHeight": 31.25}}, {"Bounds": [416.6929016113281, 51.16740417480469, 546.3278961181641, 325.53599548339844], "Font": {"alt_family_name": "Minion Pro", "embedded": true, "encoding": "Custom", "family_name": "Minion Pro", "font_type": "Type1", "italic": false, "monospaced": false, "name": "FGCHAW+MinionPro-Regular", "subset": true, "weight": 400}, "HasClip": false, "Lang": "en", "ObjectID": 627, "Page": 0, "Path": "//Document/Sect[3]/Aside/P[5]", "Text": "It happened last week that about 1 lb. of fresh lamb was put into an oven at night in order that it might be cooked by morning on the \u201chay-box\u201d principle. It was in a casserole, with a little water. Similar treatment in the same oven on previous occasions had been very successful. At about 5 a.m. the casserole was examined, and the broth was found to be very well tasted, and the whole smelt fresh and good, but the meat when tested with a fork was not tender, and the fat (of which there was a good deal) was entirely unmelted. The casserole was returned to the oven (then quite cool) and taken out again after breakfast. The contents were then found to be smelling most offensively, as if extremely \u201chigh . The fat was melted. The\u201d meat and broth were judged quite unfit for human food. I wonder if any of your readers would explain this curious development. ", "TextSize": 9.300003051757812}, {"Bounds": [416.6929016113281, 40.667694091796875, 512.2033538818359, 52.56239318847656], "Font": {"alt_family_name": "Minion Pro", "embedded": true, "encoding": "Custom", "family_name": "Minion Pro", "font_type": "Type1", "italic": false, "monospaced": false, "name": "FGCHAW+MinionPro-Bold", "subset": true, "weight": 700}, "HasClip": false, "Lang": "en", "ObjectID": 628, "Page": 0, "Path": "//Document/Sect[3]/Aside/P[6]", "Text": "From Nature 6 June 1918 ", "TextSize": 9.300003051757812}, {"Bounds": [371.8542938232422, 3.7888946533203125, 563.1297149658203, 20.532806396484375], "ClipBounds": [371.8542938232422, 3.7888946533203125, 563.1297149658203, 20.532806396484375], "Font": {"alt_family_name": "Whitney", "embedded": true, "encoding": "Identity-V", "family_name": "Whitney", "font_type": "CIDFontType0", "italic": false, "monospaced": false, "name": "FGCHAW+Whitney-Light", "subset": true, "weight": 300}, "HasClip": true, "Lang": "en", "ObjectID": 629, "Page": 0, "Path": "//Document/Sect[3]/Footnote", "Text": "7 JUNE 2018 | VOL 558 | NATURE | 39 ghts reserved. ", "TextSize": 7.0, "attributes": {"LineHeight": -297.5}}, {"Bounds": [41.38580322265625, 756.7713928222656, 151.95181274414062, 771.2433929443359], "Font": {"alt_family_name": "Knockout", "embedded": true, "encoding": "WinAnsiEncoding", "family_name": "Knockout", "font_type": "Type1", "italic": false, "monospaced": false, "name": "JRQFEO+Knockout-29JuniorLtweight", "subset": true, "weight": 400}, "HasClip": false, "Lang": "en", "ObjectID": 630, "Page": 1, "Path": "//Document/Sect[3]/P[8]", "Text": "RESEARCH NEWS & VIEWS ", "TextSize": 12.0, "attributes": {"LineHeight": 14.375, "SpaceAfter": 15}}, {"Bounds": [36.600006103515625, 542.7579956054688, 377.25701904296875, 747.02197265625], "ClipBounds": [36.600006103515625, 542.7579956054688, 377.25701904296875, 747.02197265625], "ObjectID": 632, "Page": 1, "Path": "//Document/Sect[3]/Figure", "attributes": {"BBox": [36.83849999999984, 542.8359999999811, 377.2649999999994, 746.8279999999795], "Placement": "Block"}}, {"Bounds": [36.600006103515625, 542.7579956054688, 377.25701904296875, 747.02197265625], "ClipBounds": [36.600006103515625, 542.7579956054688, 377.25701904296875, 747.02197265625], "Font": {"alt_family_name": "News Gothic MTOT", "embedded": true, "encoding": "WinAnsiEncoding", "family_name": "News Gothic MTOT", "font_type": "Type1", "italic": false, "monospaced": false, "name": "FGCHAW+NewsGothicMTOT-Bold", "subset": true, "weight": 700}, "HasClip": false, "ObjectID": 632, "Page": 1, "Path": "//Document/Sect[3]/Figure", "Text": "Input Output Neuron Short-term synapse Long-term synapse Wiring 2 ", "TextSize": 6.5, "attributes": {"BBox": [36.83849999999984, 542.8359999999811, 377.2649999999994, 746.8279999999795], "Placement": "Block"}}, {"Bounds": [36.85099792480469, 443.85780334472656, 370.9430694580078, 545.8415985107422], "Font": {"alt_family_name": "Minion Pro", "embedded": true, "encoding": "Custom", "family_name": "Minion Pro", "font_type": "Type1", "italic": false, "monospaced": false, "name": "FGCHAW+MinionPro-Regular", "subset": true, "weight": 400}, "HasClip": false, "Lang": "en", "ObjectID": 633, "Page": 1, "Path": "//Document/Sect[3]/P[9]", "Text": "Figure 1 | An artificial neural network containing two types of synapse. Ambrogio et al. 1 report a hardware-based artificial neural network that is trained to classify complex images, such as handwritten numbers, with an accuracy similar to that of a software-based network. The network consists of artificial neurons linked by wires to two types of artificial synapse (connections between neurons). Short-term synapses (which can retain alterations in their synaptic state for milliseconds) are used regularly during network training, whereas longterm synapses (with state retention of years) are used mainly for memory. The long-term synapses are physical devices, whereas the neurons and short-term synapses are simulated computationally (indicated by hatching). ", "TextSize": 9.300003051757812}, {"Bounds": [36.850006103515625, 293.889892578125, 203.99307250976562, 437.4759979248047], "Font": {"alt_family_name": "Minion Pro", "embedded": true, "encoding": "Custom", "family_name": "Minion Pro", "font_type": "Type1", "italic": false, "monospaced": false, "name": "FGCHAW+MinionPro-Regular", "subset": true, "weight": 400}, "HasClip": false, "Lang": "en", "ObjectID": 636, "Page": 1, "Path": "//Document/Sect[3]/P[10]", "Text": "as phase-change-memory (PCM) devices, show promise because of their small physical size and excellent retention properties. PCM devices contain a material known as a chalcogenide glass, which can switch reversibly between an amorphous phase (of high resistance) and a crystalline phase (of low resistance). The device\u2019s resistance state is programmed by crystallizing part of the material using local heating produced by an applied voltage. This state is retained long after the voltage has been removed, and further programming can be achieved by crystallizing other parts of the material. ", "TextSize": 9.0}, {"Bounds": [36.85040283203125, 90.75090026855469, 205.6910858154297, 295.2218933105469], "Font": {"alt_family_name": "Minion Pro", "embedded": true, "encoding": "Custom", "family_name": "Minion Pro", "font_type": "Type1", "italic": false, "monospaced": false, "name": "FGCHAW+MinionPro-Regular", "subset": true, "weight": 400}, "HasClip": false, "Lang": "en", "ObjectID": 641, "Page": 1, "Path": "//Document/Sect[3]/P[11]", "Text": "Unfortunately, PCM devices can be programmed in only one direction: from high to low resistance, by changing from low to high crystallinity. To achieve the desired resistance state with good precision, sequences of hundreds of voltage pulses are required. If the desired state is overshot, the chalco-genide glass must be completely reset to the amorphous phase and the step-by-step programming restarted. This shortcoming, combined with variations between devices caused by the manufacturing process, can slow or even prevent network training, as previous work by the group that performed the current study has shown2. As a result, the prototype networks that have been constructed using these devices3,4 are impractical and have much lower image-classification accuracies than do software-based networks. ", "TextSize": 9.0}, {"Bounds": [36.85040283203125, 35.02589416503906, 205.4593048095703, 87.16290283203125], "Font": {"alt_family_name": "Minion Pro", "embedded": true, "encoding": "Custom", "family_name": "Minion Pro", "font_type": "Type1", "italic": false, "monospaced": false, "name": "FGCHAW+MinionPro-Regular", "subset": true, "weight": 400}, "HasClip": false, "Lang": "en", "ObjectID": 645, "Page": 1, "Path": "//Document/Sect[3]/P[12]", "Text": "The breakthrough of Ambrogio and colleagues\u2019 work lies in a two-tier, bio-inspired approach. In biological neural networks, short-term changes in the states of synapses support a variety of computations, whereas long-term ", "TextSize": 9.0, "attributes": {"SpaceAfter": 12.625}}, {"Bounds": [36.850006103515625, 16.438003540039062, 211.18606567382812, 24.460006713867188], "Font": {"alt_family_name": "Glosa Math", "embedded": true, "encoding": "WinAnsiEncoding", "family_name": "Glosa Math", "font_type": "Type1", "italic": false, "monospaced": false, "name": "JRQFEO+GlosaMath-Roman", "subset": true, "weight": 400}, "HasClip": false, "Lang": "en", "ObjectID": 646, "Page": 1, "Path": "//Document/Sect[3]/P[13]", "Text": "40 | NAT U R E | VO L 558 | 7 J U N E 2018 ", "TextSize": 6.0, "attributes": {"LineHeight": 7.25}}, {"Bounds": [212.07400512695312, 390.3159942626953, 385.6120910644531, 449.1920928955078], "Font": {"alt_family_name": "Minion Pro", "embedded": true, "encoding": "Custom", "family_name": "Minion Pro", "font_type": "Type1", "italic": false, "monospaced": false, "name": "FGCHAW+MinionPro-Regular", "subset": true, "weight": 400}, "HasClip": false, "Lang": "en", "ObjectID": 647, "Page": 1, "Path": "//Document/Sect[3]/P[14]", "Text": "changes provide a platform for learning and memory5. For this reason, the authors\u2019 artificial neural network uses synaptic \u2018cells\u2019 that contain two types of synapse: short-term and long-term (Fig. 1). ", "TextSize": 9.300003051757812, "attributes": {"LineHeight": 11.75, "TextAlign": "Justify"}}, {"Bounds": [212.07369995117188, 254.3157958984375, 384.53001403808594, 386.6889953613281], "Font": {"alt_family_name": "Minion Pro", "embedded": true, "encoding": "Custom", "family_name": "Minion Pro", "font_type": "Type1", "italic": false, "monospaced": false, "name": "FGCHAW+MinionPro-Regular", "subset": true, "weight": 400}, "HasClip": false, "Lang": "en", "ObjectID": 649, "Page": 1, "Path": "//Document/Sect[3]/P[15]", "Text": "The short-term synapses are used regularly during network training. They require only brief state retention, but fast and precise programming to the desired state. Such features are provided by an electronic switch called a transistor, which has a capacitor (a device for storing electric charge) attached to one of its electrodes, known as the gate6. The transistor state is programmed by a fast voltage pulse applied to the gate. The capacitor maintains this voltage for a few milliseconds, providing brief state retention. ", "TextSize": 9.300003051757812}, {"Bounds": [212.07369995117188, 133.8157958984375, 385.3157653808594, 250.69189453125], "Font": {"alt_family_name": "Minion Pro", "embedded": true, "encoding": "Custom", "family_name": "Minion Pro", "font_type": "Type1", "italic": false, "monospaced": false, "name": "FGCHAW+MinionPro-Regular", "subset": true, "weight": 400}, "HasClip": false, "Lang": "en", "ObjectID": 652, "Page": 1, "Path": "//Document/Sect[3]/P[16]", "Text": "After the network has been trained on several thousand images and the short-term synapses have changed states substantially, the synaptic states are written into long-term synapses. The cycle is then repeated until all of the training images have been presented to the network. The long-term synapses are used for network operation after training is complete. They consist of PCM devices that have state-retention times of years, at the expense of tedious, energy-intensive programming. ", "TextSize": 9.300003051757812}, {"Bounds": [212.07369995117188, 24.863800048828125, 384.8942108154297, 135.19189453125], "Font": {"alt_family_name": "Minion Pro", "embedded": true, "encoding": "Custom", "family_name": "Minion Pro", "font_type": "Type1", "italic": false, "monospaced": false, "name": "FGCHAW+MinionPro-Regular", "subset": true, "weight": 400}, "HasClip": false, "Lang": "en", "ObjectID": 654, "Page": 1, "Path": "//Document/Sect[3]/P[17]", "Text": "An advantage of this technique is that the transfer of states from short- to long-term synapses can be done in electronic-circuit blocks separate from the network, while the network carries out other tasks. Moreover, although the authors\u2019 synaptic cells are more complicated in practice \u2014 containing one capacitor, two PCM devices and five transistors \u2014 they are still about half the size of artificial synapses used in other networks6 . ", "TextSize": 9.300003051757812}, {"Bounds": [178.96929931640625, 3.7888946533203125, 318.33929443359375, 12.314895629882812], "ClipBounds": [178.96929931640625, 3.7888946533203125, 318.33929443359375, 12.314895629882812], "Font": {"alt_family_name": "Whitney", "embedded": true, "encoding": "Identity-V", "family_name": "Whitney", "font_type": "CIDFontType0", "italic": false, "monospaced": false, "name": "FGCHAW+Whitney-Light", "subset": true, "weight": 300}, "HasClip": true, "Lang": "en", "ObjectID": 656, "Page": 1, "Path": "//Document/Sect[3]/P[18]", "Text": "M ac millan Publishers Limitedpart of S8102\u00a9", "TextSize": 7.0, "attributes": {"LineHeight": -73.25}}, {"Bounds": [285.0823059082031, 5.3148956298828125, 293.6923065185547, 12.314895629882812], "ClipBounds": [285.0823059082031, 5.3148956298828125, 293.6923065185547, 12.314895629882812], "Font": {"alt_family_name": "Whitney", "embedded": true, "encoding": "Identity-V", "family_name": "Whitney", "font_type": "CIDFontType0", "italic": false, "monospaced": false, "name": "FGCHAW+Whitney-Light", "subset": true, "weight": 300}, "HasClip": true, "Lang": "en", "ObjectID": 657, "Page": 1, "Path": "//Document/Sect[3]/P[19]", "Text": ",", "TextSize": 7.0, "attributes": {"WritingMode": "TbRl"}}, {"Bounds": [313.3623046875, 3.7888946533203125, 418.34129333496094, 12.314895629882812], "ClipBounds": [313.3623046875, 3.7888946533203125, 418.34129333496094, 12.314895629882812], "Font": {"alt_family_name": "Whitney", "embedded": true, "encoding": "Identity-V", "family_name": "Whitney", "font_type": "CIDFontType0", "italic": false, "monospaced": false, "name": "FGCHAW+Whitney-Light", "subset": true, "weight": 300}, "HasClip": true, "Lang": "en", "ObjectID": 658, "Page": 1, "Path": "//Document/Sect[3]/P[20]", "Text": "pringer Nature Allrights reserved.. ", "TextSize": 7.0, "attributes": {"LineHeight": -270.875}}, {"Bounds": [397.9649963378906, 612.843994140625, 573.7183837890625, 755.7346954345703], "Font": {"alt_family_name": "Minion Pro", "embedded": true, "encoding": "Custom", "family_name": "Minion Pro", "font_type": "Type1", "italic": false, "monospaced": false, "name": "FGCHAW+MinionPro-Regular", "subset": true, "weight": 400}, "HasClip": false, "Lang": "en", "ObjectID": 659, "Page": 1, "Path": "//Document/Sect[3]/P[21]", "Text": "Ambrogio et al. tested their synaptic-cell approach using a fairly complex artificial neural network containing multiple layers of neurons and more than 200,000 PCM devices. The authors carried out classification tasks using three standard sets of images: greyscale handwritten numbers from the MNIST database 7 , and colour images from the CIFAR-10 and CIFAR-100 databases 8 . The accuracies obtained were 98%, 88% and 68%, respectively. These results are strikingly similar to those obtained using TensorFlow, a leading neural-network software (see www.tensorflow.org). ", "TextSize": 9.300003051757812}, {"Bounds": [397.96539306640625, 392.343994140625, 573.7876434326172, 614.2200927734375], "Font": {"alt_family_name": "Minion Pro", "embedded": true, "encoding": "Custom", "family_name": "Minion Pro", "font_type": "Type1", "italic": false, "monospaced": false, "name": "FGCHAW+MinionPro-Regular", "subset": true, "weight": 400}, "HasClip": false, "Lang": "en", "ObjectID": 663, "Page": 1, "Path": "//Document/Sect[3]/P[22]", "Text": "Despite these impressive findings, a key limitation of the work is that only the PCM devices were actually fabricated; the other components of the synaptic cells and the neurons were simulated computationally. The authors took care to use accurate models that consider variations between transistors, and they proposed a method to minimize the impact of such variability on synaptic-cell performance. Most importantly, they carried out a detailed power assessment, and found that their proposed technology would consume about 100 times less power than current state-of-the-art networks, while providing a similar classification performance. Nevertheless, only a working hardware prototype will convince industry of the technology\u2019s performance and low-power advantages. Furthermore, the estimated power consumption is still a far cry from that of biological neural networks, leaving plenty of room for improvement. ", "TextSize": 9.300003051757812}, {"Bounds": [397.96539306640625, 255.84429931640625, 574.4854431152344, 393.7200927734375], "Font": {"alt_family_name": "Minion Pro", "embedded": true, "encoding": "Custom", "family_name": "Minion Pro", "font_type": "Type1", "italic": false, "monospaced": false, "name": "FGCHAW+MinionPro-Regular", "subset": true, "weight": 400}, "HasClip": false, "Lang": "en", "ObjectID": 665, "Page": 1, "Path": "//Document/Sect[3]/P[23]", "Text": "However, Ambrogio and colleagues\u2019 work is more than a crucial stepping stone to the integration of PCM devices in neural-network hardware. It will also inspire device research, because it creates a need for nanoscale short-term synapses to replace the bulky transistor\u2013capacitor ones. A wall in emerging memory technologies has been breached \u2014 networks based on these devices can work as well as do their software counterparts. This finding suggests that advances in artificial intelligence will not only continue, but also be accelerated by emerging hardware. ", "TextSize": 9.300003051757812}, {"Bounds": [402.7362976074219, 197.0124969482422, 546.3833618164062, 250.906005859375], "Font": {"alt_family_name": "Minion Pro", "embedded": true, "encoding": "Custom", "family_name": "Minion Pro", "font_type": "Type1", "italic": false, "monospaced": false, "name": "FGCHAW+MinionPro-Bold", "subset": true, "weight": 700}, "HasClip": false, "Lang": "en", "ObjectID": 667, "Page": 1, "Path": "//Document/Sect[3]/P[24]", "Text": "Gina C. Adam is at the National Institute for Research and Development in Microtechnologies, Bucharest 077190, Romania. e\u00admail: gina.adam@imt.ro ", "TextSize": 9.300003051757812}, {"Bounds": [403.2019958496094, 183.7449951171875, 410.80738830566406, 195.88600158691406], "Font": {"alt_family_name": "Minion Pro", "embedded": true, "encoding": "Identity-H", "family_name": "Minion Pro", "font_type": "CIDFontType0", "italic": false, "monospaced": false, "name": "VOSRAM+MinionPro-Regular", "subset": true, "weight": 400}, "HasClip": false, "ObjectID": 670, "Page": 1, "Path": "//Document/Sect[3]/L/LI/Lbl", "Text": "1. ", "TextSize": 9.0}, {"Bounds": [414.6761016845703, 174.08799743652344, 561.7928771972656, 195.78700256347656], "Font": {"alt_family_name": "News Gothic MTOT", "embedded": true, "encoding": "Custom", "family_name": "News Gothic MTOT", "font_type": "Type1", "italic": false, "monospaced": false, "name": "FGCHAW+NewsGothicMTOT-Regular", "subset": true, "weight": 400}, "HasClip": false, "ObjectID": 671, "Page": 1, "Path": "//Document/Sect[3]/L/LI/LBody", "Text": "Ambrogio, S. et al. Nature 558, 60\u201367 (2018). ", "TextSize": 9.0}, {"Bounds": [403.2019958496094, 162.14500427246094, 410.80738830566406, 174.28599548339844], "Font": {"alt_family_name": "Minion Pro", "embedded": true, "encoding": "Identity-H", "family_name": "Minion Pro", "font_type": "CIDFontType0", "italic": false, "monospaced": false, "name": "VOSRAM+MinionPro-Regular", "subset": true, "weight": 400}, "HasClip": false, "ObjectID": 673, "Page": 1, "Path": "//Document/Sect[3]/L/LI[2]/Lbl", "Text": "2. ", "TextSize": 9.0}, {"Bounds": [414.6761016845703, 153.51400756835938, 576.5838623046875, 174.13299560546875], "Font": {"alt_family_name": "News Gothic MTOT", "embedded": true, "encoding": "Custom", "family_name": "News Gothic MTOT", "font_type": "Type1", "italic": false, "monospaced": false, "name": "FGCHAW+NewsGothicMTOT-Regular", "subset": true, "weight": 400}, "HasClip": false, "ObjectID": 674, "Page": 1, "Path": "//Document/Sect[3]/L/LI[2]/LBody", "Text": "Burr, G. W. et al. 2014 IEEE Int. Electron Devices Meet. 29.5.1\u201329.5.4 (IEEE, 2014). ", "TextSize": 9.0}, {"Bounds": [403.2019958496094, 142.03900146484375, 410.80738830566406, 154.17999267578125], "Font": {"alt_family_name": "Minion Pro", "embedded": true, "encoding": "Identity-H", "family_name": "Minion Pro", "font_type": "CIDFontType0", "italic": false, "monospaced": false, "name": "VOSRAM+MinionPro-Regular", "subset": true, "weight": 400}, "HasClip": false, "ObjectID": 676, "Page": 1, "Path": "//Document/Sect[3]/L/LI[3]/Lbl", "Text": "3. ", "TextSize": 9.0}, {"Bounds": [414.6761016845703, 132.3820037841797, 574.1645202636719, 154.08099365234375], "Font": {"alt_family_name": "News Gothic MTOT", "embedded": true, "encoding": "Custom", "family_name": "News Gothic MTOT", "font_type": "Type1", "italic": false, "monospaced": false, "name": "FGCHAW+NewsGothicMTOT-Regular", "subset": true, "weight": 400}, "HasClip": false, "ObjectID": 677, "Page": 1, "Path": "//Document/Sect[3]/L/LI[3]/LBody", "Text": "Gokmen, T. & Vlasov, Y. Front. Neurosci. 10, 333 (2016). ", "TextSize": 9.0}, {"Bounds": [403.21055603027344, 120.43899536132812, 410.81593322753906, 132.5800018310547], "Font": {"alt_family_name": "Minion Pro", "embedded": true, "encoding": "Identity-H", "family_name": "Minion Pro", "font_type": "CIDFontType0", "italic": false, "monospaced": false, "name": "VOSRAM+MinionPro-Regular", "subset": true, "weight": 400}, "HasClip": false, "ObjectID": 679, "Page": 1, "Path": "//Document/Sect[3]/L/LI[4]/Lbl", "Text": "4. ", "TextSize": 9.0}, {"Bounds": [414.6761016845703, 111.80799865722656, 578.1224822998047, 132.427001953125], "Font": {"alt_family_name": "News Gothic MTOT", "embedded": true, "encoding": "Custom", "family_name": "News Gothic MTOT", "font_type": "Type1", "italic": false, "monospaced": false, "name": "FGCHAW+NewsGothicMTOT-Regular", "subset": true, "weight": 400}, "HasClip": false, "ObjectID": 680, "Page": 1, "Path": "//Document/Sect[3]/L/LI[4]/LBody", "Text": "Yu. S. et al. 2015 IEEE Int. Electron Devices Meet. 17.3.1\u201317.3.4 (IEEE, 2015). ", "TextSize": 9.0}, {"Bounds": [403.2019958496094, 100.33299255371094, 410.80738830566406, 112.4739990234375], "Font": {"alt_family_name": "Minion Pro", "embedded": true, "encoding": "Identity-H", "family_name": "Minion Pro", "font_type": "CIDFontType0", "italic": false, "monospaced": false, "name": "VOSRAM+MinionPro-Regular", "subset": true, "weight": 400}, "HasClip": false, "ObjectID": 682, "Page": 1, "Path": "//Document/Sect[3]/L/LI[5]/Lbl", "Text": "5. ", "TextSize": 9.0}, {"Bounds": [414.67564392089844, 91.69599914550781, 572.9356079101562, 112.36900329589844], "Font": {"alt_family_name": "News Gothic MTOT", "embedded": true, "encoding": "Custom", "family_name": "News Gothic MTOT", "font_type": "Type1", "italic": false, "monospaced": false, "name": "FGCHAW+NewsGothicMTOT-Regular", "subset": true, "weight": 400}, "HasClip": false, "ObjectID": 683, "Page": 1, "Path": "//Document/Sect[3]/L/LI[5]/LBody", "Text": "Abbott, L. F. & Regehr, W. G. Nature 431, 796\u2013803 (2004). ", "TextSize": 9.0}, {"Bounds": [403.1929931640625, 80.22099304199219, 410.7983856201172, 92.36199951171875], "Font": {"alt_family_name": "Minion Pro", "embedded": true, "encoding": "Identity-H", "family_name": "Minion Pro", "font_type": "CIDFontType0", "italic": false, "monospaced": false, "name": "VOSRAM+MinionPro-Regular", "subset": true, "weight": 400}, "HasClip": false, "ObjectID": 685, "Page": 1, "Path": "//Document/Sect[3]/L/LI[6]/Lbl", "Text": "6. ", "TextSize": 9.0}, {"Bounds": [414.66709899902344, 60.376007080078125, 579.4885406494141, 92.20899963378906], "Font": {"alt_family_name": "News Gothic MTOT", "embedded": true, "encoding": "Custom", "family_name": "News Gothic MTOT", "font_type": "Type1", "italic": false, "monospaced": false, "name": "FGCHAW+NewsGothicMTOT-Regular", "subset": true, "weight": 400}, "HasClip": false, "ObjectID": 686, "Page": 1, "Path": "//Document/Sect[3]/L/LI[6]/LBody", "Text": "Kim. S., Gokmen, T., Lee, H.-M. & Haensch, W. E. 2017 IEEE 60th Int. Midwest Symp. Circuits Systems 422\u2013425 (IEEE, 2017). ", "TextSize": 9.0}, {"Bounds": [403.1929931640625, 48.73899841308594, 410.7983856201172, 60.8800048828125], "Font": {"alt_family_name": "Minion Pro", "embedded": true, "encoding": "Identity-H", "family_name": "Minion Pro", "font_type": "CIDFontType0", "italic": false, "monospaced": false, "name": "GSIFYQ+MinionPro-Regular", "subset": true, "weight": 400}, "HasClip": false, "ObjectID": 688, "Page": 1, "Path": "//Document/Sect[3]/L/LI[7]/Lbl", "Text": "7. ", "TextSize": 9.0}, {"Bounds": [414.66709899902344, 40.03599548339844, 584.4786682128906, 60.72700500488281], "Font": {"alt_family_name": "News Gothic MTOT", "embedded": true, "encoding": "Custom", "family_name": "News Gothic MTOT", "font_type": "Type1", "italic": false, "monospaced": false, "name": "FGCHAW+NewsGothicMTOT-Regular", "subset": true, "weight": 400}, "HasClip": false, "ObjectID": 689, "Page": 1, "Path": "//Document/Sect[3]/L/LI[7]/LBody", "Text": "Lecun, Y., Bottou, L., Bengio, Y. & Haffner, P. Proc. IEEE 86, 2278\u20132324 (1998). ", "TextSize": 9.0}, {"Bounds": [403.1844482421875, 28.606002807617188, 410.7898406982422, 40.74699401855469], "Font": {"alt_family_name": "Minion Pro", "embedded": true, "encoding": "Identity-H", "family_name": "Minion Pro", "font_type": "CIDFontType0", "italic": false, "monospaced": false, "name": "GSIFYQ+MinionPro-Regular", "subset": true, "weight": 400}, "HasClip": false, "ObjectID": 691, "Page": 1, "Path": "//Document/Sect[3]/L/LI[8]/Lbl", "Text": "8. ", "TextSize": 9.0}, {"Bounds": [414.65855407714844, 19.2550048828125, 573.0726776123047, 40.593994140625], "Font": {"alt_family_name": "News Gothic MTOT", "embedded": true, "encoding": "Custom", "family_name": "News Gothic MTOT", "font_type": "Type1", "italic": false, "monospaced": false, "name": "FGCHAW+NewsGothicMTOT-Regular", "subset": true, "weight": 400}, "HasClip": false, "ObjectID": 692, "Page": 1, "Path": "//Document/Sect[3]/L/LI[8]/LBody", "Text": "Krizhevsky, A. Learning Multiple Layers of Features From Tiny Images Ch. ", "TextSize": 9.0}], "pages": [{"boxes": {"CropBox": [0.0, 0.0, 595.2760009765625, 790.8660278320312], "MediaBox": [0.0, 0.0, 595.2760009765625, 790.8660278320312]}, "height": 790.8660278320312, "is_scanned": false, "page_number": 0, "rotation": 0, "width": 595.2760009765625}, {"boxes": {"CropBox": [0.0, 0.0, 595.2760009765625, 790.8660278320312], "MediaBox": [0.0, 0.0, 595.2760009765625, 790.8660278320312]}, "height": 790.8660278320312, "is_scanned": false, "page_number": 1, "rotation": 0, "width": 595.2760009765625}]}