{"version": {"json_export": "219", "page_segmentation": "55", "schema": "1.1.0", "structure": "1.1151.0", "table_structure": "5"}, "extended_metadata": {"ID_instance": "84 A4 A2 01 66 BC B2 11 0A 00 49 CA 5A 66 AE B2 ", "ID_permanent": "E3 6A 2B 90 8E 86 D2 31 1F 1C BB 58 2E C5 58 93 ", "has_acroform": false, "has_embedded_files": false, "is_XFA": false, "is_certified": false, "is_encrypted": false, "is_digitally_signed": false, "language": "en", "page_count": 4, "pdf_version": "1.6", "pdfa_compliance_level": "", "pdfua_compliance_level": ""}, "elements": [{"Bounds": [147.8350067138672, 776.0741577148438, 471.2470703125, 790.9105529785156], "Font": {"alt_family_name": "SFB Extra", "embedded": true, "encoding": "Custom", "family_name": "SFB Extra 1200", "font_type": "Type1", "italic": false, "monospaced": false, "name": "LFFBOC+SFBX1200", "subset": true, "weight": 400}, "HasClip": false, "Lang": "en", "ObjectID": 1835, "Page": 0, "Path": "//Document/Sect/Title", "Text": "The Scallop Theorem and Swimming at the Mesoscale ", "TextSize": 11.9552001953125, "attributes": {"LineHeight": 14.375, "TextAlign": "Center"}}, {"Bounds": [61.177001953125, 752.7440032958984, 556.1662445068359, 766.1263122558594], "Font": {"alt_family_name": "CMS Y", "embedded": true, "encoding": "Custom", "family_name": "CMS Y 7", "font_type": "Type1", "italic": false, "monospaced": false, "name": "RHKIXN+CMSY7", "subset": true, "weight": 400}, "HasClip": false, "Lang": "en", "ObjectID": 1836, "Page": 0, "Path": "//Document/Sect/P", "Text": "M. Hubert,1, \u2217 O. Trosman,1, \u2217 Y. Collard,2, \u2217 A. Sukhov,3, \u2217 J. Harting,3, 4 N. Vandewalle,2 and A.-S. Smith1, 5, \u2020 ", "TextSize": 6.9738006591796875}, {"Bounds": [64.06700134277344, 722.9691619873047, 69.21371459960938, 730.5248565673828], "Font": {"alt_family_name": "SFR M", "embedded": true, "encoding": "Custom", "family_name": "SFR M 0600", "font_type": "Type1", "italic": false, "monospaced": false, "name": "DXTAWV+SFRM0600", "subset": true, "weight": 400}, "HasClip": false, "Lang": "en", "ObjectID": 1849, "Page": 0, "Path": "//Document/Sect/Footnote", "Text": "3 ", "TextSize": 5.97760009765625, "attributes": {"LineHeight": 7.125}}, {"Bounds": [119.63499450683594, 739.1157836914062, 496.4823913574219, 751.4458618164062], "Font": {"alt_family_name": "SFT I", "embedded": true, "encoding": "Custom", "family_name": "SFT I 0900", "font_type": "Type1", "italic": false, "monospaced": false, "name": "GURLKK+SFTI0900", "subset": true, "weight": 400}, "HasClip": false, "Lang": "en", "ObjectID": 1850, "Page": 0, "Path": "//Document/Sect/Footnote[2]", "Text": "1PULS Group, Department of Physics, FAU Erlangen-N\u00fcrnberg, IZNF, Erlangen, Germany", "TextSize": 8.966400146484375, "attributes": {"LineHeight": 7.125}}, {"Bounds": [111.99600219726562, 728.6557922363281, 506.3637237548828, 740.9858551025391], "Font": {"alt_family_name": "SFT I", "embedded": true, "encoding": "Custom", "family_name": "SFT I 0900", "font_type": "Type1", "italic": false, "monospaced": false, "name": "GURLKK+SFTI0900", "subset": true, "weight": 400}, "HasClip": false, "Lang": "en", "ObjectID": 1852, "Page": 0, "Path": "//Document/Sect/Footnote[3]", "Text": "2GRASP, Research unit CESAM, Institute of Physics B5a, Universit\u00e9 de Li\u00e8ge, Li\u00e8ge, Belgium ", "TextSize": 8.966400146484375, "attributes": {"LineHeight": 7.125}}, {"Bounds": [54.0, 712.5081634521484, 554.2945098876953, 729.4296875], "Font": {"alt_family_name": "SFT I", "embedded": true, "encoding": "Custom", "family_name": "SFT I 0900", "font_type": "Type1", "italic": false, "monospaced": false, "name": "GURLKK+SFTI0900", "subset": true, "weight": 400}, "HasClip": false, "Lang": "de", "ObjectID": 1854, "Page": 0, "Path": "//Document/Sect/Footnote[4]", "Text": "Helmholtz Institute Erlangen-N\u00fcrnberg for Renewable Energy (IEK-11), Forschungszentrum J\u00fclich, N\u00fcrnberg, Germany 4", "TextSize": 8.966400146484375, "attributes": {"LineHeight": 6.625, "SpaceAfter": -6.874979999999823}}, {"Bounds": [58.149993896484375, 707.7337799072266, 562.1154327392578, 718.9686889648438], "Font": {"alt_family_name": "SFT I", "embedded": true, "encoding": "Custom", "family_name": "SFT I 0900", "font_type": "Type1", "italic": false, "monospaced": false, "name": "GURLKK+SFTI0900", "subset": true, "weight": 400}, "HasClip": false, "Lang": "en", "ObjectID": 1855, "Page": 0, "Path": "//Document/Sect/Footnote[5]", "Text": "Deptartment of Chemical and Biological Engineering & Department of Physics, FAU Erlangen-N\u00fcrnberg, N\u00fcrnberg, Germany", "TextSize": 8.966400146484375}, {"Bounds": [136.51400756835938, 697.2727813720703, 481.8275604248047, 709.6028594970703], "Font": {"alt_family_name": "SFT I", "embedded": true, "encoding": "Custom", "family_name": "SFT I 0900", "font_type": "Type1", "italic": false, "monospaced": false, "name": "GURLKK+SFTI0900", "subset": true, "weight": 400}, "HasClip": false, "Lang": "en", "ObjectID": 1856, "Page": 0, "Path": "//Document/Sect/Footnote[6]", "Text": "5Group for Computational Life Sciences, Ru\u017eer Boskovic Institute, Zagreb, Croatia ", "TextSize": 8.966400146484375, "attributes": {"LineHeight": 7.125}}, {"Bounds": [108.78944396972656, 628.0073394775391, 511.9277648925781, 691.614990234375], "Font": {"alt_family_name": "SFR M", "embedded": true, "encoding": "Custom", "family_name": "SFR M 0900", "font_type": "Type1", "italic": false, "monospaced": false, "name": "WGIKTP+SFRM0900", "subset": true, "weight": 400}, "HasClip": false, "Lang": "en", "ObjectID": 1858, "Page": 0, "Path": "//Document/Sect/P[2]", "Text": "By synergistically combining modeling, simulation and experiments, we show that there exists a regime of self-propulsion in which the inertia in the fluid dynamics can be separated from that of the swimmer. This is demonstrated by the motion of an asymmetric dumbbell that, despite deforming in a reciprocal fashion, self-propagates in a fluid due to a non-reciprocal Stokesian flow field. The latter arises from the di\u02d9erence in the coasting times of the two constitutive beads. This asymmetry acts as a second degree of freedom, recovering the scallop theorem at the mesoscopic scale. ", "TextSize": 8.966400146484375}, {"Bounds": [14.039993286132812, 182.0, 36.36000061035156, 609.7400054931641], "Font": {"alt_family_name": "Times", "embedded": false, "encoding": "Custom", "family_name": "Times", "font_type": "Type1", "italic": false, "monospaced": false, "name": "Times-Roman", "subset": false, "weight": 400}, "HasClip": false, "Lang": "en", "ObjectID": 1859, "Page": 0, "Path": "//Document/Sect/P[3]", "Rotation": 90.0, "Text": "arXiv:2008.08305v1 [physics.flu-dyn] 19 Aug 2020", "TextSize": 20.0, "attributes": {"LineHeight": 24}}, {"Bounds": [54.000396728515625, 504.92408752441406, 304.08164978027344, 609.1129608154297], "Font": {"alt_family_name": "SFR M", "embedded": true, "encoding": "Custom", "family_name": "SFR M 1000", "font_type": "Type1", "italic": false, "monospaced": false, "name": "ZANSJZ+SFRM1000", "subset": true, "weight": 400}, "HasClip": false, "Lang": "en", "ObjectID": 1860, "Page": 0, "Path": "//Document/Sect/P[4]", "Text": "The time-reversibility and linearity of the Stokes equation require microswimmers to deform in a non-reciprocal fashion in order to swim, a rule known as the scallop theorem [1]. Many strategies in the Stokesian regime, requiring at least two degrees of freedom for successful propulsion, have been intensively investigated in the past decades [2\u201310]. This provided a fundamental understanding of the underlying dynamics as reflected by the emergence of several technological applications [11\u201316]. ", "TextSize": 9.962600708007812}, {"Bounds": [53.98004150390625, 298.3740234375, 304.0815887451172, 505.6812438964844], "Font": {"alt_family_name": "SFR M", "embedded": true, "encoding": "Custom", "family_name": "SFR M 1000", "font_type": "Type1", "italic": false, "monospaced": false, "name": "ZANSJZ+SFRM1000", "subset": true, "weight": 400}, "HasClip": false, "Lang": "en", "ObjectID": 1864, "Page": 0, "Path": "//Document/Sect/P[5]", "Text": "A natural way to break down the scallop theorem is by introducing inertia. This is commonly achieved by the inertial dynamics of the fluid [17, 18], here characterized by the Reynolds number Ref = \u03c1f LU/\u03b7 (\u03c1f and \u03b7 being the \ufb02uid density and viscosity, L the swimmer body length, and U the average swimming speed). For example, this can be achieved by using steady streaming [19\u201321], generation of vortices [22], or turbulent \ufb02ows [23]. The possibilities for the exploitation of the swimmer\u2019s own inertia, however, are still subject to debate [24]. Interestingly, recent experiments and simulations have shown that meso-scopic structures, i.e. 100\u00b5m up to 1cm in scale, display coasting e\u02d9ects [25\u201327], while generating \ufb02uid \ufb02ows with a time-reversible behavior [28, 29]. Those observations point to the possible existence of a swimming regime at low-Ref where the inertia of the so-called mesoswimmer dominates and generates the motion, a hypothesis which warrants further investigations. ", "TextSize": 9.962600708007812}, {"Bounds": [53.99658203125, 177.11489868164062, 304.0789031982422, 299.1311798095703], "Font": {"alt_family_name": "CMS Y", "embedded": true, "encoding": "Custom", "family_name": "CMS Y 10", "font_type": "Type1", "italic": false, "monospaced": false, "name": "UDASIK+CMSY10", "subset": true, "weight": 400}, "HasClip": false, "Lang": "en", "ObjectID": 1875, "Page": 0, "Path": "//Document/Sect/P[6]", "Text": "A minimal mesoswimmer that can verify this hypothesis is an asymmetric dumbbell consisting of two di\u02d9erent interacting beads, driven in a force free manner (Fig. 1). The Reynolds number Res of such a swimmer is set by its bead density \u03c1s, its bead size a, and its beating frequency \u03c9 such as Res = \u03c1sa 2\u03c9/\u03b7. This design possesses only one internal degree of freedom which leads to a reciprocal deformation, and therefore cannot swim without the help of inertia [19, 20, 24]. Assuming that the Reynolds number of the \ufb02uid Ref \ue01c 1 and of the swimmer Res \u223c 1, the ", "TextSize": 9.962600708007812}, {"Bounds": [319.8765411376953, 391.17120361328125, 598.3283843994141, 610.8217315673828], "ClipBounds": [329.2067413330078, 396.23370361328125, 549.8935394287109, 609.80224609375], "ObjectID": 1885, "Page": 0, "Path": "//Document/Sect/Figure", "attributes": {"BBox": [329.1469999999972, 396.82799999999406, 549.8179999999993, 609.8189999999886], "Placement": "Block"}}, {"Bounds": [319.8765411376953, 391.17120361328125, 598.3283843994141, 610.8217315673828], "ClipBounds": [329.2067413330078, 396.23370361328125, 549.8935394287109, 609.80224609375], "Font": {"alt_family_name": "Deja Vu Serif", "embedded": true, "encoding": "WinAnsiEncoding", "family_name": "Deja Vu Serif", "font_type": "TrueType", "italic": true, "monospaced": false, "name": "BLUOHE+DejaVuSerif-Italic", "subset": true, "weight": 400}, "HasClip": true, "ObjectID": 1885, "Page": 0, "Path": "//Document/Sect/Figure", "Text": "F \u2192 F \u2192 L U (a) Model \u00b52 \u2192\u00b51 \u2192 a1 a2 U (c) Experiments x y t=0 t=T/2Bz \u2192 Bx(t) \u2192 B(t) \u2192 U (b) LB Simulations k 0.5 0.0 vF U ", "TextSize": 7.8423004150390625, "attributes": {"BBox": [329.1469999999972, 396.82799999999406, 549.8179999999993, 609.8189999999886], "Placement": "Block"}}, {"Bounds": [317.01177978515625, 174.9482421875, 566.7102661132812, 385.06028747558594], "Font": {"alt_family_name": "SFR M", "embedded": true, "encoding": "Custom", "family_name": "SFR M 0900", "font_type": "Type1", "italic": false, "monospaced": false, "name": "WGIKTP+SFRM0900", "subset": true, "weight": 400}, "HasClip": false, "Lang": "en", "ObjectID": 1886, "Page": 0, "Path": "//Document/Sect/P[7]", "Text": "FIG. 1. Asymmetric swimming dumbbell. (a) The model assumes two spheres of density \u03c1s with radii a1 and a2 at a distance L connected by a linear spring with constant k. The device is submerged in a \ufb02uid of viscosity \u03b7 and driven by sinusoidal forces of same amplitudes F and frequencies \u03c9 acting in opposite directions. (b) An equivalent system is addressed by lattice Boltzmann simulations (a1 = 5, a2 = 8, \u03b7 = 1/6, k = 1/50, L = 28, \u03c1f = 1, and \u03c1s = 8, all expressed in lattice units l.u.). The simulation box is discretized by 400\u00d7160\u00d7160 lattice nodes. The background shows the \ufb02ow \ufb01eld averaged over one cycle of the external sinusoidal forcing (F = 0.1, \u03c9 = 1.57 \u00d7 10\u22123). (c) A magneto-capillary dumbbell is made of two ferromagnetic beads (magnetic moments ~\u00b5i, radii ai \u2208 (397, 500, 793) \u00b5m, and density 7830 kg/m3), pinned at the water/air interface. The two beads separation L is about 1400\u00b5m, and sets by the balance of capillary attraction and magnetic dipole repulsion. The device is driven by an external magnetic \ufb01eld B~(t) = Bz~ez + (B0 + b sin (\u03c9t)) ~ex, which induces small oscillations of the beads. Snapshots are from the beginning of the cycle and half way through. ", "TextSize": 8.966400146484375}, {"Bounds": [55.326995849609375, 138.084228515625, 191.3345489501953, 149.11888122558594], "Font": {"alt_family_name": "CMS Y", "embedded": true, "encoding": "Custom", "family_name": "CMS Y 6", "font_type": "Type1", "italic": false, "monospaced": false, "name": "PRKHXP+CMSY6", "subset": true, "weight": 400}, "HasClip": false, "Lang": "en", "ObjectID": 1907, "Page": 0, "Path": "//Document/Sect/Footnote[7]", "Text": "\u2217 These authors contributed equally ", "TextSize": 5.97760009765625, "attributes": {"LineHeight": 7.125}}, {"Bounds": [55.71400451660156, 119.12057495117188, 243.0286102294922, 139.31588745117188], "Font": {"alt_family_name": "SFR M", "embedded": true, "encoding": "Custom", "family_name": "SFR M 0800", "font_type": "Type1", "italic": false, "monospaced": false, "name": "TOAOHT+SFRM0800", "subset": true, "weight": 400}, "HasClip": false, "Lang": "en", "ObjectID": 1908, "Page": 0, "Path": "//Document/Sect/Footnote[8]", "Text": "\u2020 Correspondence to: maxime.hubert@fau.de, and ana-suncana.smith@fau.de or asmith@irb.hr ", "TextSize": 7.9700927734375}, {"Bounds": [317.0140075683594, 115.63301086425781, 567.085205078125, 151.0799560546875], "Font": {"alt_family_name": "SFR M", "embedded": true, "encoding": "Custom", "family_name": "SFR M 1000", "font_type": "Type1", "italic": false, "monospaced": false, "name": "ZANSJZ+SFRM1000", "subset": true, "weight": 400}, "HasClip": false, "ObjectID": 1910, "Page": 0, "Path": "//Document/Sect/P[8]/ParagraphSpan", "Text": "flow should be dominated by the fluid viscosity while the propulsion mechanism should be related to the coasting time of the swimmer, which we de\ufb01ne as \u03c4 = m/(6\u03c0\u03b7a), ", "TextSize": 9.962600708007812}, {"Bounds": [54.00260925292969, 742.2811584472656, 304.07374572753906, 789.1850891113281], "Font": {"alt_family_name": "SFR M", "embedded": true, "encoding": "Custom", "family_name": "SFR M 1000", "font_type": "Type1", "italic": false, "monospaced": false, "name": "ZANSJZ+SFRM1000", "subset": true, "weight": 400}, "HasClip": false, "ObjectID": 1911, "Page": 1, "Path": "//Document/Sect/P[8]/ParagraphSpan[2]", "Text": "with m being the bead mass. In this case, the swimmer should achieve propulsion and fulfill the requirement of the scallop theorem by relying on an asymmetry in coasting times of the constitutive beads. ", "TextSize": 9.962600708007812}, {"Bounds": [54.01255798339844, 649.8381958007812, 304.0937194824219, 742.5700836181641], "Font": {"alt_family_name": "SFR M", "embedded": true, "encoding": "Custom", "family_name": "SFR M 1000", "font_type": "Type1", "italic": false, "monospaced": false, "name": "ZANSJZ+SFRM1000", "subset": true, "weight": 400}, "HasClip": false, "Lang": "en", "ObjectID": 1913, "Page": 1, "Path": "//Document/Sect/P[9]", "Text": "To elaborate on this idea, we first build an analytic theory that relates the swimming velocity and coasting times. We successfully compare the model to experiments and lattice Boltzmann simulations in which no assumptions are imposed, thereby verifying the hypothesis that there is a swimming regime in which the inertial e\u02d9ects in the swimming dynamics can be separated and the swimmer coasting time harnessed for propulsion. ", "TextSize": 9.962600708007812}, {"Bounds": [53.992218017578125, 520.8050384521484, 304.0837860107422, 650.1271209716797], "Font": {"alt_family_name": "SFR M", "embedded": true, "encoding": "Custom", "family_name": "SFR M 1000", "font_type": "Type1", "italic": false, "monospaced": false, "name": "ZANSJZ+SFRM1000", "subset": true, "weight": 400}, "HasClip": false, "Lang": "en", "ObjectID": 1916, "Page": 1, "Path": "//Document/Sect/P[10]", "Text": "Our modeling e\u02d9orts revolve around a dumbbell (Fig. 1a), that consists of two submerged beads of mass mi and radii ai. The beads are linked by a linear spring with sti\u02d9ness k and natural length L, capturing, within the harmonic approximation G~ i,j = \u2212k(|~xi \u2212 ~xj| \u2212 L), possible direct interactions between beads. The external forcing F~ i is a sinusoidal force applied to each bead with the same intensity F and frequency \u03c9 in opposite directions to satisfy the force-free condition. The swimming dynamics of this object is studied using the equations of motion ", "TextSize": 9.962600708007812}, {"Bounds": [97.5780029296875, 481.1837921142578, 256.5011444091797, 519.6194915771484], "ObjectID": 1926, "Page": 1, "Path": "//Document/Sect/Figure[2]", "attributes": {"BBox": [97.79599999999846, 489.82399999999325, 256.54999999998836, 518.3829999999725], "Placement": "Block"}}, {"Bounds": [97.5780029296875, 481.1837921142578, 256.5011444091797, 519.6194915771484], "Font": {"alt_family_name": "CMM I", "embedded": true, "encoding": "Custom", "family_name": "CMM I 10", "font_type": "Type1", "italic": false, "monospaced": false, "name": "LVDIDL+CMMI10", "subset": true, "weight": 400}, "HasClip": false, "ObjectID": 1926, "Page": 1, "Path": "//Document/Sect/Figure[2]", "Text": "xxxxFFGGxxxx\ue014 \ue015 \u22022\u2202x = M\u02c6 (x) F(t) + G(x) \u2212 m\u02c6 x ,\u2202t \u2202t2 ", "TextSize": 9.962600708007812, "attributes": {"BBox": [97.79599999999846, 489.82399999999325, 256.54999999998836, 518.3829999999725], "Placement": "Block"}}, {"Bounds": [286.3490905761719, 493.4203186035156, 301.5719451904297, 505.9532775878906], "Font": {"alt_family_name": "SFR M", "embedded": true, "encoding": "Custom", "family_name": "SFR M 1000", "font_type": "Type1", "italic": false, "monospaced": false, "name": "ZANSJZ+SFRM1000", "subset": true, "weight": 400}, "HasClip": false, "Lang": "en", "ObjectID": 1927, "Page": 1, "Path": "//Document/Sect/P[11]", "Text": "(1) ", "TextSize": 9.962600708007812, "attributes": {"LineHeight": 12, "TextAlign": "Center"}}, {"Bounds": [54.0, 382.8635559082031, 304.08123779296875, 477.1019592285156], "Font": {"alt_family_name": "SFR M", "embedded": true, "encoding": "Custom", "family_name": "SFR M 1000", "font_type": "Type1", "italic": false, "monospaced": false, "name": "ZANSJZ+SFRM1000", "subset": true, "weight": 400}, "HasClip": false, "Lang": "en", "ObjectID": 1928, "Page": 1, "Path": "//Document/Sect/P[12]", "Text": "where bold symbols account for concatenated vectors, e.g. x = (~x1,~x2). In this equation, we assume a low-Ref dynamics by using the mobility matrix M\u02c6 (x). This matrix models hydrodynamic interactions with the Stokes drag (diagonal elements) and the Oseen tensor (o\u02d9 diagonal elements). The inertia of the beads is explicitly taken into account by a force \u2212m\u02c6 (\u22022x/\u2202t2). The matrix m\u02c6 has m1 and m2 in its diagonal elements. ", "TextSize": 9.962600708007812}, {"Bounds": [53.9952392578125, 336.2900085449219, 304.0743865966797, 383.1919250488281], "Font": {"alt_family_name": "CMM I", "embedded": true, "encoding": "Custom", "family_name": "CMM I 10", "font_type": "Type1", "italic": false, "monospaced": false, "name": "LVDIDL+CMMI10", "subset": true, "weight": 400}, "HasClip": false, "Lang": "en", "ObjectID": 1939, "Page": 1, "Path": "//Document/Sect/P[13]", "Text": "This equation is solved (see [30] (Sect. I.A)) using a perturbative scheme [7]. Assuming F/(kai) \ue01c 1 and ai/L \ue01c 1, one obtains the period-averaged swimming speed ", "TextSize": 9.962600708007812}, {"Bounds": [62.680999755859375, 249.2957000732422, 279.9652404785156, 326.7894744873047], "ObjectID": 1942, "Page": 1, "Path": "//Document/Sect/Figure[3]", "attributes": {"BBox": [62.8773999999994, 263.153999999995, 277.4289999999892, 324.5909999999858], "Placement": "Block"}}, {"Bounds": [62.680999755859375, 249.2957000732422, 279.9652404785156, 326.7894744873047], "Font": {"alt_family_name": "CMM I", "embedded": true, "encoding": "Custom", "family_name": "CMM I 10", "font_type": "Type1", "italic": false, "monospaced": false, "name": "LVDIDL+CMMI10", "subset": true, "weight": 400}, "HasClip": false, "ObjectID": 1942, "Page": 1, "Path": "//Document/Sect/Figure[3]", "Text": "2 2 F 3F2\u03c94 a0 1 a 2 U = 2 3 L2 2k2\u03b8 (a1 + a2) \u03c9 (\u03b82 \u2212 \u03b81)\u00d7 \ue012\ue010 \ue0112 \ue010 \ue0112 \ue013, \u03c92 \u03c92 \u03c90 2 \u2212 \u03c92 \u2212 \u03c92 0 \u2212 \u03c92 + +\u03b81\u03b82 \u03b8 \u03b81 \u03b82 ", "TextSize": 9.962600708007812, "attributes": {"BBox": [62.8773999999994, 263.153999999995, 277.4289999999892, 324.5909999999858], "Placement": "Block"}}, {"Bounds": [286.3512725830078, 277.8786163330078, 304.0547332763672, 290.4115753173828], "Font": {"alt_family_name": "SFR M", "embedded": true, "encoding": "Custom", "family_name": "SFR M 1000", "font_type": "Type1", "italic": false, "monospaced": false, "name": "ZANSJZ+SFRM1000", "subset": true, "weight": 400}, "HasClip": false, "Lang": "en", "ObjectID": 1943, "Page": 1, "Path": "//Document/Sect/P[14]", "Text": "(2) ", "TextSize": 9.962600708007812, "attributes": {"LineHeight": 12, "TextAlign": "Center"}}, {"Bounds": [53.99595642089844, 154.86305236816406, 304.06884765625, 247.59495544433594], "Font": {"alt_family_name": "CM R", "embedded": true, "encoding": "Custom", "family_name": "CM R 10", "font_type": "Type1", "italic": false, "monospaced": false, "name": "TXYTZH+CMR10", "subset": true, "weight": 400}, "HasClip": false, "Lang": "en", "ObjectID": 1944, "Page": 1, "Path": "//Document/Sect/P[15]", "Text": "where \u03b8i = mi\u03c9/(6\u03c0\u03b7ai) = \u03c4i\u03c9 is the ratio of the coasting time to the external forcing period, \u03b8 = (m1 + m2)\u03c9/(6\u03c0\u03b7(a1 + a2)) is the swimmer coasting time, and \u03c902 = k(m1 + m2)/(m1m2). The solution for arbitrary separation (within the limit of the validity of the Oseen tensor) is provided in [30] (Sect. I.A). The superscript F in Eq.(2) refers to a force-based approach [6, 7, 31] where the stroke of the beads is known only a posteriori. ", "TextSize": 9.962600708007812}, {"Bounds": [54.0, 110.76190185546875, 304.0711975097656, 155.15196228027344], "Font": {"alt_family_name": "CMM I", "embedded": true, "encoding": "Custom", "family_name": "CMM I 10", "font_type": "Type1", "italic": false, "monospaced": false, "name": "LVDIDL+CMMI10", "subset": true, "weight": 400}, "HasClip": false, "Lang": "en", "ObjectID": 1961, "Page": 1, "Path": "//Document/Sect/P[16]", "Text": "Alternatively, one can impose a stroke a priori and calculate the swimming velocity U S[2, 3]. Now G(x) is removed from Eq.(1). Assuming ai/L \ue01c 1 and a stroke ", "TextSize": 9.962600708007812, "attributes": {"LineHeight": 12.75, "TextAlign": "Justify"}}, {"Bounds": [317.0155029296875, 765.197021484375, 567.080810546875, 789.1869506835938], "Font": {"alt_family_name": "CM R", "embedded": true, "encoding": "Custom", "family_name": "CM R 10", "font_type": "Type1", "italic": false, "monospaced": false, "name": "TXYTZH+CMR10", "subset": true, "weight": 400}, "HasClip": false, "Lang": "en", "ObjectID": 1964, "Page": 1, "Path": "//Document/Sect/P[17]", "Text": "|~x2(t) \u2212 ~x1(t)| = L + dsin(\u03c9t) (see [30] (Sect. I.B)), one obtains ", "TextSize": 9.962600708007812}, {"Bounds": [361.15899658203125, 728.3527374267578, 520.2415466308594, 757.303466796875], "ObjectID": 1967, "Page": 1, "Path": "//Document/Sect/Figure[4]", "attributes": {"BBox": [361.304999999993, 729.8149999999732, 517.7789999999804, 755.1339999999909], "Placement": "Block"}}, {"Bounds": [361.15899658203125, 728.3527374267578, 520.2415466308594, 757.303466796875], "Font": {"alt_family_name": "CM R", "embedded": true, "encoding": "Custom", "family_name": "CM R 10", "font_type": "Type1", "italic": false, "monospaced": false, "name": "TXYTZH+CMR10", "subset": true, "weight": 400}, "HasClip": false, "ObjectID": 1967, "Page": 1, "Path": "//Document/Sect/Figure[4]", "Text": "2 2 S 3d2 a1 a \u03c9 (\u03b82 \u2212 \u03b81)2 U = . 2 3 L2 2(a1 + a2) 1+\u03b8 ", "TextSize": 9.962600708007812, "attributes": {"BBox": [361.304999999993, 729.8149999999732, 517.7789999999804, 755.1339999999909], "Placement": "Block"}}, {"Bounds": [549.3622283935547, 737.4869995117188, 564.5850830078125, 750.0199584960938], "Font": {"alt_family_name": "SFR M", "embedded": true, "encoding": "Custom", "family_name": "SFR M 1000", "font_type": "Type1", "italic": false, "monospaced": false, "name": "ZANSJZ+SFRM1000", "subset": true, "weight": 400}, "HasClip": false, "Lang": "en", "ObjectID": 1968, "Page": 1, "Path": "//Document/Sect/P[18]", "Text": "(3) ", "TextSize": 9.962600708007812, "attributes": {"LineHeight": 12, "TextAlign": "End"}}, {"Bounds": [317.01536560058594, 695.4163818359375, 562.0952606201172, 719.4063262939453], "Font": {"alt_family_name": "SFR M", "embedded": true, "encoding": "Custom", "family_name": "SFR M 1000", "font_type": "Type1", "italic": false, "monospaced": false, "name": "ZANSJZ+SFRM1000", "subset": true, "weight": 400}, "HasClip": false, "Lang": "en", "ObjectID": 1969, "Page": 1, "Path": "//Document/Sect/P[19]", "Text": "Notably, there is a unique mapping between the two approaches (see [30] (Sect. I.C)). ", "TextSize": 9.962600708007812}, {"Bounds": [537.8390045166016, 635.3033447265625, 552.7254486083984, 650.3934783935547], "ObjectID": 1975, "Page": 1, "Path": "//Document/Sect/P[20]/Figure", "attributes": {"BBox": [538.05799999999, 637.7779999999912, 551.0179999999818, 648.2179999999935]}}, {"Bounds": [545.9259948730469, 642.3875427246094, 552.7254486083984, 650.3934783935547], "Font": {"alt_family_name": "CMM I", "embedded": true, "encoding": "Custom", "family_name": "CMM I 7", "font_type": "Type1", "italic": false, "monospaced": false, "name": "KEPXSX+CMMI7", "subset": true, "weight": 400}, "HasClip": false, "ObjectID": 1976, "Page": 1, "Path": "//Document/Sect/P[20]/Figure/StyleSpan", "Text": "F ", "TextSize": 6.9738006591796875, "attributes": {"TextPosition": "Sup"}}, {"Bounds": [537.8390045166016, 635.3033447265625, 552.7254486083984, 650.3934783935547], "Font": {"alt_family_name": "CMM I", "embedded": true, "encoding": "Custom", "family_name": "CMM I 10", "font_type": "Type1", "italic": false, "monospaced": false, "name": "LVDIDL+CMMI10", "subset": true, "weight": 400}, "HasClip": false, "ObjectID": 1975, "Page": 1, "Path": "//Document/Sect/P[20]/Figure", "Text": "U ", "TextSize": 9.962600708007812, "attributes": {"BBox": [538.05799999999, 637.7779999999912, 551.0179999999818, 648.2179999999935]}}, {"Bounds": [317.0140075683594, 611.6820220947266, 567.0860443115234, 695.5458984375], "Font": {"alt_family_name": "SFR M", "embedded": true, "encoding": "Custom", "family_name": "SFR M 1000", "font_type": "Type1", "italic": false, "monospaced": false, "name": "ZANSJZ+SFRM1000", "subset": true, "weight": 400}, "HasClip": false, "Lang": "en", "ObjectID": 1971, "Page": 1, "Path": "//Document/Sect/P[20]", "Text": "In both force-based and stroke-based protocols, the analytical model described with Eq. (1) predicts a translation of the device in the direction of the beads with the smallest coasting time. This result may be sensitive to the ai/L conditions, as it can be seen in [30] where is calculated without approximation beyond the use of the Oseen tensor. ", "TextSize": 9.962600708007812}, {"Bounds": [317.02479553222656, 370.13880920410156, 567.1060028076172, 611.8115386962891], "Font": {"alt_family_name": "SFR M", "embedded": true, "encoding": "Custom", "family_name": "SFR M 1000", "font_type": "Type1", "italic": false, "monospaced": false, "name": "ZANSJZ+SFRM1000", "subset": true, "weight": 400}, "HasClip": false, "Lang": "en", "ObjectID": 1977, "Page": 1, "Path": "//Document/Sect/P[21]", "Text": "One can relax the assumptions made on the hydrodynamic flows and study the asymmetric dumbbell with lattice Boltzmann (LB) simulations (Fig. 1b) [26, 32, 33]. This algorithm solves a discrete version of the Boltzmann equation and recovers solutions of the Navier-Stokes equations in the limit of low Mach and low Knudsen numbers. For the bead dynamics, a leap-frog algorithm is used to solve Newton\u2019s equation of motion. The beads are discretized on the fluid lattice and their dynamics is coupled to the fluid by a mid-grid bounce-back boundary condition [26, 30, 34, 35]. As such, both the fluid and the spring-connected beads are simulated without any dynamical assumptions (see [30] (Sect. II.A)). For further comparison, we choose the numerical parameters to recover the expected Reynolds numbers of the beads and the fluid. We first confirm that there is no net flow responsible for the swimmer\u2019s displacement, and that a symmetric dumbbell does not swim. Finally, we show that a reciprocal deformation of an asymmetric pair results in a translational motion of the device in the direction of the small bead, as predicted by the theory. ", "TextSize": 9.962600708007812}, {"Bounds": [317.0020751953125, 110.76190185546875, 567.0960235595703, 370.26832580566406], "Font": {"alt_family_name": "SFR M", "embedded": true, "encoding": "Custom", "family_name": "SFR M 1000", "font_type": "Type1", "italic": false, "monospaced": false, "name": "ZANSJZ+SFRM1000", "subset": true, "weight": 400}, "HasClip": false, "Lang": "en", "ObjectID": 1986, "Page": 1, "Path": "//Document/Sect/P[22]", "Text": "Finally, we perform experiments using magneto-capillary swimmers (see [30] (Sect. II.B)) established previously [27\u201329, 36] (Fig. 1c). In short, the paramagnetic beads with a radius of 397, 500 or 793 \u00b5m are deposited on an air-water interface. When placed in a magnetic field Bz perpendicular to the interface, their capillary attraction is balanced by magnetic dipole repulsion [28]. Imposing a small oscillating field (B0 + b sin (\u03c9t)) in the direction parallel to the interface induces oscillations in the relative distance between the beads. The homogeneity of Bz and the \ufb02atness of the interface away from the beads ensure force-free conditions at all times. Consequently, symmetric dumbbells with two identical beads show no self-propulsion. However, a translation of the device is observed for two beads of di\u02d9erent sizes. The swimmer moves towards the small bead, as shown in Fig. 2a (see also [30] SI Movie 1), in agreement with simulations and theoretical predictions. The swimmer is typically slow, reaching speeds up to 15 \u00b5m/s, i.e. 4 \u00d7 10\u22123L/T body-length L per period T, which gives a \ufb02ow dominated by viscous drag instead of inertia, as quanti\ufb01ed with Ref \u223c 10\u22122 . Similar speeds and Reynolds ", "TextSize": 9.962600708007812}, {"Bounds": [83.1964111328125, 654.9494018554688, 533.2442016601562, 789.3656616210938], "ClipBounds": [83.1964111328125, 656.3839721679688, 533.2442016601562, 789.3656616210938], "ObjectID": 1997, "Page": 2, "Path": "//Document/Sect/Figure[5]", "attributes": {"BBox": [83.27659999999742, 656.4979999999923, 533.377999999997, 788.2519999999786], "Placement": "Block"}}, {"Bounds": [83.1964111328125, 654.9494018554688, 533.2442016601562, 789.3656616210938], "ClipBounds": [83.1964111328125, 656.3839721679688, 533.2442016601562, 789.3656616210938], "Font": {"alt_family_name": "Deja Vu Sans", "embedded": true, "encoding": "Identity-H", "family_name": "Deja Vu Sans", "font_type": "CIDFontType2", "italic": true, "monospaced": false, "name": "HYOHHI+DejaVuSans-Oblique", "subset": true, "weight": 400}, "HasClip": true, "ObjectID": 1997, "Page": 2, "Path": "//Document/Sect/Figure[5]", "Text": "1s 1  mm 793-500 \u00b5m 793-397 \u00b5m 500-397 \u00b5m (b) Experiment\u00d7 US (Eq.(3))(a) FF=0.05 F=0.07 F=0.12 F=0.15 LBU(Eq.(SI 13))(c) 0 1 2 3 4 5 6 0 10 20 30 \u03c9 [10-3 l.u.] U [10 -6 l.u.] \u25cb \u25cb \u25cb \u25cb \u25cb \u25cb \u25cb \u25cb \u25cb \u25cb \u25b3 \u25c7 \u00d7 \u00d7 \u00d7 \u00d7 \u00d7 \u00d7 \u00d7 \u00d7 \u00d7 \u00d7 0 5 10 15 20 25 30 0 5 10 15 \u03c9 [s-1] U [\u00b5m/s] ", "TextSize": 7.6269989013671875, "attributes": {"BBox": [83.27659999999742, 656.4979999999923, 533.377999999997, 788.2519999999786], "Placement": "Block"}}, {"Bounds": [54.0, 560.0800933837891, 567.3801879882812, 644.6752777099609], "Font": {"alt_family_name": "CM R", "embedded": true, "encoding": "Custom", "family_name": "CM R 9", "font_type": "Type1", "italic": false, "monospaced": false, "name": "ANZDEK+CMR9", "subset": true, "weight": 400}, "HasClip": false, "Lang": "en", "ObjectID": 1998, "Page": 2, "Path": "//Document/Sect/P[23]", "Text": "FIG. 2. Swimming dynamics of an asymmetric dumbbell -comparison of LB simulations and experiments with the analytic model (a) Sinusoidal trajectory of the beads (500 and 800\u00b5m) subject to the driving Bz = 5.6 mT, B0 = 0.7 mT, b = 0.35 mT and \u03c9 = 12.57 Hz. Vertical lines are guides to the eye. (b) Average swimming speed of the asymmetric dumbbell as a function of the magnetic \ufb01eld frequency \u03c9. Amplitudes of the \ufb01eld are as in (a). Error bars account for the variance (\u00b1\u03c3) between 5 independent experiments. Theory using Eq.(3) is shown in black for the 500 \u2212 793\u00b5m beads combination, with the error bars propagated from experimental uncertainty. (c) Average swimming speed of the asymmetric dumbbell as a function of the frequency from lattice Boltzmann simulations (symbols) and the analytic model (lines) for di\u02d9erent values of the driving force F (no \ufb01tting). Parameters are same as in Fig. 1 except that k = 1/200. ", "TextSize": 8.966400146484375}, {"Bounds": [54.0, 514.2080078125, 304.0413360595703, 538.1979522705078], "Font": {"alt_family_name": "SFR M", "embedded": true, "encoding": "Custom", "family_name": "SFR M 1000", "font_type": "Type1", "italic": false, "monospaced": false, "name": "ZANSJZ+SFRM1000", "subset": true, "weight": 400}, "HasClip": false, "Lang": "en", "ObjectID": 2001, "Page": 2, "Path": "//Document/Sect/P[24]", "Text": "numbers were obtained in previous experiments involving the linear 3-bead swimmer [27]. ", "TextSize": 9.962600708007812}, {"Bounds": [53.98988342285156, 379.3009033203125, 304.07896423339844, 512.7734069824219], "Font": {"alt_family_name": "SFR M", "embedded": true, "encoding": "Custom", "family_name": "SFR M 1000", "font_type": "Type1", "italic": false, "monospaced": false, "name": "ZANSJZ+SFRM1000", "subset": true, "weight": 400}, "HasClip": false, "Lang": "en", "ObjectID": 2002, "Page": 2, "Path": "//Document/Sect/P[25]", "Text": "In order to understand the role of the swimmer inertia, we analyze the frequency response of the swimming speed of the dumbbell (Fig. 2b,c) using all three approaches, whereby the parameters of the simulations are adjusted to recover the experimental swimmer geometry. In experiments, the investigated frequency range corresponds approximately to Res \u223c 1.5 up to Res \u223c 15, with the radius of the small bead used as the characteristic length (Fig. 2b). This is matched in simulations where Res ranges from 0.38 to 7.54 for the frequencies considered (Fig. 2c), while Ref remains small at Ref < 2\u00d710\u22123 . ", "TextSize": 9.962600708007812}, {"Bounds": [53.99147033691406, 159.10389709472656, 304.0794677734375, 384.2323913574219], "Font": {"alt_family_name": "CM R", "embedded": true, "encoding": "Custom", "family_name": "CM R 10", "font_type": "Type1", "italic": false, "monospaced": false, "name": "TXYTZH+CMR10", "subset": true, "weight": 400}, "HasClip": false, "Lang": "en", "ObjectID": 2014, "Page": 2, "Path": "//Document/Sect/P[26]", "Text": "For low frequencies corresponding to Res \ue01c 1, with Ref \ue01c 1, the asymmetric swimmer obeys the usually-encountered Stokesian scallop theorem for microswim-mers [1]. Consequently, the dumbbell swims ine\u00ffciently. A vanishing swimming speed is also observed at high frequencies in all approaches as the amplitude of oscillation decreases too. The intermediate frequencies are characterized by a broad peak in the dumbbell speed. Following the analytic model, this maximum should be associated with the mechanical resonance of the dumbbell. Specifically, Eq. (2) possesses an optimal swimming frequency close to \u03c90, a signature of the in\ufb02uence of the swimmer inertia. This maximum is thus by nature di\u02d9erent to the optimum frequency occurring for purely Stokesian dynamics [6, 31]. In experiments the maximum appears at a frequency of around 15 s\u22121 , which corresponds to the characteristic mechanical resonance identi\ufb01ed previously [25, 27]. In simulations, it occurs around Res = 1.5, which corresponds well to \u03c90 \u223c 1.22 \u00d7 10\u22123 l.u.. ", "TextSize": 9.962600708007812}, {"Bounds": [53.9986572265625, 117.08755493164062, 304.070556640625, 164.03538513183594], "Font": {"alt_family_name": "CMM I", "embedded": true, "encoding": "Custom", "family_name": "CMM I 10", "font_type": "Type1", "italic": false, "monospaced": false, "name": "LVDIDL+CMMI10", "subset": true, "weight": 400}, "HasClip": false, "ObjectID": 2027, "Page": 2, "Path": "//Document/Sect/P[27]/ParagraphSpan", "Text": "Finally, we compare the analytic model directly with the experiments (Fig. 2b) and simulations (Fig. 2c). Rather than using Eq.(2), we use SI-Eq.(13) (no restriction on ai/L), due to the proximity of the beads in the ", "TextSize": 9.962600708007812}, {"Bounds": [317.0219421386719, 399.637451171875, 567.1031188964844, 538.1972961425781], "Font": {"alt_family_name": "SFR M", "embedded": true, "encoding": "Custom", "family_name": "SFR M 1000", "font_type": "Type1", "italic": false, "monospaced": false, "name": "ZANSJZ+SFRM1000", "subset": true, "weight": 400}, "HasClip": false, "ObjectID": 2030, "Page": 2, "Path": "//Document/Sect/P[27]/ParagraphSpan[2]", "Text": "simulations. With no fitting parameters, the agreement is excellent, with the error not exceeding 10%. The strongest deviations are found around the peak velocity, where the non-zero fluid inertia may play a small role [18, 20, 21]. Furthermore, from reading out the stroke amplitude obtained in experiments, the measured velocities can be compared to the model using Eq. (3). Once again, a very good agreement is obtained with some differences in speed amplitudes at higher frequencies. This deviation is attributed to the presence of the interface and the non-linearity of the magneto-capillary potential, which are not captured by the model. ", "TextSize": 9.962600708007812}, {"Bounds": [317.0120544433594, 166.72703552246094, 567.0940093994141, 396.9375915527344], "Font": {"alt_family_name": "SFR M", "embedded": true, "encoding": "Custom", "family_name": "SFR M 1000", "font_type": "Type1", "italic": false, "monospaced": false, "name": "ZANSJZ+SFRM1000", "subset": true, "weight": 400}, "HasClip": false, "Lang": "en", "ObjectID": 2033, "Page": 2, "Path": "//Document/Sect/P[28]", "Text": "Those comparisons not only vindicate the theoretical model but also testify towards the existence of a meso-scopic swimming regime where propulsion is driven by the inertia of the device while keeping a low Ref . Self-propulsion of mesoswimmers relies on Res > 1, which points to the significant role of the inertia of the beads. However, as demonstrated by the behavior of the symmetric design, inertia alone is not able to propel with a reciprocal deformation. Indeed, swimming necessitates the asymmetry of the design. Under the application of forces, beads accelerate and decelerate at a di\u02d9erent rate as soon as \u03b8i 6= 0 [24]. A direct consequence of this asymmetric response is to induce a phase shift (Fig. 3) in the oscillation of the beads measured within the laboratory frame (see [30] (Sect. I.C)). This is captured by an ellipse in the con\ufb01guration space of the dumbbell, spanned by the coordinates ~x1, and ~x2 of the two oscillating beads. As a consequence of this phase di\u02d9erence, the velocity of the beads with respect to the \ufb02uid is not time reversible even though the swimmer deforms in a reciprocal fashion. ", "TextSize": 9.962600708007812}, {"Bounds": [317.0120544433594, 117.12324523925781, 567.0633544921875, 164.0271759033203], "Font": {"alt_family_name": "SFR M", "embedded": true, "encoding": "Custom", "family_name": "SFR M 1000", "font_type": "Type1", "italic": false, "monospaced": false, "name": "ZANSJZ+SFRM1000", "subset": true, "weight": 400}, "HasClip": false, "Lang": "en", "ObjectID": 2041, "Page": 2, "Path": "//Document/Sect/P[29]", "Text": "The phase shift has two consequences. Firstly, it implies that despite having a force-free swimmer, the instantaneous flow-field generated by the swimmer can have a mono-polar component (see [30] Sect. I.D). Nev-", "TextSize": 9.962600708007812}, {"Bounds": [52.338775634765625, 735.6423492431641, 298.68907165527344, 790.931884765625], "ObjectID": 2044, "Page": 3, "Path": "//Document/Sect/Figure[6]", "attributes": {"BBox": [53.99779999999919, 736.4139999999898, 299.02799999999115, 789.8119999999763], "Placement": "Block"}}, {"Bounds": [52.338775634765625, 735.6423492431641, 298.68907165527344, 790.931884765625], "ObjectID": 2044, "Page": 3, "Path": "//Document/Sect/Figure[6]", "attributes": {"BBox": [53.99779999999919, 736.4139999999898, 299.02799999999115, 789.8119999999763], "Placement": "Block"}}, {"Bounds": [54.0, 660.7850341796875, 303.6962585449219, 724.4432830810547], "Font": {"alt_family_name": "SFR M", "embedded": true, "encoding": "Custom", "family_name": "SFR M 0900", "font_type": "Type1", "italic": false, "monospaced": false, "name": "WGIKTP+SFRM0900", "subset": true, "weight": 400}, "HasClip": false, "Lang": "en", "ObjectID": 2045, "Page": 3, "Path": "//Document/Sect/P[30]", "Text": "FIG. 3. Configuration space of the dumbbell. The ellipse results from the phase shift in the oscillations of the beads x1(t) and x2(t) around the swimmer geometric center. (a) LB simulations and (b) corresponding analytics (\u03c9 = 1.57 \u00d7 10\u22123), and (c) experiments (\u03c9 = 15.7 s\u22121 , 500-793\u00b5m) ", "TextSize": 8.966400146484375}, {"Bounds": [54.0, 576.7880401611328, 304.07130432128906, 635.1489562988281], "Font": {"alt_family_name": "SFR M", "embedded": true, "encoding": "Custom", "family_name": "SFR M 1000", "font_type": "Type1", "italic": false, "monospaced": false, "name": "ZANSJZ+SFRM1000", "subset": true, "weight": 400}, "HasClip": false, "Lang": "en", "ObjectID": 2054, "Page": 3, "Path": "//Document/Sect/P[31]", "Text": "ertheless, the time-averaged flow is dipolar (Fig. 1(b)), and the swimmer can be described as a puller in the investigated range of parameters. Secondly, knowing the phase-shift in the individual oscillations also allows us to cast the expression of the swimming speed into ", "TextSize": 9.962600708007812}, {"Bounds": [137.53500366210938, 545.2663726806641, 217.8436279296875, 563.7768859863281], "ObjectID": 2056, "Page": 3, "Path": "//Document/Sect/Figure[7]", "attributes": {"BBox": [137.75399999999354, 553.1819999999716, 215.39099999999598, 563.1409999999742], "Placement": "Block"}}, {"Bounds": [137.53500366210938, 545.2663726806641, 217.8436279296875, 563.7768859863281], "Font": {"alt_family_name": "CMM I", "embedded": true, "encoding": "Custom", "family_name": "CMM I 10", "font_type": "Type1", "italic": false, "monospaced": false, "name": "LVDIDL+CMMI10", "subset": true, "weight": 400}, "HasClip": false, "ObjectID": 2056, "Page": 3, "Path": "//Document/Sect/Figure[7]", "Text": "U \u221d A1A2 sin \u0394\u03c6, ", "TextSize": 9.962600708007812, "attributes": {"BBox": [137.75399999999354, 553.1819999999716, 215.39099999999598, 563.1409999999742], "Placement": "Block"}}, {"Bounds": [286.35643005371094, 551.6289978027344, 304.0599060058594, 564.1619567871094], "Font": {"alt_family_name": "SFR M", "embedded": true, "encoding": "Custom", "family_name": "SFR M 1000", "font_type": "Type1", "italic": false, "monospaced": false, "name": "ZANSJZ+SFRM1000", "subset": true, "weight": 400}, "HasClip": false, "Lang": "en", "ObjectID": 2057, "Page": 3, "Path": "//Document/Sect/P[32]", "Text": "(4) ", "TextSize": 9.962600708007812, "attributes": {"LineHeight": 12, "TextAlign": "Center"}}, {"Bounds": [53.99871826171875, 469.1840515136719, 304.08018493652344, 539.0063934326172], "Font": {"alt_family_name": "SFR M", "embedded": true, "encoding": "Custom", "family_name": "SFR M 1000", "font_type": "Type1", "italic": false, "monospaced": false, "name": "ZANSJZ+SFRM1000", "subset": true, "weight": 400}, "HasClip": false, "Lang": "en", "ObjectID": 2058, "Page": 3, "Path": "//Document/Sect/P[33]", "Text": "where Ai are the amplitudes of oscillation of the beads (see [30] (Sect. II.B)). Both of these e\u02d9ects are consistent with the phase shift in the dynamics and flow fields generated in the simulations reported in [21], where the dynamics of a dumbbell was investigated as a function of the fluid Reynolds number. ", "TextSize": 9.962600708007812}, {"Bounds": [53.99894714355469, 444.39710998535156, 304.0501708984375, 468.3870544433594], "Font": {"alt_family_name": "SFR M", "embedded": true, "encoding": "Custom", "family_name": "SFR M 1000", "font_type": "Type1", "italic": false, "monospaced": false, "name": "ZANSJZ+SFRM1000", "subset": true, "weight": 400}, "HasClip": false, "ObjectID": 2062, "Page": 3, "Path": "//Document/Sect/P[34]/ParagraphSpan", "Text": "In conclusion, we used magneto-capillary swimmers and lattice Boltzmann simulations to provide the ba-", "TextSize": 9.962600708007812}, {"Bounds": [317.00550842285156, 536.0571899414062, 567.0966186523438, 789.1869506835938], "Font": {"alt_family_name": "SFR M", "embedded": true, "encoding": "Custom", "family_name": "SFR M 1000", "font_type": "Type1", "italic": false, "monospaced": false, "name": "ZANSJZ+SFRM1000", "subset": true, "weight": 400}, "HasClip": false, "ObjectID": 2063, "Page": 3, "Path": "//Document/Sect/P[34]/ParagraphSpan[2]", "Text": "sis for a minimal theoretical model for swimming on the mesoscale. We show that there exists a dynamical regime where the swimmer inertia can be harnessed for self-propulsion in the low Ref regime. Indeed, by including an asymmetry in coasting time in the design of the mesoswimmer, it is able to break the time-symmetry of the generated flow field. The swimming velocity then is related to the area of the trajectory drawn in the con-figuration space. This area is a measure of the non-reciprocity of the dynamics [1, 3] and is typically used to demonstrate the scallop theorem. The latter is, for the mesoswimmers, fulfilled by an intrinsic property of swimmer parts, namely their inertia that together mimic an independent degree of freedom. The analysis performed herein thus shows that the transition from microswim-mers to mesoswimmers may occur through a delicate balance of viscous damping and inertial relaxation. At higher Reynolds numbers, naturally, the inertia of the fluid will couple to the coasting of the swimmer and dominate the dynamics. The analysis provided herein, however, may help to understand the emergence of this complex interplay. ", "TextSize": 9.962600708007812}, {"Bounds": [317.00550842285156, 444.40126037597656, 567.0965728759766, 537.1331481933594], "Font": {"alt_family_name": "SFR M", "embedded": true, "encoding": "Custom", "family_name": "SFR M 1000", "font_type": "Type1", "italic": false, "monospaced": false, "name": "ZANSJZ+SFRM1000", "subset": true, "weight": 400}, "HasClip": false, "Lang": "en", "ObjectID": 2067, "Page": 3, "Path": "//Document/Sect/P[35]", "Text": "We thank S. Ziegler and G. Grosjean for insightful discussions. The funding was provided by DFG through the collaborative research center CRC1411 and the priority program SPP1726, as well by the FNRS grant PDR T.0129.18. Simulations were performed at the J\u00fclich Supercomputing Centre, the High Performance Computing Center Stuttgart and the Regionales Rechenzentrum Er-langen. ", "TextSize": 9.962600708007812}, {"Bounds": [58.60699462890625, 390.67901611328125, 205.8352508544922, 402.0842742919922], "Font": {"alt_family_name": "SFR M", "embedded": true, "encoding": "Custom", "family_name": "SFR M 0900", "font_type": "Type1", "italic": false, "monospaced": false, "name": "WGIKTP+SFRM0900", "subset": true, "weight": 400}, "HasClip": false, "Lang": "en", "ObjectID": 2071, "Page": 3, "Path": "//Document/Sect/Footnote[9]", "Text": "[1] E. M. Purcell, Am. J. Phys. 45, ", "TextSize": 8.966400146484375}, {"Bounds": [204.30203247070312, 390.7328186035156, 244.7405548095703, 402.0215148925781], "Font": {"alt_family_name": "SFR M", "embedded": true, "encoding": "Custom", "family_name": "SFR M 0900", "font_type": "Type1", "italic": false, "monospaced": false, "name": "WGIKTP+SFRM0900", "subset": true, "weight": 400}, "HasClip": false, "Lang": "en", "ObjectID": 2072, "Page": 3, "Path": "//Document/Sect/Footnote[10]", "Text": "3 (1977). ", "TextSize": 8.966400146484375}, {"Bounds": [58.60699462890625, 369.80523681640625, 303.68560791015625, 391.62049865722656], "Font": {"alt_family_name": "SFR M", "embedded": true, "encoding": "Custom", "family_name": "SFR M 0900", "font_type": "Type1", "italic": false, "monospaced": false, "name": "WGIKTP+SFRM0900", "subset": true, "weight": 400}, "HasClip": false, "Lang": "en", "ObjectID": 2073, "Page": 3, "Path": "//Document/Sect/Footnote[11]", "Text": "[2] A. Najafi and R. Golestanian, Phys. Rev. E 69, 062901 (2004). ", "TextSize": 8.966400146484375}, {"Bounds": [58.60699462890625, 348.87767028808594, 303.685546875, 370.6929168701172], "Font": {"alt_family_name": "SFR M", "embedded": true, "encoding": "Custom", "family_name": "SFR M 0900", "font_type": "Type1", "italic": false, "monospaced": false, "name": "WGIKTP+SFRM0900", "subset": true, "weight": 400}, "HasClip": false, "Lang": "en", "ObjectID": 2074, "Page": 3, "Path": "//Document/Sect/Footnote[12]", "Text": "[3] R. Golestanian and A. Ajdari, Phys. Rev. E 77, 036308 (2008). ", "TextSize": 8.966400146484375}, {"Bounds": [58.60699462890625, 327.8962860107422, 303.70350646972656, 349.70257568359375], "Font": {"alt_family_name": "SFR M", "embedded": true, "encoding": "Custom", "family_name": "SFR M 0900", "font_type": "Type1", "italic": false, "monospaced": false, "name": "WGIKTP+SFRM0900", "subset": true, "weight": 400}, "HasClip": false, "Lang": "en", "ObjectID": 2075, "Page": 3, "Path": "//Document/Sect/Footnote[13]", "Text": "[4] J. E. Avron, O. Kenneth, and D. H. Oaknin, New J. Phys. 7, 234 (2005). ", "TextSize": 8.966400146484375}, {"Bounds": [58.59803771972656, 306.9687042236328, 303.67657470703125, 328.7749938964844], "Font": {"alt_family_name": "SFR M", "embedded": true, "encoding": "Custom", "family_name": "SFR M 0900", "font_type": "Type1", "italic": false, "monospaced": false, "name": "WGIKTP+SFRM0900", "subset": true, "weight": 400}, "HasClip": false, "Lang": "no", "ObjectID": 2076, "Page": 3, "Path": "//Document/Sect/Footnote[14]", "Text": "[5] F. Y. Ogrin, P. G. Petrov, and C. P. Winlove, Phys. Rev. Lett. 100, 218102 (2008). ", "TextSize": 8.966400146484375}, {"Bounds": [58.59803771972656, 296.5049285888672, 302.2779541015625, 307.9101867675781], "Font": {"alt_family_name": "SFR M", "embedded": true, "encoding": "Custom", "family_name": "SFR M 0900", "font_type": "Type1", "italic": false, "monospaced": false, "name": "WGIKTP+SFRM0900", "subset": true, "weight": 400}, "HasClip": false, "Lang": "en", "ObjectID": 2077, "Page": 3, "Path": "//Document/Sect/Footnote[15]", "Text": "[6] J. Pande and A.-S. Smith, Soft Matter 11, 2364 (2015). ", "TextSize": 8.966400146484375}, {"Bounds": [58.59803771972656, 286.0411376953125, 272.6170959472656, 297.44639587402344], "Font": {"alt_family_name": "SFR M", "embedded": true, "encoding": "Custom", "family_name": "SFR M 0900", "font_type": "Type1", "italic": false, "monospaced": false, "name": "WGIKTP+SFRM0900", "subset": true, "weight": 400}, "HasClip": false, "Lang": "en", "ObjectID": 2078, "Page": 3, "Path": "//Document/Sect/Footnote[16]", "Text": "[7] S. Ziegler et al, New J. Phys. 21, 113017 (2019). ", "TextSize": 8.966400146484375}, {"Bounds": [58.59803771972656, 275.5773468017578, 244.40879821777344, 286.98260498046875], "Font": {"alt_family_name": "SFR M", "embedded": true, "encoding": "Custom", "family_name": "SFR M 0900", "font_type": "Type1", "italic": false, "monospaced": false, "name": "WGIKTP+SFRM0900", "subset": true, "weight": 400}, "HasClip": false, "Lang": "fr", "ObjectID": 2079, "Page": 3, "Path": "//Document/Sect/Footnote[17]", "Text": "[8] R. Dreyfus et al, Nature 437, 862 (2005). ", "TextSize": 8.966400146484375}, {"Bounds": [58.59803771972656, 265.1135559082031, 268.2594299316406, 276.51881408691406], "Font": {"alt_family_name": "SFR M", "embedded": true, "encoding": "Custom", "family_name": "SFR M 0900", "font_type": "Type1", "italic": false, "monospaced": false, "name": "WGIKTP+SFRM0900", "subset": true, "weight": 400}, "HasClip": false, "Lang": "en", "ObjectID": 2080, "Page": 3, "Path": "//Document/Sect/Footnote[18]", "Text": "[9] J. K. Hamilton et al, Sci. Rep. 7, 44142 (2017). ", "TextSize": 8.966400146484375}, {"Bounds": [53.99827575683594, 254.64976501464844, 291.23133850097656, 266.0550231933594], "Font": {"alt_family_name": "SFR M", "embedded": true, "encoding": "Custom", "family_name": "SFR M 0900", "font_type": "Type1", "italic": false, "monospaced": false, "name": "WGIKTP+SFRM0900", "subset": true, "weight": 400}, "HasClip": false, "Lang": "en", "ObjectID": 2081, "Page": 3, "Path": "//Document/Sect/Footnote[19]", "Text": "[10] P. Tierno et al, J. Phys. Chem. B 112, 16525 (2008). ", "TextSize": 8.966400146484375}, {"Bounds": [53.99827575683594, 244.18597412109375, 250.2728271484375, 255.5912322998047], "Font": {"alt_family_name": "SFR M", "embedded": true, "encoding": "Custom", "family_name": "SFR M 0900", "font_type": "Type1", "italic": false, "monospaced": false, "name": "WGIKTP+SFRM0900", "subset": true, "weight": 400}, "HasClip": false, "Lang": "en", "ObjectID": 2082, "Page": 3, "Path": "//Document/Sect/Footnote[20]", "Text": "[11] S. Leulmi et al, Nanoscale 7, 15904 (2015). ", "TextSize": 8.966400146484375}, {"Bounds": [53.99827575683594, 233.72218322753906, 290.60369873046875, 245.12745666503906], "Font": {"alt_family_name": "SFR M", "embedded": true, "encoding": "Custom", "family_name": "SFR M 0900", "font_type": "Type1", "italic": false, "monospaced": false, "name": "WGIKTP+SFRM0900", "subset": true, "weight": 400}, "HasClip": false, "Lang": "en", "ObjectID": 2083, "Page": 3, "Path": "//Document/Sect/Footnote[21]", "Text": "[12] W. Gao et al, Adv. Drug Deliv. Rev. 125, 94 (2018). ", "TextSize": 8.966400146484375}, {"Bounds": [53.99827575683594, 223.25840759277344, 290.5857696533203, 234.66366577148438], "Font": {"alt_family_name": "SFR M", "embedded": true, "encoding": "Custom", "family_name": "SFR M 0900", "font_type": "Type1", "italic": false, "monospaced": false, "name": "WGIKTP+SFRM0900", "subset": true, "weight": 400}, "HasClip": false, "Lang": "no", "ObjectID": 2084, "Page": 3, "Path": "//Document/Sect/Footnote[22]", "Text": "[13] M. Medina-S\u00e1nchez et al, Nano Lett. 16, 555 (2016). ", "TextSize": 8.966400146484375}, {"Bounds": [53.99827575683594, 212.79461669921875, 234.91339111328125, 224.1998748779297], "Font": {"alt_family_name": "SFR M", "embedded": true, "encoding": "Custom", "family_name": "SFR M 0900", "font_type": "Type1", "italic": false, "monospaced": false, "name": "WGIKTP+SFRM0900", "subset": true, "weight": 400}, "HasClip": false, "Lang": "en", "ObjectID": 2085, "Page": 3, "Path": "//Document/Sect/Footnote[23]", "Text": "[14] H. Xu et al, ACS Nano 12, 327 (2018). ", "TextSize": 8.966400146484375}, {"Bounds": [53.99827575683594, 202.33082580566406, 247.33184814453125, 213.736083984375], "Font": {"alt_family_name": "SFR M", "embedded": true, "encoding": "Custom", "family_name": "SFR M 0900", "font_type": "Type1", "italic": false, "monospaced": false, "name": "WGIKTP+SFRM0900", "subset": true, "weight": 400}, "HasClip": false, "Lang": "en", "ObjectID": 2086, "Page": 3, "Path": "//Document/Sect/Footnote[24]", "Text": "[15] J. Orozco et al, Analyst 140, 1421 (2015). ", "TextSize": 8.966400146484375}, {"Bounds": [53.99827575683594, 191.86703491210938, 269.8644104003906, 203.2722930908203], "Font": {"alt_family_name": "SFR M", "embedded": true, "encoding": "Custom", "family_name": "SFR M 0900", "font_type": "Type1", "italic": false, "monospaced": false, "name": "WGIKTP+SFRM0900", "subset": true, "weight": 400}, "HasClip": false, "Lang": "en", "ObjectID": 2087, "Page": 3, "Path": "//Document/Sect/Footnote[25]", "Text": "[16] S. Campuzano et al, Nano Lett. 12, 396 (2012). ", "TextSize": 8.966400146484375}, {"Bounds": [53.99827575683594, 181.4032440185547, 247.58291625976562, 192.80850219726562], "Font": {"alt_family_name": "SFR M", "embedded": true, "encoding": "Custom", "family_name": "SFR M 0900", "font_type": "Type1", "italic": false, "monospaced": false, "name": "WGIKTP+SFRM0900", "subset": true, "weight": 400}, "HasClip": false, "Lang": "en", "ObjectID": 2088, "Page": 3, "Path": "//Document/Sect/Footnote[26]", "Text": "[17] E. Lauga, Phys. Fluids 19, 061703 (2007). ", "TextSize": 8.966400146484375}, {"Bounds": [53.99827575683594, 170.939453125, 237.44190979003906, 182.34471130371094], "Font": {"alt_family_name": "SFR M", "embedded": true, "encoding": "Custom", "family_name": "SFR M 0900", "font_type": "Type1", "italic": false, "monospaced": false, "name": "WGIKTP+SFRM0900", "subset": true, "weight": 400}, "HasClip": false, "Lang": "en", "ObjectID": 2089, "Page": 3, "Path": "//Document/Sect/Footnote[27]", "Text": "[18] D. Klotsa, Soft Matter 15, 8946 (2019). ", "TextSize": 8.966400146484375}, {"Bounds": [53.99827575683594, 160.4756622314453, 291.7782897949219, 171.88092041015625], "Font": {"alt_family_name": "SFR M", "embedded": true, "encoding": "Custom", "family_name": "SFR M 0900", "font_type": "Type1", "italic": false, "monospaced": false, "name": "WGIKTP+SFRM0900", "subset": true, "weight": 400}, "HasClip": false, "Lang": "no", "ObjectID": 2090, "Page": 3, "Path": "//Document/Sect/Footnote[28]", "Text": "[19] D. Klotsa et al, Phys. Rev. Lett. 115, 248102 (2015). ", "TextSize": 8.966400146484375}, {"Bounds": [53.99827575683594, 150.01187133789062, 303.68565368652344, 161.41714477539062], "Font": {"alt_family_name": "SFR M", "embedded": true, "encoding": "Custom", "family_name": "SFR M 0900", "font_type": "Type1", "italic": false, "monospaced": false, "name": "WGIKTP+SFRM0900", "subset": true, "weight": 400}, "HasClip": false, "Lang": "en", "ObjectID": 2091, "Page": 3, "Path": "//Document/Sect/Footnote[29]", "Text": "[20] T. Dombrowski et al, Phys. Rev. Fluids 4, 021101 (2019). ", "TextSize": 8.966400146484375}, {"Bounds": [54.007232666015625, 129.13809204101562, 303.6945343017578, 150.95335388183594], "Font": {"alt_family_name": "SFR M", "embedded": true, "encoding": "Custom", "family_name": "SFR M 0900", "font_type": "Type1", "italic": false, "monospaced": false, "name": "WGIKTP+SFRM0900", "subset": true, "weight": 400}, "HasClip": false, "Lang": "en", "ObjectID": 2092, "Page": 3, "Path": "//Document/Sect/Footnote[30]", "Text": "[21] T. Dombrowski and D. Klotsa, Phys. Rev. Fluids 5, 063103 (2020). ", "TextSize": 8.966400146484375}, {"Bounds": [317.0140075683594, 380.26902770996094, 566.7013092041016, 402.0842742919922], "Font": {"alt_family_name": "SFR M", "embedded": true, "encoding": "Custom", "family_name": "SFR M 0900", "font_type": "Type1", "italic": false, "monospaced": false, "name": "WGIKTP+SFRM0900", "subset": true, "weight": 400}, "HasClip": false, "Lang": "en", "ObjectID": 2093, "Page": 3, "Path": "//Document/Sect/Footnote[31]", "Text": "[22] D. L. Hu, B. Chan, and J. W. M. Bush, Nature 424, 663 (2003). ", "TextSize": 8.966400146484375}, {"Bounds": [317.0140075683594, 359.28765869140625, 566.6923828125, 381.09393310546875], "Font": {"alt_family_name": "SFR M", "embedded": true, "encoding": "Custom", "family_name": "SFR M 0900", "font_type": "Type1", "italic": false, "monospaced": false, "name": "WGIKTP+SFRM0900", "subset": true, "weight": 400}, "HasClip": false, "Lang": "en", "ObjectID": 2094, "Page": 3, "Path": "//Document/Sect/Footnote[32]", "Text": "[23] M. Gazzola, M. Argentina, and L. Mahadevan, Nat. Phys. 10, 758 (2014). ", "TextSize": 8.966400146484375}, {"Bounds": [317.0140075683594, 338.3600769042969, 566.7013854980469, 360.16636657714844], "Font": {"alt_family_name": "SFR M", "embedded": true, "encoding": "Custom", "family_name": "SFR M 0900", "font_type": "Type1", "italic": false, "monospaced": false, "name": "WGIKTP+SFRM0900", "subset": true, "weight": 400}, "HasClip": false, "Lang": "en", "ObjectID": 2095, "Page": 3, "Path": "//Document/Sect/Footnote[33]", "Text": "[24] D. Gonzalez-Rodriguez and E. Lauga, J. Phys. Condens. Matter 21, 204103 (2009). ", "TextSize": 8.966400146484375}, {"Bounds": [317.0140075683594, 327.9142150878906, 529.2846221923828, 339.3194885253906], "Font": {"alt_family_name": "SFR M", "embedded": true, "encoding": "Custom", "family_name": "SFR M 0900", "font_type": "Type1", "italic": false, "monospaced": false, "name": "WGIKTP+SFRM0900", "subset": true, "weight": 400}, "HasClip": false, "Lang": "en", "ObjectID": 2096, "Page": 3, "Path": "//Document/Sect/Footnote[34]", "Text": "[25] G. Lagubeau et al., Phys. Rev. E 93, 1 (2016). ", "TextSize": 8.966400146484375}, {"Bounds": [317.0140075683594, 317.450439453125, 553.4580230712891, 328.85569763183594], "Font": {"alt_family_name": "SFR M", "embedded": true, "encoding": "Custom", "family_name": "SFR M 0900", "font_type": "Type1", "italic": false, "monospaced": false, "name": "WGIKTP+SFRM0900", "subset": true, "weight": 400}, "HasClip": false, "Lang": "en", "ObjectID": 2097, "Page": 3, "Path": "//Document/Sect/Footnote[35]", "Text": "[26] A. Sukhov et al, J. Chem. Phys. 151, 124707 (2019). ", "TextSize": 8.966400146484375}, {"Bounds": [317.0140075683594, 306.9866485595703, 545.9172821044922, 318.39190673828125], "Font": {"alt_family_name": "SFR M", "embedded": true, "encoding": "Custom", "family_name": "SFR M 0900", "font_type": "Type1", "italic": false, "monospaced": false, "name": "WGIKTP+SFRM0900", "subset": true, "weight": 400}, "HasClip": false, "Lang": "en", "ObjectID": 2098, "Page": 3, "Path": "//Document/Sect/Footnote[36]", "Text": "[27] G. Grosjean et al, Phys. Rev. E 94, 021101 (2016). ", "TextSize": 8.966400146484375}, {"Bounds": [317.0050354003906, 296.5228576660156, 519.053955078125, 307.92811584472656], "Font": {"alt_family_name": "SFR M", "embedded": true, "encoding": "Custom", "family_name": "SFR M 0900", "font_type": "Type1", "italic": false, "monospaced": false, "name": "WGIKTP+SFRM0900", "subset": true, "weight": 400}, "HasClip": false, "Lang": "en", "ObjectID": 2099, "Page": 3, "Path": "//Document/Sect/Footnote[37]", "Text": "[28] G. Grosjean et al, Sci. Rep. 5, 16035 (2015). ", "TextSize": 8.966400146484375}, {"Bounds": [316.9960632324219, 275.59527587890625, 562.0836639404297, 297.4015655517578], "Font": {"alt_family_name": "SFR M", "embedded": true, "encoding": "Custom", "family_name": "SFR M 0900", "font_type": "Type1", "italic": false, "monospaced": false, "name": "WGIKTP+SFRM0900", "subset": true, "weight": 400}, "HasClip": false, "Lang": "en", "ObjectID": 2100, "Page": 3, "Path": "//Document/Sect/Footnote[38]", "Text": "[29] G. Grosjean, M. Hubert, and N. Vandewalle, Adv. Col-loid Interface Sci. 255, 84 (2018). ", "TextSize": 8.966400146484375}, {"Bounds": [317.0050354003906, 254.72149658203125, 566.6923675537109, 276.47398376464844], "Font": {"alt_family_name": "SFR M", "embedded": true, "encoding": "Custom", "family_name": "SFR M 0900", "font_type": "Type1", "italic": false, "monospaced": false, "name": "WGIKTP+SFRM0900", "subset": true, "weight": 400}, "HasClip": false, "Lang": "en", "ObjectID": 2101, "Page": 3, "Path": "//Document/Sect/Footnote[39]", "Text": "[30] \u201cSee supplemental material at [url will be inserted by publisher],\u201d. ", "TextSize": 8.966400146484375}, {"Bounds": [317.0050354003906, 244.2039031982422, 533.0325775146484, 255.6091766357422], "Font": {"alt_family_name": "SFR M", "embedded": true, "encoding": "Custom", "family_name": "SFR M 0900", "font_type": "Type1", "italic": false, "monospaced": false, "name": "WGIKTP+SFRM0900", "subset": true, "weight": 400}, "HasClip": false, "Lang": "en", "ObjectID": 2102, "Page": 3, "Path": "//Document/Sect/Footnote[40]", "Text": "[31] J. Pande et al, New J. Phys. 19, 053024 (2017). ", "TextSize": 8.966400146484375}, {"Bounds": [316.9960632324219, 223.3301239013672, 566.6833648681641, 245.1453857421875], "Font": {"alt_family_name": "SFR M", "embedded": true, "encoding": "Custom", "family_name": "SFR M 0900", "font_type": "Type1", "italic": false, "monospaced": false, "name": "WGIKTP+SFRM0900", "subset": true, "weight": 400}, "HasClip": false, "Lang": "en", "ObjectID": 2103, "Page": 3, "Path": "//Document/Sect/Footnote[41]", "Text": "[32] R. Benzi, S. Succi, and M. Vergassola, Phys. Rep. 222, 145 (1992). ", "TextSize": 8.966400146484375}, {"Bounds": [316.9960632324219, 191.9387664794922, 566.6924285888672, 224.15504455566406], "Font": {"alt_family_name": "SFR M", "embedded": true, "encoding": "Custom", "family_name": "SFR M 0900", "font_type": "Type1", "italic": false, "monospaced": false, "name": "WGIKTP+SFRM0900", "subset": true, "weight": 400}, "HasClip": false, "Lang": "en", "ObjectID": 2104, "Page": 3, "Path": "//Document/Sect/Footnote[42]", "Text": "[33] T. Kr\u00fcger et al, The Lattice Boltzmann Method, Graduate Texts in Physics (Springer International Publishing, Cham, 2017). ", "TextSize": 8.966400146484375}, {"Bounds": [317.0050354003906, 171.0111846923828, 566.6923828125, 192.82643127441406], "Font": {"alt_family_name": "SFR M", "embedded": true, "encoding": "Custom", "family_name": "SFR M 0900", "font_type": "Type1", "italic": false, "monospaced": false, "name": "WGIKTP+SFRM0900", "subset": true, "weight": 400}, "HasClip": false, "Lang": "en", "ObjectID": 2106, "Page": 3, "Path": "//Document/Sect/Footnote[43]", "Text": "[34] A. J. C. Ladd and R. Verberg, J. Stat. Phys. 104, 1191 (2001). ", "TextSize": 8.966400146484375}, {"Bounds": [317.0050354003906, 150.02981567382812, 566.6834106445312, 171.83609008789062], "Font": {"alt_family_name": "SFR M", "embedded": true, "encoding": "Custom", "family_name": "SFR M 0900", "font_type": "Type1", "italic": false, "monospaced": false, "name": "WGIKTP+SFRM0900", "subset": true, "weight": 400}, "HasClip": false, "Lang": "en", "ObjectID": 2107, "Page": 3, "Path": "//Document/Sect/Footnote[44]", "Text": "[35] J. Harting, H. J. Herrmann, and E. Ben-Naim, EPL (Europhysics Lett.) 83, 30001 (2008). ", "TextSize": 8.966400146484375}, {"Bounds": [317.0050354003906, 129.10223388671875, 566.7012939453125, 150.9085235595703], "Font": {"alt_family_name": "SFR M", "embedded": true, "encoding": "Custom", "family_name": "SFR M 0900", "font_type": "Type1", "italic": false, "monospaced": false, "name": "WGIKTP+SFRM0900", "subset": true, "weight": 400}, "HasClip": false, "Lang": "en", "ObjectID": 2108, "Page": 3, "Path": "//Document/Sect/Footnote[45]", "Text": "[36] Y. Collard, G. Grosjean, and N. Vandewalle, Commun. Phys. 3, 112 (2020). ", "TextSize": 8.966400146484375}], "pages": [{"boxes": {"CropBox": [0.0, 0.0, 595.2760009765625, 841.8900146484375], "MediaBox": [0.0, 0.0, 595.2760009765625, 841.8900146484375]}, "height": 841.8900146484375, "is_scanned": false, "page_number": 0, "rotation": 0, "width": 595.2760009765625}, {"boxes": {"CropBox": [0.0, 0.0, 595.2760009765625, 841.8900146484375], "MediaBox": [0.0, 0.0, 595.2760009765625, 841.8900146484375]}, "height": 841.8900146484375, "is_scanned": false, "page_number": 1, "rotation": 0, "width": 595.2760009765625}, {"boxes": {"CropBox": [0.0, 0.0, 595.2760009765625, 841.8900146484375], "MediaBox": [0.0, 0.0, 595.2760009765625, 841.8900146484375]}, "height": 841.8900146484375, "is_scanned": false, "page_number": 2, "rotation": 0, "width": 595.2760009765625}, {"boxes": {"CropBox": [0.0, 0.0, 595.2760009765625, 841.8900146484375], "MediaBox": [0.0, 0.0, 595.2760009765625, 841.8900146484375]}, "height": 841.8900146484375, "is_scanned": false, "page_number": 3, "rotation": 0, "width": 595.2760009765625}]}