{"version": {"json_export": "219", "page_segmentation": "55", "schema": "1.1.0", "structure": "1.1151.0", "table_structure": "5"}, "extended_metadata": {"ID_instance": "51 39 3D FA 65 BC B2 11 0A 00 EA 35 62 30 0F C7 ", "ID_permanent": "1A 2C 0C 1E B7 4D BE E3 2B B8 57 1C 05 C4 0F 27 ", "has_acroform": false, "has_embedded_files": false, "is_XFA": false, "is_certified": false, "is_encrypted": false, "is_digitally_signed": false, "language": "en", "page_count": 5, "pdf_version": "1.6", "pdfa_compliance_level": "", "pdfua_compliance_level": ""}, "elements": [{"Bounds": [122.13800048828125, 725.8863525390625, 496.939208984375, 741.4398040771484], "Font": {"alt_family_name": "Nimbus Rom", "embedded": true, "encoding": "Custom", "family_name": "Nimbus Rom No 9 L", "font_type": "Type1", "italic": false, "monospaced": false, "name": "THVTYC+NimbusRomNo9L-Medi", "subset": true, "weight": 500}, "HasClip": false, "Lang": "en", "ObjectID": 671, "Page": 0, "Path": "//Document/Title", "Text": "Social confinement and mesoscopic localization of epidemics on networks ", "TextSize": 11.955001831054688, "attributes": {"LineHeight": 14.375, "SpaceAfter": 5.5, "TextAlign": "Center"}}, {"Bounds": [14.039993286132812, 187.0, 36.36000061035156, 606.3999938964844], "Font": {"alt_family_name": "Times", "embedded": false, "encoding": "Custom", "family_name": "Times", "font_type": "Type1", "italic": false, "monospaced": false, "name": "Times-Roman", "subset": false, "weight": 400}, "HasClip": false, "Lang": "en", "ObjectID": 672, "Page": 0, "Path": "//Document/P", "Rotation": 90.0, "Text": "arXiv:2003.05924v4  [physics.soc-ph]  29 Jan 2021 ", "TextSize": 20.0, "attributes": {"LineHeight": 24}}, {"Bounds": [79.59199523925781, 702.75439453125, 167.0659942626953, 715.6149749755859], "Font": {"alt_family_name": "Nimbus Rom", "embedded": true, "encoding": "Custom", "family_name": "Nimbus Rom No 9 L", "font_type": "Type1", "italic": false, "monospaced": false, "name": "XRSBDV+NimbusRomNo9L-Regu", "subset": true, "weight": 400}, "HasClip": false, "Lang": "en", "ObjectID": 673, "Page": 0, "Path": "//Document/Footnote", "Text": "Guillaume St-Onge,1, ", "TextSize": 6.9739990234375, "attributes": {"LineHeight": 12, "SpaceAfter": -12}}, {"Bounds": [166.48715209960938, 702.75439453125, 537.7506561279297, 715.6149749755859], "Font": {"alt_family_name": "Nimbus Rom", "embedded": true, "encoding": "Custom", "family_name": "Nimbus Rom No 9 L", "font_type": "Type1", "italic": false, "monospaced": false, "name": "XRSBDV+NimbusRomNo9L-Regu", "subset": true, "weight": 400}, "HasClip": false, "Lang": "en", "ObjectID": 675, "Page": 0, "Path": "//Document/Footnote[2]/Reference", "Text": "2 Vincent Thibeault,1, 2 Antoine Allard,1, 2 Louis J. Dub\u00b4e,1, 2 and Laurent Hebert-Dufresne\u00b4 1, 3 ", "TextSize": 6.9739990234375, "attributes": {"LineHeight": 8.375, "SpaceAfter": 3.625}}, {"Bounds": [197.8280029296875, 678.7218627929688, 420.4978332519531, 700.3846740722656], "Font": {"alt_family_name": "Nimbus Rom", "embedded": true, "encoding": "Custom", "family_name": "Nimbus Rom No 9 L", "font_type": "Type1", "italic": false, "monospaced": false, "name": "FMRJMW+NimbusRomNo9L-ReguItal", "subset": true, "weight": 400}, "HasClip": false, "Lang": "fr", "ObjectID": 685, "Page": 0, "Path": "//Document/Footnote[3]", "Text": "1D\u00b4epartement de physique, de g\u00b4enie physique et d\u2019optique, Universit\u00b4e Laval, Qu\u00b4ebec (Qu\u00b4ebec), Canada G1V 0A6 ", "TextSize": 8.96600341796875, "attributes": {"LineHeight": 10.5, "TextAlign": "Center"}}, {"Bounds": [202.48500061035156, 657.8008575439453, 415.8391571044922, 679.4636688232422], "Font": {"alt_family_name": "Nimbus Rom", "embedded": true, "encoding": "Custom", "family_name": "Nimbus Rom No 9 L", "font_type": "Type1", "italic": false, "monospaced": false, "name": "FMRJMW+NimbusRomNo9L-ReguItal", "subset": true, "weight": 400}, "HasClip": false, "Lang": "fr", "ObjectID": 687, "Page": 0, "Path": "//Document/Footnote[4]", "Text": "2Centre interdisciplinaire en modelisation\u00b4 math\u00b4ematique, Universit\u00b4e Laval, Qu\u00b4ebec (Qu\u00b4ebec), Canada G1V 0A6 ", "TextSize": 8.96600341796875, "attributes": {"LineHeight": 10.5, "TextAlign": "Justify"}}, {"Bounds": [95.14100646972656, 647.3421783447266, 523.18603515625, 658.5416717529297], "Font": {"alt_family_name": "Nimbus Rom", "embedded": true, "encoding": "Custom", "family_name": "Nimbus Rom No 9 L", "font_type": "Type1", "italic": false, "monospaced": false, "name": "FMRJMW+NimbusRomNo9L-ReguItal", "subset": true, "weight": 400}, "HasClip": false, "Lang": "en", "ObjectID": 689, "Page": 0, "Path": "//Document/Footnote[5]", "Text": "3Department of Computer Science & Vermont Complex Systems Center, University of Vermont, Burlington, VT 05405 ", "TextSize": 8.96600341796875, "attributes": {"LineHeight": 7.125, "SpaceAfter": 7.125}}, {"Bounds": [108.79544067382812, 577.4970397949219, 509.5218505859375, 640.61767578125], "Font": {"alt_family_name": "Nimbus Rom", "embedded": true, "encoding": "Custom", "family_name": "Nimbus Rom No 9 L", "font_type": "Type1", "italic": false, "monospaced": false, "name": "XRSBDV+NimbusRomNo9L-Regu", "subset": true, "weight": 400}, "HasClip": false, "Lang": "en", "ObjectID": 691, "Page": 0, "Path": "//Document/Footnote[6]", "Text": "Recommendations around epidemics tend to focus on individual behaviors, with much less e\ufb00orts attempting to guide event cancellations and other collective behaviors since most models lack the higher-order structure necessary to describe large gatherings. Through a higher-order description of contagions on networks, we model the impact of a blanket cancellation of events larger than a critical size and find that epidemics can suddenly collapse when interventions operate over groups of individuals rather than at the level of individuals. We relate this phenomenon to the onset of mesoscopic localization, where contagions concentrate around dominant groups. ", "TextSize": 8.96600341796875, "attributes": {"LineHeight": 10.5, "SpaceAfter": 18, "TextAlign": "Justify"}}, {"Bounds": [54.0, 342.14678955078125, 301.5823211669922, 557.3928070068359], "Font": {"alt_family_name": "Nimbus Rom", "embedded": true, "encoding": "Custom", "family_name": "Nimbus Rom No 9 L", "font_type": "Type1", "italic": false, "monospaced": false, "name": "XRSBDV+NimbusRomNo9L-Regu", "subset": true, "weight": 400}, "HasClip": false, "Lang": "en", "ObjectID": 694, "Page": 0, "Path": "//Document/P[2]", "Text": "Standard disease models reduce the complexity of epidemics to simple processes that provide useful insights. In fact, many of the key results of these models provide the foundation for our current understanding and forecasting of novel emerging epidemics [(<>)1\u2013(<>)3]. The reduction of the complex to the simple is perhaps best embodied by the mass-action approximation [(<>)4]. This assumption essentially means that we are considering a randomly mixed population, ignoring household structures, social gatherings, and the di\ufb00erent behaviors of di\ufb00erent individuals. Mass-action models are thus seriously limited, since they focus on the average number of infections caused by each case, the basic reproduction number R0 [(<>)5], and ignore the underlying heterogeneity [(<>)6]. There are also conceptual issues with the design of targeted interventions when relying on the mass-action assumption. Where should we target our interventions, and what should be their impact? In this letter, we address these questions through higher-order contact patterns. ", "TextSize": 9.962997436523438, "attributes": {"LineHeight": 12, "TextAlign": "Justify"}}, {"Bounds": [54.00177001953125, 234.0382843017578, 301.5823211669922, 341.68849182128906], "Font": {"alt_family_name": "Nimbus Rom", "embedded": true, "encoding": "Custom", "family_name": "Nimbus Rom No 9 L", "font_type": "Type1", "italic": false, "monospaced": false, "name": "XRSBDV+NimbusRomNo9L-Regu", "subset": true, "weight": 400}, "HasClip": false, "Lang": "en", "ObjectID": 705, "Page": 0, "Path": "//Document/P[3]", "Text": "Network science provides a natural framework to go beyond the mass-action approximation by considering key features of the structure of contacts among individuals. The simplest generalization is perhaps the heterogeneous pair approx-imation\u2014individuals are nodes categorized by their number of contacts and their state, and the contacts are distinguished by the states of the nodes involved [(<>)7]. At this level of sophistication, all pairwise contacts of a given state are still, a priori, equivalent. ", "TextSize": 9.962997436523438, "attributes": {"LineHeight": 12, "TextAlign": "Justify"}}, {"Bounds": [54.00177001953125, 90.06297302246094, 301.5823211669922, 233.57998657226562], "Font": {"alt_family_name": "Nimbus Rom", "embedded": true, "encoding": "Custom", "family_name": "Nimbus Rom No 9 L", "font_type": "Type1", "italic": false, "monospaced": false, "name": "FMRJMW+NimbusRomNo9L-ReguItal", "subset": true, "weight": 400}, "HasClip": false, "Lang": "en", "ObjectID": 711, "Page": 0, "Path": "//Document/P[4]", "Text": "One developing area in network science concerns dynamical processes on higher-order representation of networks, i.e., where the network is not simply a conglomerate of pairwise interactions but where interactions occur in a coordinated manner because of a higher-level organization (schools, households, events, etc.) [(<>)9]. For dynamics on higher-order networks, one straightforward generalization of the framework just described is the heterogeneous clique approximation [(<>)10]. Nodes are categorized by their state and membership, i.e., the number m of groups to which they belong. The groups are characterized by their size n, and the states of the nodes involved. ", "TextSize": 9.962997436523438, "attributes": {"LineHeight": 12, "TextAlign": "Justify"}}, {"Bounds": [54.00177001953125, 65.64366149902344, 301.5823211669922, 89.60467529296875], "Font": {"alt_family_name": "Nimbus Rom", "embedded": true, "encoding": "Custom", "family_name": "Nimbus Rom No 9 L", "font_type": "Type1", "italic": false, "monospaced": false, "name": "XRSBDV+NimbusRomNo9L-Regu", "subset": true, "weight": 400}, "HasClip": false, "Lang": "en", "ObjectID": 720, "Page": 0, "Path": "//Document/P[5]", "Text": "Let us consider contagion processes on a simple version of higher-order networks, see Fig. (<>)1. The network is char-", "TextSize": 9.962997436523438, "attributes": {"LineHeight": 12, "SpaceAfter": 14.375}}, {"Bounds": [319.396728515625, 452.2963409423828, 559.7979583740234, 558.2174987792969], "ClipBounds": [319.396728515625, 452.3810119628906, 559.7979583740234, 558.2174987792969], "ObjectID": 722, "Page": 0, "Path": "//Document/Figure", "attributes": {"BBox": [319.42699999999604, 452.53399999999965, 559.7769999999728, 558.1299999999756], "Placement": "Block"}}, {"Bounds": [319.396728515625, 452.2963409423828, 559.7979583740234, 558.2174987792969], "ClipBounds": [319.396728515625, 452.3810119628906, 559.7979583740234, 558.2174987792969], "ObjectID": 722, "Page": 0, "Path": "//Document/Figure", "attributes": {"BBox": [319.42699999999604, 452.53399999999965, 559.7769999999728, 558.1299999999756], "Placement": "Block"}}, {"Bounds": [317.0105895996094, 366.9189147949219, 564.3418579101562, 440.8153533935547], "Font": {"alt_family_name": "Nimbus Rom", "embedded": true, "encoding": "Custom", "family_name": "Nimbus Rom No 9 L", "font_type": "Type1", "italic": false, "monospaced": false, "name": "XRSBDV+NimbusRomNo9L-Regu", "subset": true, "weight": 400}, "HasClip": false, "Lang": "en", "ObjectID": 723, "Page": 0, "Path": "//Document/P[6]", "Text": "FIG. 1. Framework for contagions on higher-order networks. Nodes are assigned to m groups and groups are of various sizes n, distributed according to gm and pn. We consider a SIS dynamics where infected nodes transmit the disease in a group of size n at rate \u03b2n\u2212\u03bd with \u03bd \u2208 [0, 1], and recover at rate \u00b5. We characterize the phenomenon of mesoscopic localization, namely the concentration of infected nodes in large groups. ", "TextSize": 8.96600341796875, "attributes": {"LineHeight": 10.5, "SpaceAfter": 18, "TextAlign": "Justify"}}, {"Bounds": [317.0140075683594, 282.9143981933594, 564.5956115722656, 342.7408142089844], "Font": {"alt_family_name": "Nimbus Rom", "embedded": true, "encoding": "Custom", "family_name": "Nimbus Rom No 9 L", "font_type": "Type1", "italic": false, "monospaced": false, "name": "XRSBDV+NimbusRomNo9L-Regu", "subset": true, "weight": 400}, "HasClip": false, "Lang": "en", "ObjectID": 728, "Page": 0, "Path": "//Document/P[7]", "Text": "acterized by gm, the distribution for the memberships m of nodes and pn, the distribution for the sizes n of groups. We use di\ufb00erent heterogeneous distributions for both of them, gm \u221d m\u2212\u03b3m and pn \u221d n\u2212\u03b3n , with finite cut-o\ufb00s mmax and nmax respectively. ", "TextSize": 9.962997436523438, "attributes": {"LineHeight": 12, "TextAlign": "Justify"}}, {"Bounds": [317.0140075683594, 114.50140380859375, 564.6030731201172, 281.9280548095703], "Font": {"alt_family_name": "Nimbus Rom", "embedded": true, "encoding": "Custom", "family_name": "Nimbus Rom No 9 L", "font_type": "Type1", "italic": false, "monospaced": false, "name": "XRSBDV+NimbusRomNo9L-Regu", "subset": true, "weight": 400}, "HasClip": false, "Lang": "en", "ObjectID": 739, "Page": 0, "Path": "//Document/P[8]", "Text": "For mathematical convenience, we use a Susceptible-Infected-Susceptible (SIS) dynamics. However, our results have repercussions for a much broader class of dynamical processes, including Susceptible-Infected-Recovered (SIR) dynamics where individuals develop immunity. Infected nodes transmit the disease to susceptible nodes belonging to a same group of size n at rate \u03b2n\u2212\u03bd with \u03bd \u2208 [0, 1], and recover at rate \u00b5. It is equivalent to a standard SIS model on networks formed of cliques [(<>)10, (<>)11], but the edges have weights n\u2212\u03bd . We recover an unweighted network for \u03bd = 0. The parameter \u03bd tunes the strength of interactions within groups, which we assume to be decreasing with size. For instance, an individual in a workplace typically interacts with more people than at home, but interactions in a household are stronger. ", "TextSize": 9.962997436523438, "attributes": {"LineHeight": 12, "TextAlign": "Justify"}}, {"Bounds": [317.0098114013672, 65.64320373535156, 564.5903625488281, 113.51506042480469], "Font": {"alt_family_name": "Nimbus Rom", "embedded": true, "encoding": "Custom", "family_name": "Nimbus Rom No 9 L", "font_type": "Type1", "italic": false, "monospaced": false, "name": "XRSBDV+NimbusRomNo9L-Regu", "subset": true, "weight": 400}, "HasClip": false, "Lang": "en", "ObjectID": 747, "Page": 0, "Path": "//Document/P[9]", "Text": "We track sm(t), the probability for a node of membership m to be susceptible, and cn,i(t), the probability to observe i infected nodes within a group of size n. Their dynamics are described by the following coupled ordinary di\ufb00erential equa-", "TextSize": 9.962997436523438, "attributes": {"LineHeight": 12, "TextAlign": "Justify"}}, {"Bounds": [58.8311767578125, 510.59861755371094, 612.7544403076172, 790.2490386962891], "ClipBounds": [58.832000732421875, 594.0896148681641, 557.1285552978516, 740.0273895263672], "ObjectID": 750, "Page": 1, "Path": "//Document/Figure[2]", "attributes": {"BBox": [59.03759999999966, 594.2479999999923, 557.1369999999879, 739.9219999999914], "Placement": "Block"}}, {"Bounds": [53.99652099609375, 498.16822814941406, 564.3402557373047, 582.5233612060547], "Font": {"alt_family_name": "Nimbus Rom", "embedded": true, "encoding": "Custom", "family_name": "Nimbus Rom No 9 L", "font_type": "Type1", "italic": false, "monospaced": false, "name": "XRSBDV+NimbusRomNo9L-Regu", "subset": true, "weight": 400}, "HasClip": false, "Lang": "en", "ObjectID": 751, "Page": 1, "Path": "//Document/P[10]", "Text": "FIG. 2. Epidemic localization in networks with heterogeneous higher-order structures. We use \u03bd = 0 for all panels and power-law distributions for the memberships gm \u221d m\u2212\u03b3m and group sizes pn \u221d n\u2212\u03b3n . (a)-(b) Solid lines represent the stationary group prevalence and dashed lines represent the stationary global prevalence. (a) For strongly coupled groups (\u03b3m = \u03b3n = 2.2), we find a collective phase transition. (b) For weakly coupled groups (\u03b3m = 4, \u03b3n = 3.5), we find a phenomenon of mesoscopic localization. While the global prevalence in the population can remain extremely low, larger groups can self-sustain the epidemic. The vertical dotted line is an estimation of the delocalization threshold, where the epidemic invades the whole network (see Ref. [(<>)8]). (c) Mesoscopic localization is the rule rather than the exception. The solid line, \u03b3m + \u03b3n = 5, separates the delocalized regime (blue area of strong group coupling) from the mesoscopic localization regime (green area of weak group coupling), obtained from Eqs. ((<>)8a-b). The circle and diamond markers correspond to the networks in panels (a)-(b). ", "TextSize": 8.96600341796875, "attributes": {"LineHeight": 10.5, "SpaceAfter": 18, "TextAlign": "Justify"}}, {"Bounds": [54.0, 389.0309295654297, 305.40724182128906, 476.06581115722656], "ObjectID": 766, "Page": 1, "Path": "//Document/Figure[3]", "attributes": {"BBox": [53.99779999999919, 395.6559999999881, 303.7079999999987, 474.01299999999173], "Placement": "Block"}}, {"Bounds": [79.18646240234375, 464.0603942871094, 89.14945983886719, 476.06581115722656], "Font": {"alt_family_name": "Nimbus Rom", "embedded": true, "encoding": "Custom", "family_name": "Nimbus Rom No 9 L", "font_type": "Type1", "italic": false, "monospaced": false, "name": "XRSBDV+NimbusRomNo9L-Regu", "subset": true, "weight": 400}, "HasClip": false, "ObjectID": 767, "Page": 1, "Path": "//Document/Figure[3]/Reference", "Text": "10", "TextSize": 9.962997436523438}, {"Bounds": [54.0, 389.0309295654297, 305.40724182128906, 476.06581115722656], "Font": {"alt_family_name": "Nimbus Rom", "embedded": true, "encoding": "Custom", "family_name": "Nimbus Rom No 9 L", "font_type": "Type1", "italic": false, "monospaced": false, "name": "XRSBDV+NimbusRomNo9L-Regu", "subset": true, "weight": 400}, "HasClip": false, "ObjectID": 766, "Page": 1, "Path": "//Document/Figure[3]", "Text": "tions [], dsm dt = \u00b5(1 \u2212 sm) \u2212 mrsm , (1a) dcn,i dt = \u00b5(i + 1)cn,i+1 \u2212 \u00b5icn,i + (n \u2212 i + 1){\u03b2n\u2212\u03bd(i \u2212 1) + \u03c1}cn,i\u22121 \u2212 (n \u2212 i){\u03b2n\u2212\u03bdi + \u03c1}cn,i , (1b) ", "TextSize": 9.962997436523438, "attributes": {"BBox": [53.99779999999919, 395.6559999999881, 303.7079999999987, 474.01299999999173], "Placement": "Block"}}, {"Bounds": [54.0, 375.35939025878906, 229.8270263671875, 387.36480712890625], "Font": {"alt_family_name": "Nimbus Rom", "embedded": true, "encoding": "Custom", "family_name": "Nimbus Rom No 9 L", "font_type": "Type1", "italic": false, "monospaced": false, "name": "XRSBDV+NimbusRomNo9L-Regu", "subset": true, "weight": 400}, "HasClip": false, "Lang": "en", "ObjectID": 768, "Page": 1, "Path": "//Document/P[11]", "Text": "with the mean fields r(t) and \u03c1(t) defined as ", "TextSize": 9.962997436523438, "attributes": {"LineHeight": 12, "SpaceAfter": 6.25}}, {"Bounds": [110.63299560546875, 295.07652282714844, 244.9394989013672, 375.3872375488281], "ObjectID": 769, "Page": 1, "Path": "//Document/Figure[4]", "attributes": {"BBox": [110.6349999999984, 315.0189999999857, 242.38999999999942, 374.17699999999604], "Placement": "Block"}}, {"Bounds": [110.63299560546875, 295.07652282714844, 244.9394989013672, 375.3872375488281], "Font": {"alt_family_name": "txex", "embedded": true, "encoding": "Custom", "family_name": "txex", "font_type": "Type1", "italic": false, "monospaced": false, "name": "LTUSOI+txex", "subset": true, "weight": 400}, "HasClip": false, "ObjectID": 769, "Page": 1, "Path": "//Document/Figure[4]", "Text": "r(t) = \ue050 n,i \u03b2n\u2212\u03bdi (n \u2212 i)cn,i(t)pn \ue050 n,i(n \u2212 i)cn,i(t)pn , \u03c1(t) = r(t) \ue050m(m \u2212 1) msm(t)gm\ue050 m msm(t)gm . ", "TextSize": 9.962997436523438, "attributes": {"BBox": [110.6349999999984, 315.0189999999857, 242.38999999999942, 374.17699999999604], "Placement": "Block"}}, {"Bounds": [283.04100036621094, 349.2243957519531, 301.5721740722656, 361.2298126220703], "Font": {"alt_family_name": "Nimbus Rom", "embedded": true, "encoding": "Custom", "family_name": "Nimbus Rom No 9 L", "font_type": "Type1", "italic": false, "monospaced": false, "name": "XRSBDV+NimbusRomNo9L-Regu", "subset": true, "weight": 400}, "HasClip": false, "Lang": "en", "ObjectID": 770, "Page": 1, "Path": "//Document/P[12]", "Text": "(2a) ", "TextSize": 9.962997436523438, "attributes": {"LineHeight": 12, "SpaceAfter": 15.5, "TextAlign": "Center"}}, {"Bounds": [282.4830017089844, 321.7554016113281, 301.5721130371094, 333.7608184814453], "Font": {"alt_family_name": "Nimbus Rom", "embedded": true, "encoding": "Custom", "family_name": "Nimbus Rom No 9 L", "font_type": "Type1", "italic": false, "monospaced": false, "name": "XRSBDV+NimbusRomNo9L-Regu", "subset": true, "weight": 400}, "HasClip": false, "Lang": "en", "ObjectID": 771, "Page": 1, "Path": "//Document/P[13]", "Text": "(2b) ", "TextSize": 9.962997436523438, "attributes": {"LineHeight": 12, "SpaceAfter": 13.125, "TextAlign": "Center"}}, {"Bounds": [54.00152587890625, 236.90052795410156, 301.5820770263672, 308.68394470214844], "Font": {"alt_family_name": "Nimbus Rom", "embedded": true, "encoding": "Custom", "family_name": "Nimbus Rom No 9 L", "font_type": "Type1", "italic": false, "monospaced": false, "name": "XRSBDV+NimbusRomNo9L-Regu", "subset": true, "weight": 400}, "HasClip": false, "Lang": "en", "ObjectID": 772, "Page": 1, "Path": "//Document/P[14]", "Text": "If we take a susceptible node and select a random group to which it belongs, r(t) is the mean infection rate associated to that group. Now if we pick a susceptible node in a group, \u03c1(t) is the mean infection rate received from all external groups (i.e., excluding the one we picked the node from). Without loss of generality, we set \u00b5 = 1 hereafter. ", "TextSize": 9.962997436523438, "attributes": {"LineHeight": 12, "TextAlign": "Justify"}}, {"Bounds": [53.99156188964844, 153.21131896972656, 301.5820770263672, 236.95034790039062], "Font": {"alt_family_name": "Nimbus Rom", "embedded": true, "encoding": "Custom", "family_name": "Nimbus Rom No 9 L", "font_type": "Type1", "italic": false, "monospaced": false, "name": "XRSBDV+NimbusRomNo9L-Regu", "subset": true, "weight": 400}, "HasClip": false, "Lang": "en", "ObjectID": 773, "Page": 1, "Path": "//Document/P[15]", "Text": "An important feature of this framework is that Eq. ((<>)1b) is an approximate master equation : it describes the full range of possible states for groups of size n, while assuming a mean-field coupling between them. As we show in Ref. [(<>)8], the agreement with Monte-Carlo simulations is excellent. The global prevalence in the network\u2014the average fraction of infected nodes\u2014is then ", "TextSize": 9.962997436523438, "attributes": {"LineHeight": 12, "SpaceAfter": 4.625, "TextAlign": "Justify"}}, {"Bounds": [127.2196044921875, 116.43789672851562, 228.59249877929688, 154.87515258789062], "ObjectID": 777, "Page": 1, "Path": "//Document/Figure[5]", "attributes": {"BBox": [127.19499999999971, 124.70699999999852, 226.07099999999627, 153.62599999999657], "Placement": "Block"}}, {"Bounds": [127.2196044921875, 116.43789672851562, 228.59249877929688, 154.87515258789062], "Font": {"alt_family_name": "Nimbus Rom", "embedded": true, "encoding": "Custom", "family_name": "Nimbus Rom No 9 L", "font_type": "Type1", "italic": false, "monospaced": false, "name": "FMRJMW+NimbusRomNo9L-ReguItal", "subset": true, "weight": 400}, "HasClip": false, "ObjectID": 777, "Page": 1, "Path": "//Document/Figure[5]", "Text": "I(t) = \ue058 m [1 \u2212 sm(t)] gm, ", "TextSize": 9.962997436523438, "attributes": {"BBox": [127.19499999999971, 124.70699999999852, 226.07099999999627, 153.62599999999657], "Placement": "Block"}}, {"Bounds": [287.4638671875, 132.93739318847656, 301.57147216796875, 144.94281005859375], "Font": {"alt_family_name": "Nimbus Rom", "embedded": true, "encoding": "Custom", "family_name": "Nimbus Rom No 9 L", "font_type": "Type1", "italic": false, "monospaced": false, "name": "XRSBDV+NimbusRomNo9L-Regu", "subset": true, "weight": 400}, "HasClip": false, "Lang": "en", "ObjectID": 778, "Page": 1, "Path": "//Document/P[16]", "Text": "(3) ", "TextSize": 9.962997436523438, "attributes": {"LineHeight": 12, "SpaceAfter": 8.5, "TextAlign": "Center"}}, {"Bounds": [54.000885009765625, 104.72218322753906, 165.5565948486328, 116.72760009765625], "Font": {"alt_family_name": "Nimbus Rom", "embedded": true, "encoding": "Custom", "family_name": "Nimbus Rom No 9 L", "font_type": "Type1", "italic": false, "monospaced": false, "name": "XRSBDV+NimbusRomNo9L-Regu", "subset": true, "weight": 400}, "HasClip": false, "Lang": "en", "ObjectID": 779, "Page": 1, "Path": "//Document/P[17]", "Text": "and the group prevalence is ", "TextSize": 9.962997436523438, "attributes": {"LineHeight": 12, "SpaceAfter": 9.125}}, {"Bounds": [136.3300018310547, 63.48066711425781, 219.49362182617188, 100.46331787109375], "ObjectID": 780, "Page": 1, "Path": "//Document/Figure[6]", "attributes": {"BBox": [136.3139999999985, 71.54929999999877, 216.95099999999366, 100.70799999999872], "Placement": "Block"}}, {"Bounds": [136.3300018310547, 63.48066711425781, 219.49362182617188, 100.46331787109375], "Font": {"alt_family_name": "Nimbus Rom", "embedded": true, "encoding": "Custom", "family_name": "Nimbus Rom No 9 L", "font_type": "Type1", "italic": false, "monospaced": false, "name": "FMRJMW+NimbusRomNo9L-ReguItal", "subset": true, "weight": 400}, "HasClip": false, "ObjectID": 780, "Page": 1, "Path": "//Document/Figure[6]", "Text": "In(t) = \ue058i i n cn,i(t) . ", "TextSize": 9.962997436523438, "attributes": {"BBox": [136.3139999999985, 71.54929999999877, 216.95099999999366, 100.70799999999872], "Placement": "Block"}}, {"Bounds": [287.4649963378906, 79.97940063476562, 301.5726013183594, 91.98481750488281], "Font": {"alt_family_name": "Nimbus Rom", "embedded": true, "encoding": "Custom", "family_name": "Nimbus Rom No 9 L", "font_type": "Type1", "italic": false, "monospaced": false, "name": "XRSBDV+NimbusRomNo9L-Regu", "subset": true, "weight": 400}, "HasClip": false, "Lang": "en", "ObjectID": 781, "Page": 1, "Path": "//Document/P[18]", "Text": "(4) ", "TextSize": 9.962997436523438, "attributes": {"LineHeight": 12, "TextAlign": "Center"}}, {"Bounds": [317.0140838623047, 380.3731994628906, 564.5958099365234, 476.06842041015625], "Font": {"alt_family_name": "Nimbus Rom", "embedded": true, "encoding": "Custom", "family_name": "Nimbus Rom No 9 L", "font_type": "Type1", "italic": false, "monospaced": false, "name": "XRSBDV+NimbusRomNo9L-Regu", "subset": true, "weight": 400}, "HasClip": false, "Lang": "en", "ObjectID": 782, "Page": 1, "Path": "//Document/P[19]", "Text": "In Fig. (<>)2(a) and Fig. (<>)2(b), we show the stationary prevalence (global and within groups) for two di\ufb00erent networks, obtained using Eq. ((<>)1). As expected from standard models, there exists an epidemic threshold \u03b2c for the transmission rate below which epidemics cannot be sustained (see Ref. [(<>)8] for an analytical expression of \u03b2c). Above \u03b2c, the disease-free equilibrium of the dynamics becomes unstable, driving the epidemic to invade the network. ", "TextSize": 9.962997436523438, "attributes": {"LineHeight": 12, "TextAlign": "Justify"}}, {"Bounds": [317.0140838623047, 272.7727966308594, 564.5946350097656, 380.4230194091797], "Font": {"alt_family_name": "Nimbus Rom", "embedded": true, "encoding": "Custom", "family_name": "Nimbus Rom No 9 L", "font_type": "Type1", "italic": false, "monospaced": false, "name": "XRSBDV+NimbusRomNo9L-Regu", "subset": true, "weight": 400}, "HasClip": false, "Lang": "en", "ObjectID": 791, "Page": 1, "Path": "//Document/P[20]", "Text": "What is less expected are the sequential local transitions observed in the second panel [Fig. (<>)2(b)]. For any value of the transmission rate, the outbreak thrives only in groups above a certain size. The epidemic is self-sustained locally, and the global prevalence reaches its highest growth rate with \u03b2 well above the epidemic threshold, a defining feature of smeared phase transitions [(<>)12, (<>)13]. This is reminiscent of certain infections, such as the bacteria C. di\ufb03cile, mainly found in hospitals with large susceptible populations in close contact [(<>)14]. ", "TextSize": 9.962997436523438, "attributes": {"LineHeight": 12, "TextAlign": "Justify"}}, {"Bounds": [317.0140838623047, 224.95619201660156, 564.595458984375, 272.82261657714844], "Font": {"alt_family_name": "Nimbus Rom", "embedded": true, "encoding": "Custom", "family_name": "Nimbus Rom No 9 L", "font_type": "Type1", "italic": false, "monospaced": false, "name": "XRSBDV+NimbusRomNo9L-Regu", "subset": true, "weight": 400}, "HasClip": false, "Lang": "en", "ObjectID": 798, "Page": 1, "Path": "//Document/P[21]", "Text": "To get some insights on the emergence of this localization phenomenon, we examine the stationary group prevalence, In\u2217 , near the absorbing-state. Using a saddle-point approximation valid for large n, we obtain [(<>)8] ", "TextSize": 9.962997436523438, "attributes": {"LineHeight": 12, "SpaceAfter": 8, "TextAlign": "Justify"}}, {"Bounds": [356.1390075683594, 153.49745178222656, 524.5144958496094, 223.22848510742188], "ObjectID": 802, "Page": 1, "Path": "//Document/Figure[7]", "attributes": {"BBox": [356.14599999999336, 177.1449999999968, 521.9789999999921, 222.02299999999377], "Placement": "Block"}}, {"Bounds": [356.1390075683594, 153.49745178222656, 524.5144958496094, 223.22848510742188], "Font": {"alt_family_name": "Nimbus Rom", "embedded": true, "encoding": "Custom", "family_name": "Nimbus Rom No 9 L", "font_type": "Type1", "italic": false, "monospaced": false, "name": "XRSBDV+NimbusRomNo9L-Regu", "subset": true, "weight": 400}, "HasClip": false, "ObjectID": 802, "Page": 1, "Path": "//Document/Figure[7]", "Text": "I\u2217 n \u223c \u23a7 \u23aa\u23aa\u23aa\u23aa\u23a8 \u23aa\u23aa\u23aa\u23aa\u23a91 1 \u2212 \u03b2n1\u2212\u03bd if \u03b2 < n \u03bd\u22121 n 1/2 (\u03b2n 1\u2212\u03bd)n e\u2212n+n\u03bd/\u03b2 if \u03b2 \u2265 n \u03bd\u22121 . ", "TextSize": 9.962997436523438, "attributes": {"BBox": [356.14599999999336, 177.1449999999968, 521.9789999999921, 222.02299999999377], "Placement": "Block"}}, {"Bounds": [550.4779968261719, 190.400390625, 564.5856018066406, 202.4058074951172], "Font": {"alt_family_name": "Nimbus Rom", "embedded": true, "encoding": "Custom", "family_name": "Nimbus Rom No 9 L", "font_type": "Type1", "italic": false, "monospaced": false, "name": "XRSBDV+NimbusRomNo9L-Regu", "subset": true, "weight": 400}, "HasClip": false, "Lang": "en", "ObjectID": 803, "Page": 1, "Path": "//Document/P[22]", "Text": "(5) ", "TextSize": 9.962997436523438, "attributes": {"LineHeight": 12, "SpaceAfter": 8.5, "TextAlign": "End"}}, {"Bounds": [450.2991485595703, 135.8831787109375, 456.3367156982422, 174.3204345703125], "Font": {"alt_family_name": "txex", "embedded": true, "encoding": "Custom", "family_name": "txex", "font_type": "Type1", "italic": false, "monospaced": false, "name": "LTUSOI+txex", "subset": true, "weight": 400}, "HasClip": false, "Lang": "en", "ObjectID": 804, "Page": 1, "Path": "//Document/P[23]", "Text": "\ue010 ", "TextSize": 9.962997436523438, "attributes": {"LineHeight": 12, "SpaceAfter": 8.5}}, {"Bounds": [481.26600646972656, 135.8825225830078, 487.30357360839844, 174.3197784423828], "Font": {"alt_family_name": "txex", "embedded": true, "encoding": "Custom", "family_name": "txex", "font_type": "Type1", "italic": false, "monospaced": false, "name": "LTUSOI+txex", "subset": true, "weight": 400}, "HasClip": false, "Lang": "en", "ObjectID": 805, "Page": 1, "Path": "//Document/P[24]", "Text": "\ue011 ", "TextSize": 9.962997436523438, "attributes": {"LineHeight": 12, "SpaceAfter": -3}}, {"Bounds": [317.0060119628906, 79.58940124511719, 564.5950927734375, 166.18797302246094], "Font": {"alt_family_name": "Nimbus Rom", "embedded": true, "encoding": "Custom", "family_name": "Nimbus Rom No 9 L", "font_type": "Type1", "italic": false, "monospaced": false, "name": "XRSBDV+NimbusRomNo9L-Regu", "subset": true, "weight": 400}, "HasClip": false, "Lang": "en", "ObjectID": 806, "Page": 1, "Path": "//Document/P[25]", "Text": "For \u03b2 > n\u03bd\u22121 , this implies In\u2217 = O n1/2ebn with b > 0. Therefore, if \u03b2c \u2192 n\u03bdmax\u22121 , the group prevalence increases exponentially with n above the epidemic threshold, and the outbreak is localized in large groups, as observed in Fig. (<>)2(b). In other words, the behavior of the epidemic threshold dictates whether or not localization is possible for a given network organization. ", "TextSize": 9.962997436523438, "attributes": {"LineHeight": 12.25, "TextAlign": "Justify"}}, {"Bounds": [326.9775390625, 67.63380432128906, 564.5950927734375, 79.63920593261719], "Font": {"alt_family_name": "Nimbus Rom", "embedded": true, "encoding": "Custom", "family_name": "Nimbus Rom No 9 L", "font_type": "Type1", "italic": false, "monospaced": false, "name": "XRSBDV+NimbusRomNo9L-Regu", "subset": true, "weight": 400}, "HasClip": false, "Lang": "en", "ObjectID": 820, "Page": 1, "Path": "//Document/P[26]", "Text": "In Ref. [(<>)8], we show that for power-law distributions of ", "TextSize": 9.962997436523438, "attributes": {"LineHeight": 12}}, {"Bounds": [54.00141906738281, 727.16259765625, 296.7001037597656, 739.1680145263672], "Font": {"alt_family_name": "Nimbus Rom", "embedded": true, "encoding": "Custom", "family_name": "Nimbus Rom No 9 L", "font_type": "Type1", "italic": false, "monospaced": false, "name": "XRSBDV+NimbusRomNo9L-Regu", "subset": true, "weight": 400}, "HasClip": false, "Lang": "en", "ObjectID": 822, "Page": 2, "Path": "//Document/P[27]", "Text": "membership and group size, we have the following behavior ", "TextSize": 9.962997436523438, "attributes": {"LineHeight": 12, "SpaceAfter": 15.25}}, {"Bounds": [123.38375854492188, 698.4449310302734, 232.1875, 718.4079742431641], "ObjectID": 823, "Page": 2, "Path": "//Document/Figure[8]", "attributes": {"BBox": [123.35499999999956, 705.1239999999816, 229.67099999999482, 717.002999999997], "Placement": "Block"}}, {"Bounds": [123.38375854492188, 698.4449310302734, 232.1875, 718.4079742431641], "Font": {"alt_family_name": "rtxmi", "embedded": true, "encoding": "Custom", "family_name": "rtxmi", "font_type": "Type1", "italic": false, "monospaced": false, "name": "RRAUSM+rtxmi", "subset": true, "weight": 400}, "HasClip": false, "ObjectID": 823, "Page": 2, "Path": "//Document/Figure[8]", "Text": "\u03b2\u22121 c \u223c \u03a9(gm, pn; \u03bd) + n 1\u2212\u03bd max , ", "TextSize": 9.962997436523438, "attributes": {"BBox": [123.35499999999956, 705.1239999999816, 229.67099999999482, 717.002999999997], "Placement": "Block"}}, {"Bounds": [287.46221923828125, 705.0503997802734, 301.56983947753906, 717.0558166503906], "Font": {"alt_family_name": "Nimbus Rom", "embedded": true, "encoding": "Custom", "family_name": "Nimbus Rom No 9 L", "font_type": "Type1", "italic": false, "monospaced": false, "name": "XRSBDV+NimbusRomNo9L-Regu", "subset": true, "weight": 400}, "HasClip": false, "Lang": "en", "ObjectID": 824, "Page": 2, "Path": "//Document/P[28]", "Text": "(6) ", "TextSize": 9.962997436523438, "attributes": {"LineHeight": 12, "TextAlign": "Center"}}, {"Bounds": [53.99925231933594, 682.9325408935547, 249.89175415039062, 694.9379577636719], "Font": {"alt_family_name": "Nimbus Rom", "embedded": true, "encoding": "Custom", "family_name": "Nimbus Rom No 9 L", "font_type": "Type1", "italic": false, "monospaced": false, "name": "XRSBDV+NimbusRomNo9L-Regu", "subset": true, "weight": 400}, "HasClip": false, "Lang": "en", "ObjectID": 825, "Page": 2, "Path": "//Document/P[29]", "Text": "where we define the coupling between groups as ", "TextSize": 9.962997436523438, "attributes": {"LineHeight": 12, "SpaceAfter": 8.375}}, {"Bounds": [84.25199890136719, 620.1810455322266, 271.31101989746094, 680.805908203125], "ObjectID": 826, "Page": 2, "Path": "//Document/Figure[9]", "attributes": {"BBox": [84.23659999999654, 646.5659999999916, 268.78899999998976, 679.5649999999732], "Placement": "Block"}}, {"Bounds": [84.25199890136719, 620.1810455322266, 271.31101989746094, 680.805908203125], "Font": {"alt_family_name": "txsy", "embedded": true, "encoding": "Custom", "family_name": "txsy", "font_type": "Type1", "italic": false, "monospaced": false, "name": "HOQOBQ+txsy", "subset": true, "weight": 400}, "HasClip": false, "ObjectID": 826, "Page": 2, "Path": "//Document/Figure[9]", "Text": "\u03a9(gm, pn; \u03bd) = \ue020 \ue068m(m \u2212 1)\ue069 \ue068m\ue069 \ue021 \u239b\u239c\u239c\u239c\u239c\u239c\u239c\u239d \ue044 n 1\u2212\u03bd(n \u2212 1) \ue045\ue068n\ue069 \u239e \u239f\u239f\u239f\u239f\u239f\u239f\u23a0 . ", "TextSize": 9.962997436523438, "attributes": {"BBox": [84.23659999999654, 646.5659999999916, 268.78899999998976, 679.5649999999732], "Placement": "Block"}}, {"Bounds": [287.4649963378906, 650.6174011230469, 301.5726013183594, 662.6228179931641], "Font": {"alt_family_name": "Nimbus Rom", "embedded": true, "encoding": "Custom", "family_name": "Nimbus Rom No 9 L", "font_type": "Type1", "italic": false, "monospaced": false, "name": "XRSBDV+NimbusRomNo9L-Regu", "subset": true, "weight": 400}, "HasClip": false, "Lang": "en", "ObjectID": 827, "Page": 2, "Path": "//Document/P[30]", "Text": "(7) ", "TextSize": 9.962997436523438, "attributes": {"LineHeight": 12, "SpaceAfter": 18, "TextAlign": "Center"}}, {"Bounds": [53.99554443359375, 572.5258026123047, 301.5795135498047, 632.355224609375], "Font": {"alt_family_name": "rtxmi", "embedded": true, "encoding": "Custom", "family_name": "rtxmi", "font_type": "Type1", "italic": false, "monospaced": false, "name": "RRAUSM+rtxmi", "subset": true, "weight": 400}, "HasClip": false, "Lang": "en", "ObjectID": 828, "Page": 2, "Path": "//Document/P[31]", "Text": "Asymptotic analysis of Eqs. ((<>)6) and ((<>)7) in the limit nmax \u2192 \u221e reveals the conditions for which \u03b2c \u2192 n\u03bd\u22121 max, i.e., the conditions necessary for a localized epidemic [(<>)8]. They require \u03bd < 1, and are always met whenever \u03b3m \u2265 3. If 2 < \u03b3m < 3, the conditions are then satisfied only if ", "TextSize": 9.962997436523438, "attributes": {"LineHeight": 9.625, "SpaceAfter": 17.25}}, {"Bounds": [92.69184875488281, 543.8079223632812, 301.5758361816406, 562.4188079833984], "ObjectID": 838, "Page": 2, "Path": "//Document/Figure[10]", "attributes": {"BBox": [92.63619999999719, 550.4499999999825, 299.02799999999115, 560.2889999999898], "Placement": "Block"}}, {"Bounds": [92.69184875488281, 543.8079223632812, 301.5758361816406, 562.4188079833984], "Font": {"alt_family_name": "Nimbus Rom", "embedded": true, "encoding": "Custom", "family_name": "Nimbus Rom No 9 L", "font_type": "Type1", "italic": false, "monospaced": false, "name": "XRSBDV+NimbusRomNo9L-Regu", "subset": true, "weight": 400}, "HasClip": false, "ObjectID": 838, "Page": 2, "Path": "//Document/Figure[10]", "Text": "2 < \u03b3n + \u03bd < 3 and 3 \u2212 \u03b3n + \u03b1(3 \u2212 \u03b3m) < 1 , (8a) ", "TextSize": 9.962997436523438, "attributes": {"BBox": [92.63619999999719, 550.4499999999825, 299.02799999999115, 560.2889999999898], "Placement": "Block"}}, {"Bounds": [64.47636413574219, 535.4689025878906, 75.26628112792969, 547.4743194580078], "Font": {"alt_family_name": "Nimbus Rom", "embedded": true, "encoding": "Custom", "family_name": "Nimbus Rom No 9 L", "font_type": "Type1", "italic": false, "monospaced": false, "name": "XRSBDV+NimbusRomNo9L-Regu", "subset": true, "weight": 400}, "HasClip": false, "Lang": "en", "ObjectID": 839, "Page": 2, "Path": "//Document/P[32]", "Text": "or ", "TextSize": 9.962997436523438, "attributes": {"LineHeight": 12, "SpaceAfter": 10.125}}, {"Bounds": [92.7015380859375, 513.919921875, 237.9202423095703, 532.5308074951172], "ObjectID": 840, "Page": 2, "Path": "//Document/Figure[11]", "attributes": {"BBox": [92.63619999999719, 520.5709999999963, 235.42999999999302, 530.4109999999928], "Placement": "Block"}}, {"Bounds": [92.7015380859375, 513.919921875, 237.9202423095703, 532.5308074951172], "Font": {"alt_family_name": "rtxmi", "embedded": true, "encoding": "Custom", "family_name": "rtxmi", "font_type": "Type1", "italic": false, "monospaced": false, "name": "RRAUSM+rtxmi", "subset": true, "weight": 400}, "HasClip": false, "ObjectID": 840, "Page": 2, "Path": "//Document/Figure[11]", "Text": "\u03b3n + \u03bd \u2265 3 and \u03b1(3 \u2212 \u03b3m) + \u03bd < 1 , ", "TextSize": 9.962997436523438, "attributes": {"BBox": [92.63619999999719, 520.5709999999963, 235.42999999999302, 530.4109999999928], "Placement": "Block"}}, {"Bounds": [282.4847412109375, 520.525390625, 301.57383728027344, 532.5308074951172], "Font": {"alt_family_name": "Nimbus Rom", "embedded": true, "encoding": "Custom", "family_name": "Nimbus Rom No 9 L", "font_type": "Type1", "italic": false, "monospaced": false, "name": "XRSBDV+NimbusRomNo9L-Regu", "subset": true, "weight": 400}, "HasClip": false, "Lang": "en", "ObjectID": 841, "Page": 2, "Path": "//Document/P[33]", "Text": "(8b) ", "TextSize": 9.962997436523438, "attributes": {"LineHeight": 12, "SpaceAfter": 10.125, "TextAlign": "Center"}}, {"Bounds": [54.00065612792969, 462.54559326171875, 301.5712432861328, 511.09165954589844], "Font": {"alt_family_name": "Nimbus Rom", "embedded": true, "encoding": "Custom", "family_name": "Nimbus Rom No 9 L", "font_type": "Type1", "italic": false, "monospaced": false, "name": "XRSBDV+NimbusRomNo9L-Regu", "subset": true, "weight": 400}, "HasClip": false, "Lang": "en", "ObjectID": 842, "Page": 2, "Path": "//Document/P[34]", "Text": "where \u03b1 \u2265 0 relates the two cut-o\ufb00s mmax \u223c nmax\u03b1 . These conditions define mesoscopic localization and distinguish the localized regime from the delocalized regime. We give some examples with \u03bd = 0 and \u03b1 = 1 in Fig. (<>)2(c). ", "TextSize": 9.962997436523438, "attributes": {"LineHeight": 12, "TextAlign": "Justify"}}, {"Bounds": [53.995574951171875, 384.1123352050781, 301.5812072753906, 462.49578857421875], "Font": {"alt_family_name": "Nimbus Rom", "embedded": true, "encoding": "Custom", "family_name": "Nimbus Rom No 9 L", "font_type": "Type1", "italic": false, "monospaced": false, "name": "XRSBDV+NimbusRomNo9L-Regu", "subset": true, "weight": 400}, "HasClip": false, "Lang": "en", "ObjectID": 847, "Page": 2, "Path": "//Document/P[35]", "Text": "More intuitively, the conditions ((<>)8a-b) can be interpreted as the result of a competition between a collective and a local activation [(<>)15]. All pairs of (\u03b3m, \u03b3n) below the dark dividing line in Fig. (<>)2(c) are associated with a strong group coupling (\u03a9 \ue01d n1max\u2212\u03bd ), whereas pairs above the line correspond to a weak group coupling (\u03a9 \ue01c n1\u2212\u03bd max). ", "TextSize": 9.962997436523438, "attributes": {"LineHeight": 10.375, "SpaceAfter": -2.374979999999937}}, {"Bounds": [53.99501037597656, 223.24319458007812, 301.5855255126953, 390.6685791015625], "Font": {"alt_family_name": "Nimbus Rom", "embedded": true, "encoding": "Custom", "family_name": "Nimbus Rom No 9 L", "font_type": "Type1", "italic": false, "monospaced": false, "name": "XRSBDV+NimbusRomNo9L-Regu", "subset": true, "weight": 400}, "HasClip": false, "Lang": "en", "ObjectID": 859, "Page": 2, "Path": "//Document/P[36]", "Text": "One important observation is that a large fraction of the structural parameter space (\u03b3m, \u03b3n) corresponds to the meso-copic localization regime [green region in Fig. (<>)2(c)], making it the rule rather than the exception. Moreover, the delocalized regime [blue region in Fig. (<>)2(c)] is the parameter sub-space where the underlying networks are dense, i.e, where the average number of contacts of a node, proportional to \ue068n(n \u2212 1)\ue069, diverges in the asymptotic limit. Since real-world networks are generally sparse [(<>)16, (<>)17], it is reasonable to assume meso-scopic localization may occur in many real-world networks with a higher-level organization. The results of Fig. (<>)2 extend nicely to cases with \u03bd > 0 (see Ref. [(<>)8], Appendix E) where the localized regime still dominates in a large portion the structural parameter space. ", "TextSize": 9.962997436523438, "attributes": {"LineHeight": 12, "TextAlign": "Justify"}}, {"Bounds": [53.989288330078125, 151.419189453125, 301.5791473388672, 223.19337463378906], "Font": {"alt_family_name": "Nimbus Rom", "embedded": true, "encoding": "Custom", "family_name": "Nimbus Rom No 9 L", "font_type": "Type1", "italic": false, "monospaced": false, "name": "XRSBDV+NimbusRomNo9L-Regu", "subset": true, "weight": 400}, "HasClip": false, "Lang": "en", "ObjectID": 870, "Page": 2, "Path": "//Document/P[37]", "Text": "It is worth noting that we only observe localization for a certain portion \u03b2 \u2208 [\u03b2c, \u03b2\u2217] of the bifurcation diagram, where \u03b2\u2217 is the delocalization threshold [dotted line in Fig. (<>)2(b)]. In Ref. [(<>)8], we show how to estimate \u03b2\u2217 and discuss other details of the localization regimes, notably the e\ufb00ects of finite cut-o\ufb00s. ", "TextSize": 9.962997436523438, "attributes": {"LineHeight": 12, "TextAlign": "Justify"}}, {"Bounds": [53.99859619140625, 67.63037109375, 301.5791473388672, 151.369384765625], "Font": {"alt_family_name": "Nimbus Rom", "embedded": true, "encoding": "Custom", "family_name": "Nimbus Rom No 9 L", "font_type": "Type1", "italic": false, "monospaced": false, "name": "XRSBDV+NimbusRomNo9L-Regu", "subset": true, "weight": 400}, "HasClip": false, "Lang": "en", "ObjectID": 877, "Page": 2, "Path": "//Document/P[38]", "Text": "Perhaps most surprising about mesoscopic localization is how strong the e\ufb00ect can be. Even at low overall prevalence, we observe intense but local outbreaks in large groups. This simple observation justifies targeted interventions on these groups, analogous to school closures and the cancellation of large social or professional events. While such closures may seem excessive given the low prevalence found in the general ", "TextSize": 9.962997436523438, "attributes": {"LineHeight": 12, "SpaceAfter": 6.875, "TextAlign": "Justify"}}, {"Bounds": [316.8048858642578, 629.3732147216797, 562.3148498535156, 740.1350860595703], "ClipBounds": [316.8048858642578, 629.8270874023438, 562.3148498535156, 740.1350860595703], "ObjectID": 878, "Page": 2, "Path": "//Document/Figure[12]", "attributes": {"BBox": [317.0269999999873, 629.8869999999879, 562.176999999996, 739.9219999999914], "Placement": "Block"}}, {"Bounds": [317.0140075683594, 492.20701599121094, 564.3500823974609, 618.4303588867188], "Font": {"alt_family_name": "Nimbus Rom", "embedded": true, "encoding": "Custom", "family_name": "Nimbus Rom No 9 L", "font_type": "Type1", "italic": false, "monospaced": false, "name": "XRSBDV+NimbusRomNo9L-Regu", "subset": true, "weight": 400}, "HasClip": false, "Lang": "en", "ObjectID": 879, "Page": 2, "Path": "//Document/P[39]", "Text": "FIG. 3. Local impact of structural interventions in delocalized and localized epidemics. (a)-(b) Prevalence within groups of size n against the intervention strength [Eq. ((<>)9)]. We use the networks from Fig (<>)2(a-b) with transmission rates adjusted to have similar global prevalence for both regimes without intervention. (a) In the delo-calized regime, using \u03b2 \u2248 0.0041, we find a similar benefit of the intervention among all groups. (b) In the mesoscopic localization regime, using \u03b2 = 0.07, we find a di\ufb00erent story. Large groups that have not been removed by the intervention are barely a\ufb00ected, until the intervention is strong enough to cause a global collapse of the epidemic. Square markers indicate when groups of a particular size are removed. ", "TextSize": 8.96600341796875, "attributes": {"LineHeight": 10.5, "SpaceAfter": 17.625, "TextAlign": "Justify"}}, {"Bounds": [317.0140075683594, 450.45379638671875, 564.5945434570312, 474.41481018066406], "Font": {"alt_family_name": "Nimbus Rom", "embedded": true, "encoding": "Custom", "family_name": "Nimbus Rom No 9 L", "font_type": "Type1", "italic": false, "monospaced": false, "name": "XRSBDV+NimbusRomNo9L-Regu", "subset": true, "weight": 400}, "HasClip": false, "Lang": "en", "ObjectID": 882, "Page": 2, "Path": "//Document/P[40]", "Text": "population, these compact organized groups are where most infections will occur. ", "TextSize": 9.962997436523438, "attributes": {"LineHeight": 12}}, {"Bounds": [317.0121307373047, 390.6772003173828, 564.5945434570312, 450.5036163330078], "Font": {"alt_family_name": "Nimbus Rom", "embedded": true, "encoding": "Custom", "family_name": "Nimbus Rom No 9 L", "font_type": "Type1", "italic": false, "monospaced": false, "name": "XRSBDV+NimbusRomNo9L-Regu", "subset": true, "weight": 400}, "HasClip": false, "Lang": "en", "ObjectID": 883, "Page": 2, "Path": "//Document/P[41]", "Text": "We now focus on targeted interventions on large groups, modeled by simply forcing a hard cut-o\ufb00 nmax on the distribution pn. By using a cut-o\ufb00 instead of immunizing the groups, we preserve the membership m of nodes; they will simply belong to groups of smaller sizes. ", "TextSize": 9.962997436523438, "attributes": {"LineHeight": 12, "TextAlign": "Justify"}}, {"Bounds": [317.0132141113281, 330.90179443359375, 564.6028137207031, 390.7270050048828], "Font": {"alt_family_name": "Nimbus Rom", "embedded": true, "encoding": "Custom", "family_name": "Nimbus Rom No 9 L", "font_type": "Type1", "italic": false, "monospaced": false, "name": "XRSBDV+NimbusRomNo9L-Regu", "subset": true, "weight": 400}, "HasClip": false, "Lang": "en", "ObjectID": 888, "Page": 2, "Path": "//Document/P[42]", "Text": "To compare the e\ufb00ectiveness of interventions across di\ufb00er-ent networks and parametrizations, we define an intervention strength (IS) as the fraction of the total edge weights that have been removed. If pn and p\u02dcn are respectively the group size distribution before and after the intervention, then ", "TextSize": 9.962997436523438, "attributes": {"LineHeight": 12, "SpaceAfter": 5.375, "TextAlign": "Justify"}}, {"Bounds": [383.79600524902344, 279.80052185058594, 497.8034973144531, 331.9173126220703], "ObjectID": 891, "Page": 2, "Path": "//Document/Figure[13]", "attributes": {"BBox": [383.7439999999915, 299.65999999998894, 495.3399999999965, 330.6189999999915], "Placement": "Block"}}, {"Bounds": [383.79600524902344, 279.80052185058594, 497.8034973144531, 331.9173126220703], "Font": {"alt_family_name": "txex", "embedded": true, "encoding": "Custom", "family_name": "txex", "font_type": "Type1", "italic": false, "monospaced": false, "name": "LTUSOI+txex", "subset": true, "weight": 400}, "HasClip": false, "ObjectID": 891, "Page": 2, "Path": "//Document/Figure[13]", "Text": "IS = 1 \u2212 \ue050 n n1\u2212\u03bd(n \u2212 1) \u02dcpn\ue050 n n1\u2212\u03bd(n \u2212 1)pn . ", "TextSize": 9.962997436523438, "attributes": {"BBox": [383.7439999999915, 299.65999999998894, 495.3399999999965, 330.6189999999915], "Placement": "Block"}}, {"Bounds": [550.4779968261719, 306.5823974609375, 564.5856018066406, 318.5878143310547], "Font": {"alt_family_name": "Nimbus Rom", "embedded": true, "encoding": "Custom", "family_name": "Nimbus Rom No 9 L", "font_type": "Type1", "italic": false, "monospaced": false, "name": "XRSBDV+NimbusRomNo9L-Regu", "subset": true, "weight": 400}, "HasClip": false, "Lang": "en", "ObjectID": 892, "Page": 2, "Path": "//Document/P[43]", "Text": "(9) ", "TextSize": 9.962997436523438, "attributes": {"LineHeight": 12, "SpaceAfter": 11.75, "TextAlign": "End"}}, {"Bounds": [317.01182556152344, 187.1884002685547, 564.5955657958984, 294.8360137939453], "Font": {"alt_family_name": "Nimbus Rom", "embedded": true, "encoding": "Custom", "family_name": "Nimbus Rom No 9 L", "font_type": "Type1", "italic": false, "monospaced": false, "name": "XRSBDV+NimbusRomNo9L-Regu", "subset": true, "weight": 400}, "HasClip": false, "Lang": "en", "ObjectID": 893, "Page": 2, "Path": "//Document/P[44]", "Text": "In Fig. (<>)3, we show the local impact on the group prevalence for such structural interventions. For networks in the delo-calized regime [Fig. (<>)3(a)], the intervention appears to reduce the risk of infections at the individual (node) level. As we decrease nmax (and therefore increase the intervention strength), the local prevalence within all groups decreases gradually and homogeneously until an epidemic threshold is reached. This is similar to traditional models where interventions reduce R0 in a distributed, mass-action way. ", "TextSize": 9.962997436523438, "attributes": {"LineHeight": 12, "TextAlign": "Justify"}}, {"Bounds": [317.0121154785156, 67.63580322265625, 564.5967864990234, 187.2382049560547], "Font": {"alt_family_name": "Nimbus Rom", "embedded": true, "encoding": "Custom", "family_name": "Nimbus Rom No 9 L", "font_type": "Type1", "italic": false, "monospaced": false, "name": "XRSBDV+NimbusRomNo9L-Regu", "subset": true, "weight": 400}, "HasClip": false, "Lang": "en", "ObjectID": 899, "Page": 2, "Path": "//Document/P[45]", "Text": "In the localized regime [Fig. (<>)3(b)], the intervention has a very di\ufb00erent impact. Individuals that would have interacted in groups of size greater than nmax are spared by the intervention, but the large groups of sizes below nmax appear unaffected by the intervention. The main point here is that a local outbreak in certain organized gatherings (e.g. mass transit in urban centers, cruise ships) can persist despite interventions elsewhere. However, once the intervention is strong enough [roughly when nmax is below 25 in Fig. (<>)3(b)], further interventions cause a rapid collapse of the epidemic. ", "TextSize": 9.962997436523438, "attributes": {"LineHeight": 12, "TextAlign": "Justify"}}, {"Bounds": [53.78962707519531, 412.9034729003906, 439.654296875, 740.1367950439453], "ClipBounds": [53.78962707519531, 412.9034729003906, 299.17066955566406, 740.1367950439453], "ObjectID": 908, "Page": 3, "Path": "//Document/Figure[14]", "attributes": {"BBox": [53.99779999999919, 413.054999999993, 299.1479999999865, 739.9219999999914], "Placement": "Block"}}, {"Bounds": [53.99409484863281, 170.637939453125, 301.35400390625, 401.45335388183594], "Font": {"alt_family_name": "Nimbus Rom", "embedded": true, "encoding": "Custom", "family_name": "Nimbus Rom No 9 L", "font_type": "Type1", "italic": false, "monospaced": false, "name": "XRSBDV+NimbusRomNo9L-Regu", "subset": true, "weight": 400}, "HasClip": false, "Lang": "en", "ObjectID": 909, "Page": 3, "Path": "//Document/P[46]", "Text": "FIG. 4. Global impact of structural interventions in di\ufb00erent localization regimes of SIS and SIR dynamics. (a) We compare the global prevalence of epidemics against the intervention strength [Eq. ((<>)9)] using the same networks as in Fig. (<>)3. We use \u03b2 \u2208 {0.004, 0.005, 0.006, 0.007} and \u03b2 \u2208 {0.07, 0.09, 0.11, 0.13} for the delocalized and localized regimes. (b) A similar behavior is observed for the final size (fraction of recovered nodes at t \u2192 \u221e) in simulations of the SIR dynamics [(<>)18]. We generate 1000 networks of size N = 106 and run 104 SIR simulations on each network, starting with a single random infected node, with \u03b2 = 0.0036 in the delocalized regime and \u03b2 = 0.083 in the localized regime. We only kept macroscopic outbreaks, with a final size over 10\u22123 . Solid and dashed lines are sample means and the shaded regions represent twice the standard deviation. (c) Three examples of cn,i distributions for (1) strongly localized, (2) weakly localized, and (3) delocalized epidemics, using \u03bd equal 0, 0.6 and 1 respectively. We used networks with \u03b3m = \u03b3n = 3.5 and \u03b2 = 0.3/\ue068k\ue069, where \ue068k\ue069 is the average weighted degree before interventions. (d) We look at the impact of interventions for intermediate localization regimes by varying \u03bd with the same networks as in (c). (e) Schematic representation of how the impact of interventions varies as it passes through di\ufb00erent localization regimes. ", "TextSize": 8.96600341796875, "attributes": {"LineHeight": 10.5, "SpaceAfter": 18, "TextAlign": "Justify"}}, {"Bounds": [54.0, 67.6343994140625, 301.58055114746094, 139.41781616210938], "Font": {"alt_family_name": "Nimbus Rom", "embedded": true, "encoding": "Custom", "family_name": "Nimbus Rom No 9 L", "font_type": "Type1", "italic": false, "monospaced": false, "name": "XRSBDV+NimbusRomNo9L-Regu", "subset": true, "weight": 400}, "HasClip": false, "Lang": "en", "ObjectID": 923, "Page": 3, "Path": "//Document/P[47]", "Text": "Let us now look at the global impact of these interventions in Fig. (<>)4. It is important to note that while we have assumed a SIS dynamics, our results hold for a SIR dynamics as well [see the similarity of Fig. (<>)4(a-b)], which is generally a more realistic model for epidemics. The reason is that smeared phase transitions occur for this type of process as well [(<>)13]. ", "TextSize": 9.962997436523438, "attributes": {"LineHeight": 12, "TextAlign": "Justify"}}, {"Bounds": [317.01324462890625, 667.3870697021484, 564.5937805175781, 739.1704864501953], "Font": {"alt_family_name": "Nimbus Rom", "embedded": true, "encoding": "Custom", "family_name": "Nimbus Rom No 9 L", "font_type": "Type1", "italic": false, "monospaced": false, "name": "XRSBDV+NimbusRomNo9L-Regu", "subset": true, "weight": 400}, "HasClip": false, "Lang": "en", "ObjectID": 928, "Page": 3, "Path": "//Document/P[48]", "Text": "In Fig. (<>)4(a-b), we observe that the global impact of interventions in the delocalized regime is again similar to mass-action models\u2014the prevalence decreases approximately linearly with the intervention strength. In contrast, in the localized regime, the intervention has a rapid non-linear e\ufb00ect in reducing the global prevalence as its strength is ramped up. ", "TextSize": 9.962997436523438, "attributes": {"LineHeight": 12, "TextAlign": "Justify"}}, {"Bounds": [317.01324462890625, 595.3246917724609, 564.5937805175781, 667.1081085205078], "Font": {"alt_family_name": "Nimbus Rom", "embedded": true, "encoding": "Custom", "family_name": "Nimbus Rom No 9 L", "font_type": "Type1", "italic": false, "monospaced": false, "name": "XRSBDV+NimbusRomNo9L-Regu", "subset": true, "weight": 400}, "HasClip": false, "Lang": "en", "ObjectID": 933, "Page": 3, "Path": "//Document/P[49]", "Text": "In both Fig. (<>)3(b) and Fig. (<>)4(a-b), it is surprising that the removal of the largest groups does not produce the largest decrease in prevalence, since these are the ones in which we expect most nodes to be infected. Even less clear is what drives the sudden collapse and if we should expect this behavior for all localized epidemics. ", "TextSize": 9.962997436523438, "attributes": {"LineHeight": 12, "TextAlign": "Justify"}}, {"Bounds": [317.00328063964844, 415.6619110107422, 564.5937805175781, 595.0457305908203], "Font": {"alt_family_name": "Nimbus Rom", "embedded": true, "encoding": "Custom", "family_name": "Nimbus Rom No 9 L", "font_type": "Type1", "italic": false, "monospaced": false, "name": "XRSBDV+NimbusRomNo9L-Regu", "subset": true, "weight": 400}, "HasClip": false, "Lang": "en", "ObjectID": 938, "Page": 3, "Path": "//Document/P[50]", "Text": "To clarify the situation, we need to explore the regimes between the delocalized and the strongly localized regimes displayed in Fig. (<>)3(b) and (<>)4(a-b). We break down these regimes in three parts in Fig. (<>)4(c) to simplify the discussion: (1) strongly localized, (2) weakly localized, and (3) delocal-ized. In the strongly localized regime (1), large groups have a high prevalence, and act as independent entities that are barely a\ufb00ected by interventions elsewhere [as in Fig. (<>)3(b)]. In the weakly localized regime (2), the disease still thrives in large groups, but they are not isolated from one another\u2014 interventions in one group now a\ufb00ect the others as well. This is the regime where interventions are most e\ufb00ective. Finally, in the delocalized regime (3), groups act as a whole, but the infection does not thrive in any of them, leading to a lower e\ufb00ectiveness of targeted interventions. ", "TextSize": 9.962997436523438, "attributes": {"LineHeight": 12, "TextAlign": "Justify"}}, {"Bounds": [317.00328063964844, 319.68833923339844, 564.5838165283203, 415.38294982910156], "Font": {"alt_family_name": "Nimbus Rom", "embedded": true, "encoding": "Custom", "family_name": "Nimbus Rom No 9 L", "font_type": "Type1", "italic": false, "monospaced": false, "name": "XRSBDV+NimbusRomNo9L-Regu", "subset": true, "weight": 400}, "HasClip": false, "Lang": "en", "ObjectID": 943, "Page": 3, "Path": "//Document/P[51]", "Text": "The easiest way to interpolate between the two extremes is to tune the group interaction strength through \u03bd. As shown in Fig. (<>)4(d), the initial impact of interventions changes as \u03bd is increased. With \u03bd = 0.6 for instance, the epidemic is weakly localized, and now the removal of the largest groups produce the largest decrease in prevalence. Further interventions become eventually less e\ufb00ective, as the intervention itself causes the epidemic to shift to a delocalized regime. ", "TextSize": 9.962997436523438, "attributes": {"LineHeight": 12, "TextAlign": "Justify"}}, {"Bounds": [317.00328063964844, 235.67034912109375, 564.5838165283203, 319.40936279296875], "Font": {"alt_family_name": "Nimbus Rom", "embedded": true, "encoding": "Custom", "family_name": "Nimbus Rom No 9 L", "font_type": "Type1", "italic": false, "monospaced": false, "name": "XRSBDV+NimbusRomNo9L-Regu", "subset": true, "weight": 400}, "HasClip": false, "Lang": "en", "ObjectID": 946, "Page": 3, "Path": "//Document/P[52]", "Text": "More generally, the non-linear decrease of the global prevalence as a function of the intervention strength is explained by transitions between di\ufb00erent localization regimes, as illustrated in Fig. (<>)4(e). The sudden collapse for interventions on strongly localized epidemics is thus the result of a shift to a weakly localized regime, where interventions become much more e\ufb00ective. ", "TextSize": 9.962997436523438, "attributes": {"LineHeight": 12, "TextAlign": "Justify"}}, {"Bounds": [317.00328063964844, 103.82997131347656, 564.5838165283203, 235.39138793945312], "Font": {"alt_family_name": "Nimbus Rom", "embedded": true, "encoding": "Custom", "family_name": "Nimbus Rom No 9 L", "font_type": "Type1", "italic": false, "monospaced": false, "name": "XRSBDV+NimbusRomNo9L-Regu", "subset": true, "weight": 400}, "HasClip": false, "Lang": "en", "ObjectID": 950, "Page": 3, "Path": "//Document/P[53]", "Text": "Altogether, the lesson from Fig. (<>)3 and (<>)4 is that, just as we take heterogeneity of individual risks into account when preferentially vaccinating individuals, we should take heterogeneity of group risks into account when designing interventions. While pathogens operate at the scale of individuals, epidemics themselves interact with our entire social network, which has a modular, hierarchical, higher-order structure. Since we expect real epidemics to experience localization e\ufb00ects, we should aim to leverage their sudden collapse when designing structural interventions, and account for this emergent feature in our models. ", "TextSize": 9.962997436523438, "attributes": {"LineHeight": 12, "TextAlign": "Justify"}}, {"Bounds": [317.00328063964844, 67.6343994140625, 564.5838165283203, 103.55101013183594], "Font": {"alt_family_name": "Nimbus Rom", "embedded": true, "encoding": "Custom", "family_name": "Nimbus Rom No 9 L", "font_type": "Type1", "italic": false, "monospaced": false, "name": "XRSBDV+NimbusRomNo9L-Regu", "subset": true, "weight": 400}, "HasClip": false, "Lang": "en", "ObjectID": 955, "Page": 3, "Path": "//Document/P[54]", "Text": "Over the last few years, dynamics on higher-order representation of networks have shown time and time again that intuition built from simpler models does not always hold in more ", "TextSize": 9.962997436523438, "attributes": {"LineHeight": 12, "TextAlign": "Justify"}}, {"Bounds": [54.00169372558594, 679.3432769775391, 301.5723114013672, 739.1686859130859], "Font": {"alt_family_name": "Nimbus Rom", "embedded": true, "encoding": "Custom", "family_name": "Nimbus Rom No 9 L", "font_type": "Type1", "italic": false, "monospaced": false, "name": "XRSBDV+NimbusRomNo9L-Regu", "subset": true, "weight": 400}, "HasClip": false, "Lang": "en", "ObjectID": 959, "Page": 4, "Path": "//Document/Aside/P", "Text": "complex scenarios, with examples ranging from competitive dynamics [(<>)19] to social contagion [(<>)20]. Localization of dynamics over higher-order structures is yet another addition to this list. Our work thus paves the way for a more comprehensive analysis of structural interventions on networks. ", "TextSize": 9.962600708007812, "attributes": {"LineHeight": 12, "SpaceAfter": 18, "TextAlign": "Justify"}}, {"Bounds": [127.19400024414062, 645.9464569091797, 228.12876892089844, 657.6117401123047], "Font": {"alt_family_name": "Nimbus Rom", "embedded": true, "encoding": "Custom", "family_name": "Nimbus Rom No 9 L", "font_type": "Type1", "italic": false, "monospaced": false, "name": "THVTYC+NimbusRomNo9L-Medi", "subset": true, "weight": 500}, "HasClip": false, "Lang": "en", "ObjectID": 964, "Page": 4, "Path": "//Document/Aside/P[2]", "Text": "ACKNOWLEDGMENTS ", "TextSize": 8.966400146484375, "attributes": {"LineHeight": 10.75, "SpaceAfter": 14.875, "TextAlign": "Center"}}, {"Bounds": [53.99043273925781, 464.6599426269531, 301.5710144042969, 632.1312561035156], "Font": {"alt_family_name": "Nimbus Rom", "embedded": true, "encoding": "Custom", "family_name": "Nimbus Rom No 9 L", "font_type": "Type1", "italic": false, "monospaced": false, "name": "XRSBDV+NimbusRomNo9L-Regu", "subset": true, "weight": 400}, "HasClip": false, "Lang": "en", "ObjectID": 965, "Page": 4, "Path": "//Document/Aside/P[3]", "Text": "The authors acknowledge Calcul Qu\u00b4ebec for computing facilities. L.H.-D. was supported by the National Institutes of Health 1P20 GM125498-01 Centers of Biomedical Research Excellence Award. This work was also supported by the Fonds de recherche du Qu\u00b4ebec \u2013 Nature et technologies (V.T., G.S.), the Natural Sciences and Engineering Research Council of Canada (G.S., V.T., A.A., L.J.D.), and the Sentinelle Nord program of Universite\u00b4 Laval, funded by the Canada First Research Excellence Fund (G.S., V.T., A.A., L.J.D.). L.H.D. also acknowledges the dedication of his ALife 2020 co-organizers, Juniper Lovato and Josh Bongard, for moving the conference online to reduce the spread of COVID-19. The authors thank Simon DeDeo who inspired them to write this letter. ", "TextSize": 9.962600708007812, "attributes": {"LineHeight": 11.125, "SpaceAfter": 18}}, {"Bounds": [58.483001708984375, 388.71885681152344, 301.32000732421875, 420.4509582519531], "Font": {"alt_family_name": "Nimbus Rom", "embedded": true, "encoding": "Custom", "family_name": "Nimbus Rom No 9 L", "font_type": "Type1", "italic": false, "monospaced": false, "name": "XRSBDV+NimbusRomNo9L-Regu", "subset": true, "weight": 400}, "HasClip": false, "Lang": "en", "ObjectID": 969, "Page": 4, "Path": "//Document/Footnote[7]", "Text": "[1] W. O. Kermack and A. G. McKendrick, \u201cContributions to the mathematical theory of epidemics,\u201d Bull. Math. Biol. 53, 33 (1991). ", "TextSize": 8.966400146484375, "attributes": {"LineHeight": 10.5}}, {"Bounds": [58.483001708984375, 356.7895202636719, 301.32000732421875, 389.05958557128906], "Font": {"alt_family_name": "Nimbus Rom", "embedded": true, "encoding": "Custom", "family_name": "Nimbus Rom No 9 L", "font_type": "Type1", "italic": false, "monospaced": false, "name": "XRSBDV+NimbusRomNo9L-Regu", "subset": true, "weight": 400}, "HasClip": false, "Lang": "en", "ObjectID": 970, "Page": 4, "Path": "//Document/Footnote[8]", "Text": "[2] W. O. Kermack and A. G. McKendrick, \u201cContributions to the mathematical theory of epidemics. ii -the problem of endemicity,\u201d Bull. Math. Biol. 53, 57 (1991). ", "TextSize": 8.966400146484375, "attributes": {"LineHeight": 10.5}}, {"Bounds": [58.483001708984375, 325.3981475830078, 301.32000732421875, 357.66822814941406], "Font": {"alt_family_name": "Nimbus Rom", "embedded": true, "encoding": "Custom", "family_name": "Nimbus Rom No 9 L", "font_type": "Type1", "italic": false, "monospaced": false, "name": "XRSBDV+NimbusRomNo9L-Regu", "subset": true, "weight": 400}, "HasClip": false, "Lang": "en", "ObjectID": 972, "Page": 4, "Path": "//Document/Footnote[9]", "Text": "[3] W. O. Kermack and A. G. McKendrick, \u201cContributions to the mathematical theory of epidemics. iii -further studies of the problem of endemicity,\u201d Bull. Math. Biol. 53, 89 (1991). ", "TextSize": 8.966400146484375, "attributes": {"LineHeight": 10.5}}, {"Bounds": [58.483001708984375, 284.0809783935547, 301.32000732421875, 326.27685546875], "Font": {"alt_family_name": "Nimbus Rom", "embedded": true, "encoding": "Custom", "family_name": "Nimbus Rom No 9 L", "font_type": "Type1", "italic": false, "monospaced": false, "name": "XRSBDV+NimbusRomNo9L-Regu", "subset": true, "weight": 400}, "HasClip": false, "Lang": "en", "ObjectID": 973, "Page": 4, "Path": "//Document/Footnote[10]", "Text": "[4] O. Diekmann, J. A. J. Metz, and J. A. P. Heesterbeek, \u201cThe legacy of Kermack and McKendrick,\u201d in Epidemic Model. Their Struct. Relat. to Data, edited by D. Mollison (Cambridge University Press, 1995) p. 95. ", "TextSize": 8.966400146484375, "attributes": {"LineHeight": 10.5}}, {"Bounds": [58.483001708984375, 252.68960571289062, 301.3289794921875, 284.42169189453125], "Font": {"alt_family_name": "Nimbus Rom", "embedded": true, "encoding": "Custom", "family_name": "Nimbus Rom No 9 L", "font_type": "Type1", "italic": false, "monospaced": false, "name": "FMRJMW+NimbusRomNo9L-ReguItal", "subset": true, "weight": 400}, "HasClip": false, "Lang": "en", "ObjectID": 975, "Page": 4, "Path": "//Document/Footnote[11]", "Text": "[5] R. M. Anderson, B. Anderson, and R. M. May, Infectious Diseases of Humans: Dynamics and Control (Oxford University Press, 1992). ", "TextSize": 8.966400146484375, "attributes": {"LineHeight": 10.5}}, {"Bounds": [321.5033721923828, 727.3977203369141, 334.1997985839844, 738.2022399902344], "Font": {"alt_family_name": "Nimbus Rom", "embedded": true, "encoding": "Custom", "family_name": "Nimbus Rom No 9 L", "font_type": "Type1", "italic": false, "monospaced": false, "name": "XRSBDV+NimbusRomNo9L-Regu", "subset": true, "weight": 400}, "HasClip": false, "ObjectID": 979, "Page": 4, "Path": "//Document/L/LI/Lbl", "Text": "[6] ", "TextSize": 8.966400146484375}, {"Bounds": [335.9371337890625, 696.0548706054688, 564.3403930664062, 738.2470703125], "Font": {"alt_family_name": "Nimbus Rom", "embedded": true, "encoding": "Custom", "family_name": "Nimbus Rom No 9 L", "font_type": "Type1", "italic": false, "monospaced": false, "name": "XRSBDV+NimbusRomNo9L-Regu", "subset": true, "weight": 400}, "HasClip": false, "ObjectID": 980, "Page": 4, "Path": "//Document/L/LI/LBody", "Text": "L. H\u00b4ebert-Dufresne, B. M. Althouse, S. V. Scarpino, and A. Allard, \u201cBeyond R0: the importance of contact tracing when predicting epidemics,\u201d (<http://dx.doi.org/10.1101/2020.02.10.20021725>)medRxiv (2020), (<http://dx.doi.org/10.1101/2020.02.10.20021725>)10.1101/2020.02.10.20021725. ", "TextSize": 8.966400146484375}, {"Bounds": [321.50123596191406, 685.5910797119141, 334.1976623535156, 696.3955841064453], "Font": {"alt_family_name": "Nimbus Rom", "embedded": true, "encoding": "Custom", "family_name": "Nimbus Rom No 9 L", "font_type": "Type1", "italic": false, "monospaced": false, "name": "XRSBDV+NimbusRomNo9L-Regu", "subset": true, "weight": 400}, "HasClip": false, "ObjectID": 986, "Page": 4, "Path": "//Document/L/LI[2]/Lbl", "Text": "[7] ", "TextSize": 8.966400146484375}, {"Bounds": [335.9371337890625, 664.1255187988281, 564.3382415771484, 696.3955841064453], "Font": {"alt_family_name": "Nimbus Rom", "embedded": true, "encoding": "Custom", "family_name": "Nimbus Rom No 9 L", "font_type": "Type1", "italic": false, "monospaced": false, "name": "XRSBDV+NimbusRomNo9L-Regu", "subset": true, "weight": 400}, "HasClip": false, "ObjectID": 987, "Page": 4, "Path": "//Document/L/LI[2]/LBody", "Text": "R. Pastor-Satorras, C. Castellano, P. Van Mieghem, and A. Vespignani, \u201cEpidemic processes in complex networks,\u201d (<http://dx.doi.org/ 10.1103/RevModPhys.87.925>)Rev. Mod. Phys. 87, 925 (2015). ", "TextSize": 8.966400146484375}, {"Bounds": [321.50123596191406, 654.19970703125, 334.1976623535156, 665.0042266845703], "Font": {"alt_family_name": "Nimbus Rom", "embedded": true, "encoding": "Custom", "family_name": "Nimbus Rom No 9 L", "font_type": "Type1", "italic": false, "monospaced": false, "name": "XRSBDV+NimbusRomNo9L-Regu", "subset": true, "weight": 400}, "HasClip": false, "ObjectID": 990, "Page": 4, "Path": "//Document/L/LI[3]/Lbl", "Text": "[8] ", "TextSize": 8.966400146484375}, {"Bounds": [335.9371337890625, 622.808349609375, 564.3472137451172, 665.0490570068359], "Font": {"alt_family_name": "Nimbus Rom", "embedded": true, "encoding": "Custom", "family_name": "Nimbus Rom No 9 L", "font_type": "Type1", "italic": false, "monospaced": false, "name": "XRSBDV+NimbusRomNo9L-Regu", "subset": true, "weight": 400}, "HasClip": false, "ObjectID": 991, "Page": 4, "Path": "//Document/L/LI[3]/LBody", "Text": "G. St-Onge, V. Thibeault, A. Allard, L. J. Dub\u00b4e, and L. H\u00b4ebert-Dufresne, \u201cMaster-equation analysis of mesoscopic localization in contagion dynamics on higher-order networks,\u201d (<https://arxiv.org/abs/2004.10203>)arXiv:2004.10203 (2020). ", "TextSize": 8.966400146484375}, {"Bounds": [321.50123596191406, 612.3445587158203, 334.1976623535156, 623.1490631103516], "Font": {"alt_family_name": "Nimbus Rom", "embedded": true, "encoding": "Custom", "family_name": "Nimbus Rom No 9 L", "font_type": "Type1", "italic": false, "monospaced": false, "name": "XRSBDV+NimbusRomNo9L-Regu", "subset": true, "weight": 400}, "HasClip": false, "ObjectID": 994, "Page": 4, "Path": "//Document/L/LI[4]/Lbl", "Text": "[9] ", "TextSize": 8.966400146484375}, {"Bounds": [335.9371337890625, 580.9531860351562, 564.3382415771484, 623.1490631103516], "Font": {"alt_family_name": "Nimbus Rom", "embedded": true, "encoding": "Custom", "family_name": "Nimbus Rom No 9 L", "font_type": "Type1", "italic": false, "monospaced": false, "name": "XRSBDV+NimbusRomNo9L-Regu", "subset": true, "weight": 400}, "HasClip": false, "ObjectID": 995, "Page": 4, "Path": "//Document/L/LI[4]/LBody", "Text": "F. Battiston, G. Cencetti, I. Iacopini, V. Latora, M. Lucas, A. Patania, J.-G. Young, and G. Petri, \u201cNetworks beyond pairwise interactions: Structure and dynamics,\u201d (<http://dx.doi.org/10.1016/j.physrep.2020.05.004>)Phys. Rep. (2020), (<http://dx.doi.org/10.1016/j.physrep.2020.05.004>)10.1016/j.physrep.2020.05.004. ", "TextSize": 8.966400146484375}, {"Bounds": [317.0180358886719, 570.4893951416016, 334.1976623535156, 581.2939147949219], "Font": {"alt_family_name": "Nimbus Rom", "embedded": true, "encoding": "Custom", "family_name": "Nimbus Rom No 9 L", "font_type": "Type1", "italic": false, "monospaced": false, "name": "XRSBDV+NimbusRomNo9L-Regu", "subset": true, "weight": 400}, "HasClip": false, "ObjectID": 1000, "Page": 4, "Path": "//Document/L/LI[5]/Lbl", "Text": "[10] ", "TextSize": 8.966400146484375}, {"Bounds": [335.9281768798828, 547.5354156494141, 564.3292846679688, 581.3387451171875], "Font": {"alt_family_name": "Nimbus Rom", "embedded": true, "encoding": "Custom", "family_name": "Nimbus Rom No 9 L", "font_type": "Type1", "italic": false, "monospaced": false, "name": "XRSBDV+NimbusRomNo9L-Regu", "subset": true, "weight": 400}, "HasClip": false, "ObjectID": 1001, "Page": 4, "Path": "//Document/L/LI[5]/LBody", "Text": "L. H\u00b4 el, Vincent Marceau, A. Allard,ebert-Dufresne, P.-A. No\u00a8 and L. J. Dube,\u00b4 \u201cPropagation dynamics on networks featuring complex topologies,\u201d (<http://dx.doi.org/ 10.1103/PhysRevE.82.036115>)Phys. Rev. E 82, 036115 (2010). ", "TextSize": 8.966400146484375}, {"Bounds": [317.0180358886719, 537.6096038818359, 334.1976623535156, 548.4141235351562], "Font": {"alt_family_name": "Nimbus Rom", "embedded": true, "encoding": "Custom", "family_name": "Nimbus Rom No 9 L", "font_type": "Type1", "italic": false, "monospaced": false, "name": "XRSBDV+NimbusRomNo9L-Regu", "subset": true, "weight": 400}, "HasClip": false, "ObjectID": 1004, "Page": 4, "Path": "//Document/L/LI[6]/Lbl", "Text": "[11] ", "TextSize": 8.966400146484375}, {"Bounds": [335.9371337890625, 526.6078338623047, 564.3382415771484, 548.4141235351562], "Font": {"alt_family_name": "Nimbus Rom", "embedded": true, "encoding": "Custom", "family_name": "Nimbus Rom No 9 L", "font_type": "Type1", "italic": false, "monospaced": false, "name": "XRSBDV+NimbusRomNo9L-Regu", "subset": true, "weight": 400}, "HasClip": false, "ObjectID": 1005, "Page": 4, "Path": "//Document/L/LI[6]/LBody", "Text": "M. E. J. Newman, \u201cProperties of highly clustered networks,\u201d (<http://dx.doi.org/ 10.1103/PhysRevE.68.026121>)Phys. Rev. E 68, 026121 (2003). ", "TextSize": 8.966400146484375}, {"Bounds": [317.0180358886719, 516.6820373535156, 334.1976623535156, 527.4865417480469], "Font": {"alt_family_name": "Nimbus Rom", "embedded": true, "encoding": "Custom", "family_name": "Nimbus Rom No 9 L", "font_type": "Type1", "italic": false, "monospaced": false, "name": "XRSBDV+NimbusRomNo9L-Regu", "subset": true, "weight": 400}, "HasClip": false, "ObjectID": 1008, "Page": 4, "Path": "//Document/L/LI[7]/Lbl", "Text": "[12] ", "TextSize": 8.966400146484375}, {"Bounds": [335.9371337890625, 495.75445556640625, 564.3382415771484, 527.4865417480469], "Font": {"alt_family_name": "Nimbus Rom", "embedded": true, "encoding": "Custom", "family_name": "Nimbus Rom No 9 L", "font_type": "Type1", "italic": false, "monospaced": false, "name": "XRSBDV+NimbusRomNo9L-Regu", "subset": true, "weight": 400}, "HasClip": false, "ObjectID": 1009, "Page": 4, "Path": "//Document/L/LI[7]/LBody", "Text": "T. Vojta, \u201cRare region e\ufb00ects at classical, quantum and nonequi-librium phase transitions,\u201d (<http://dx.doi.org/10.1088/0305-4470/39/22/R01>)J. Phys. A. Math. Gen. 39, R143 (<http://dx.doi.org/10.1088/0305-4470/39/22/R01>)(2006). ", "TextSize": 8.966400146484375}, {"Bounds": [317.0180358886719, 485.29066467285156, 334.1976623535156, 496.0951843261719], "Font": {"alt_family_name": "Nimbus Rom", "embedded": true, "encoding": "Custom", "family_name": "Nimbus Rom No 9 L", "font_type": "Type1", "italic": false, "monospaced": false, "name": "XRSBDV+NimbusRomNo9L-Regu", "subset": true, "weight": 400}, "HasClip": false, "ObjectID": 1013, "Page": 4, "Path": "//Document/L/LI[8]/Lbl", "Text": "[13] ", "TextSize": 8.966400146484375}, {"Bounds": [335.9371337890625, 464.3630828857422, 564.3382415771484, 496.1400146484375], "Font": {"alt_family_name": "Nimbus Rom", "embedded": true, "encoding": "Custom", "family_name": "Nimbus Rom No 9 L", "font_type": "Type1", "italic": false, "monospaced": false, "name": "XRSBDV+NimbusRomNo9L-Regu", "subset": true, "weight": 400}, "HasClip": false, "ObjectID": 1014, "Page": 4, "Path": "//Document/L/LI[8]/LBody", "Text": "L. Hebert-Dufresne\u00b4 and A. Allard, \u201cSmeared phase transitions in percolation on real complex networks,\u201d (<http://dx.doi.org/ 10.1103/PhysRevResearch.1.013009>)Phys. Rev. Res. 1, (<http://dx.doi.org/ 10.1103/PhysRevResearch.1.013009>)013009 (2019). ", "TextSize": 8.966400146484375}, {"Bounds": [317.0180358886719, 453.8992919921875, 334.1976623535156, 464.7038116455078], "Font": {"alt_family_name": "Nimbus Rom", "embedded": true, "encoding": "Custom", "family_name": "Nimbus Rom No 9 L", "font_type": "Type1", "italic": false, "monospaced": false, "name": "XRSBDV+NimbusRomNo9L-Regu", "subset": true, "weight": 400}, "HasClip": false, "ObjectID": 1018, "Page": 4, "Path": "//Document/L/LI[9]/Lbl", "Text": "[14] ", "TextSize": 8.966400146484375}, {"Bounds": [335.9371337890625, 432.9717254638672, 564.3382415771484, 464.7038116455078], "Font": {"alt_family_name": "Nimbus Rom", "embedded": true, "encoding": "Custom", "family_name": "Nimbus Rom No 9 L", "font_type": "Type1", "italic": false, "monospaced": false, "name": "XRSBDV+NimbusRomNo9L-Regu", "subset": true, "weight": 400}, "HasClip": false, "ObjectID": 1019, "Page": 4, "Path": "//Document/L/LI[9]/LBody", "Text": "L. V. McFarland and W. E. Stamm, \u201cReview of clostridium di\ufb03cile\u2014associated diseases,\u201d (<http://dx.doi.org/ 10.1016/0196-6553(86)90018-0>)Am. J. Infect. Control 14, 99 (<http://dx.doi.org/ 10.1016/0196-6553(86)90018-0>)(1986). ", "TextSize": 8.966400146484375}, {"Bounds": [317.0180358886719, 422.5079345703125, 334.1976623535156, 433.31243896484375], "Font": {"alt_family_name": "Nimbus Rom", "embedded": true, "encoding": "Custom", "family_name": "Nimbus Rom No 9 L", "font_type": "Type1", "italic": false, "monospaced": false, "name": "XRSBDV+NimbusRomNo9L-Regu", "subset": true, "weight": 400}, "HasClip": false, "ObjectID": 1023, "Page": 4, "Path": "//Document/L/LI[10]/Lbl", "Text": "[15] ", "TextSize": 8.966400146484375}, {"Bounds": [335.9371337890625, 401.04237365722656, 564.3382415771484, 433.31243896484375], "Font": {"alt_family_name": "Nimbus Rom", "embedded": true, "encoding": "Custom", "family_name": "Nimbus Rom No 9 L", "font_type": "Type1", "italic": false, "monospaced": false, "name": "XRSBDV+NimbusRomNo9L-Regu", "subset": true, "weight": 400}, "HasClip": false, "ObjectID": 1024, "Page": 4, "Path": "//Document/L/LI[10]/LBody", "Text": "S. C. Ferreira, R. S. Sander, and R. Pastor-Satorras, \u201cCollective versus hub activation of epidemic phases on networks,\u201d (<http://dx.doi.org/10.1103/PhysRevE.93.032314>)Phys. (<http://dx.doi.org/10.1103/PhysRevE.93.032314>)Rev. E 93, 32314 (2016). ", "TextSize": 8.966400146484375}, {"Bounds": [317.0180358886719, 391.11656188964844, 334.1976623535156, 401.92108154296875], "Font": {"alt_family_name": "Nimbus Rom", "embedded": true, "encoding": "Custom", "family_name": "Nimbus Rom No 9 L", "font_type": "Type1", "italic": false, "monospaced": false, "name": "XRSBDV+NimbusRomNo9L-Regu", "subset": true, "weight": 400}, "HasClip": false, "ObjectID": 1028, "Page": 4, "Path": "//Document/L/LI[11]/Lbl", "Text": "[16] ", "TextSize": 8.966400146484375}, {"Bounds": [335.9371337890625, 380.1147918701172, 564.3382415771484, 401.92108154296875], "Font": {"alt_family_name": "Nimbus Rom", "embedded": true, "encoding": "Custom", "family_name": "Nimbus Rom No 9 L", "font_type": "Type1", "italic": false, "monospaced": false, "name": "XRSBDV+NimbusRomNo9L-Regu", "subset": true, "weight": 400}, "HasClip": false, "ObjectID": 1029, "Page": 4, "Path": "//Document/L/LI[11]/LBody", "Text": "C. I. Del Genio, T. Gross, and K. E. Bassler, \u201cAll scale-free networks are sparse,\u201d (<http://dx.doi.org/10.1103/PhysRevLett.107.178701>)Phys. Rev. Lett. 107, 178701 (2011). ", "TextSize": 8.966400146484375}, {"Bounds": [317.0180358886719, 370.1889953613281, 334.1976623535156, 380.9934997558594], "Font": {"alt_family_name": "Nimbus Rom", "embedded": true, "encoding": "Custom", "family_name": "Nimbus Rom No 9 L", "font_type": "Type1", "italic": false, "monospaced": false, "name": "XRSBDV+NimbusRomNo9L-Regu", "subset": true, "weight": 400}, "HasClip": false, "ObjectID": 1032, "Page": 4, "Path": "//Document/L/LI[12]/Lbl", "Text": "[17] ", "TextSize": 8.966400146484375}, {"Bounds": [335.9371337890625, 359.72520446777344, 564.3382415771484, 380.9934997558594], "Font": {"alt_family_name": "Nimbus Rom", "embedded": true, "encoding": "Custom", "family_name": "Nimbus Rom No 9 L", "font_type": "Type1", "italic": false, "monospaced": false, "name": "XRSBDV+NimbusRomNo9L-Regu", "subset": true, "weight": 400}, "HasClip": false, "ObjectID": 1033, "Page": 4, "Path": "//Document/L/LI[12]/LBody", "Text": "M. E. J. Newman, Networks, 2nd ed. (Oxford University Press, 2018). ", "TextSize": 8.966400146484375}, {"Bounds": [317.0180358886719, 349.26141357421875, 334.1976623535156, 360.06591796875], "Font": {"alt_family_name": "Nimbus Rom", "embedded": true, "encoding": "Custom", "family_name": "Nimbus Rom No 9 L", "font_type": "Type1", "italic": false, "monospaced": false, "name": "XRSBDV+NimbusRomNo9L-Regu", "subset": true, "weight": 400}, "HasClip": false, "ObjectID": 1035, "Page": 4, "Path": "//Document/L/LI[13]/Lbl", "Text": "[18] ", "TextSize": 8.966400146484375}, {"Bounds": [335.9281768798828, 317.8700408935547, 564.3292846679688, 360.1107482910156], "Font": {"alt_family_name": "Nimbus Rom", "embedded": true, "encoding": "Custom", "family_name": "Nimbus Rom No 9 L", "font_type": "Type1", "italic": false, "monospaced": false, "name": "XRSBDV+NimbusRomNo9L-Regu", "subset": true, "weight": 400}, "HasClip": false, "ObjectID": 1036, "Page": 4, "Path": "//Document/L/LI[13]/LBody", "Text": "G. St-Onge, J.-G. Young, L. H\u00b4 e,ebert-Dufresne, and L. J. Dub\u00b4 \u201cE\ufb03cient sampling of spreading processes on complex networks using a composition and rejection algorithm,\u201d (<http://dx.doi.org/10.1016/J.CPC.2019.02.008>)Comput. (<http://dx.doi.org/10.1016/J.CPC.2019.02.008>)Phys. Commun. , 30 (2019). ", "TextSize": 8.966400146484375}, {"Bounds": [317.0090637207031, 307.40625, 334.1886901855469, 318.2107696533203], "Font": {"alt_family_name": "Nimbus Rom", "embedded": true, "encoding": "Custom", "family_name": "Nimbus Rom No 9 L", "font_type": "Type1", "italic": false, "monospaced": false, "name": "XRSBDV+NimbusRomNo9L-Regu", "subset": true, "weight": 400}, "HasClip": false, "ObjectID": 1041, "Page": 4, "Path": "//Document/L/LI[14]/Lbl", "Text": "[19] ", "TextSize": 8.966400146484375}, {"Bounds": [335.9281768798828, 285.94068908691406, 564.3382415771484, 318.25559997558594], "Font": {"alt_family_name": "Nimbus Rom", "embedded": true, "encoding": "Custom", "family_name": "Nimbus Rom No 9 L", "font_type": "Type1", "italic": false, "monospaced": false, "name": "XRSBDV+NimbusRomNo9L-Regu", "subset": true, "weight": 400}, "HasClip": false, "ObjectID": 1042, "Page": 4, "Path": "//Document/L/LI[14]/LBody", "Text": "J. Grilli, G. Barab\u00b4as, M. J. Michalska-Smith, and S. Allesina, \u201cHigher-order interactions stabilize dynamics in competitive network models,\u201d (<http://dx.doi.org/ 10.1038/nature23273>)Nature 548, 210 (2017). ", "TextSize": 8.966400146484375}, {"Bounds": [317.0180358886719, 276.014892578125, 334.1976623535156, 286.81939697265625], "Font": {"alt_family_name": "Nimbus Rom", "embedded": true, "encoding": "Custom", "family_name": "Nimbus Rom No 9 L", "font_type": "Type1", "italic": false, "monospaced": false, "name": "XRSBDV+NimbusRomNo9L-Regu", "subset": true, "weight": 400}, "HasClip": false, "ObjectID": 1045, "Page": 4, "Path": "//Document/L/LI[15]/Lbl", "Text": "[20] ", "TextSize": 8.966400146484375}, {"Bounds": [335.9371337890625, 265.01312255859375, 562.0965728759766, 286.81939697265625], "Font": {"alt_family_name": "Nimbus Rom", "embedded": true, "encoding": "Custom", "family_name": "Nimbus Rom No 9 L", "font_type": "Type1", "italic": false, "monospaced": false, "name": "XRSBDV+NimbusRomNo9L-Regu", "subset": true, "weight": 400}, "HasClip": false, "ObjectID": 1046, "Page": 4, "Path": "//Document/L/LI[15]/LBody", "Text": "I. Iacopini, G. Petri, A. Barrat, and V. Latora, \u201cSimplicial models of social contagion,\u201d (<http://dx.doi.org/10.1038/s41467-019-10431-6>)Nat. Commun. 10, 1 (2019). ", "TextSize": 8.966400146484375}], "pages": [{"boxes": {"CropBox": [0.0, 0.0, 612.0, 792.0], "MediaBox": [0.0, 0.0, 612.0, 792.0]}, "height": 792.0, "is_scanned": false, "page_number": 0, "rotation": 0, "width": 612.0}, {"boxes": {"CropBox": [0.0, 0.0, 612.0, 792.0], "MediaBox": [0.0, 0.0, 612.0, 792.0]}, "height": 792.0, "is_scanned": false, "page_number": 1, "rotation": 0, "width": 612.0}, {"boxes": {"CropBox": [0.0, 0.0, 612.0, 792.0], "MediaBox": [0.0, 0.0, 612.0, 792.0]}, "height": 792.0, "is_scanned": false, "page_number": 2, "rotation": 0, "width": 612.0}, {"boxes": {"CropBox": [0.0, 0.0, 612.0, 792.0], "MediaBox": [0.0, 0.0, 612.0, 792.0]}, "height": 792.0, "is_scanned": false, "page_number": 3, "rotation": 0, "width": 612.0}, {"boxes": {"CropBox": [0.0, 0.0, 612.0, 792.0], "MediaBox": [0.0, 0.0, 612.0, 792.0]}, "height": 792.0, "is_scanned": false, "page_number": 4, "rotation": 0, "width": 612.0}]}