{"version": {"json_export": "219", "page_segmentation": "55", "schema": "1.1.0", "structure": "1.1155.0", "table_structure": "5"}, "extended_metadata": {"ID_instance": "F4 E3 07 4F 77 BC B2 11 0A 00 B4 9E E4 54 54 24 ", "ID_permanent": "A3 DD C6 AB 39 D9 41 DE B2 C3 12 4D 32 62 4D 42 ", "has_acroform": false, "has_embedded_files": false, "is_XFA": false, "is_certified": false, "is_encrypted": false, "is_digitally_signed": false, "language": "en", "page_count": 1, "pdf_version": "1.6", "pdfa_compliance_level": "", "pdfua_compliance_level": ""}, "elements": [{"Bounds": [48.188995361328125, 680.343994140625, 507.2770080566406, 743.4160003662109], "ClipBounds": [48.188995361328125, 680.343994140625, 507.2770080566406, 743.4160003662109], "Font": {"alt_family_name": "Times New Roman PSMT", "embedded": true, "encoding": "Identity-H", "family_name": "Times New Roman PSMT", "font_type": "CIDFontType2", "italic": false, "monospaced": false, "name": "HBTLMO+TimesNewRomanPSMT", "subset": true, "weight": 400}, "HasClip": true, "Lang": "en", "ObjectID": 188, "Page": 0, "Path": "//Document/Sect/Title", "Text": "WORLD VIEWA personaltakeon events ", "TextSize": 11.0, "attributes": {"LineHeight": 57.625, "SpaceAfter": 18}}, {"Bounds": [42.27000427246094, 573.1574554443359, 139.63192749023438, 671.3732757568359], "ClipBounds": [42.27000427246094, 573.9429931640625, 138.82899475097656, 670.5020141601562], "ObjectID": 191, "Page": 0, "Path": "//Document/Sect/Figure", "attributes": {"BBox": [42.47829999999885, 573.914999999979, 138.83399999999529, 670.2709999999788], "Placement": "Block"}}, {"Bounds": [149.9530029296875, 597.0670013427734, 563.1947937011719, 679.177001953125], "Font": {"alt_family_name": "Glosa Math", "embedded": true, "encoding": "WinAnsiEncoding", "family_name": "Glosa Math", "font_type": "Type1", "italic": false, "monospaced": false, "name": "HPQWZS+GlosaMath-Bold", "subset": true, "weight": 700}, "HasClip": false, "Lang": "en", "ObjectID": 193, "Page": 0, "Path": "//Document/Sect[2]/H1", "Text": "The biggest pandemic risk? Viral misinformation ", "TextSize": 35.0, "attributes": {"LineHeight": 35, "SpaceAfter": 9.875}}, {"Bounds": [149.95269775390625, 562.9214935302734, 560.2364501953125, 595.5964965820312], "Font": {"alt_family_name": "Minion Pro", "embedded": true, "encoding": "Identity-H", "family_name": "Minion Pro", "font_type": "CIDFontType0", "italic": false, "monospaced": false, "name": "HBTLMO+MinionPro-Regular", "subset": true, "weight": 400}, "HasClip": false, "Lang": "en", "ObjectID": 195, "Page": 0, "Path": "//Document/Sect[3]/H1", "Text": "A century after the world's worst flu epidemic, rapid spread of misinformation is undermining trust in vaccines, crucial to public health, warns Heidi Larson. ", "TextSize": 12.5, "attributes": {"LineHeight": 15.875, "SpaceAfter": 16}}, {"Bounds": [41.684906005859375, 512.0291290283203, 79.8807373046875, 565.1621551513672], "Font": {"alt_family_name": "Minion Pro", "embedded": true, "encoding": "Custom", "family_name": "Minion Pro", "font_type": "Type1", "italic": false, "monospaced": false, "name": "HPQWZS+MinionPro-Regular", "subset": true, "weight": 400}, "HasClip": false, "ObjectID": 197, "Page": 0, "Path": "//Document/Sect[3]/P/Figure", "Text": "A ", "TextSize": 41.607696533203125, "attributes": {"BBox": [41.63829999999871, 526.9969999999739, 70.43709999999919, 556.5159999999742], "Placement": "Start"}}, {"Bounds": [41.684906005859375, 512.0291290283203, 290.9592590332031, 565.1621551513672], "Font": {"alt_family_name": "Minion Pro", "embedded": true, "encoding": "Custom", "family_name": "Minion Pro", "font_type": "Type1", "italic": false, "monospaced": false, "name": "HPQWZS+MinionPro-Regular", "subset": true, "weight": 400}, "HasClip": false, "Lang": "en", "ObjectID": 196, "Page": 0, "Path": "//Document/Sect[3]/P", "Text": "A hundred years ago this month, the death rate from the 1918 influenza was at its peak. An estimated 500 million people were infected over the course of the pandemic; between 50 million and 100 million died, around 3% of the global population at the time. ", "TextSize": 9.300003051757812, "attributes": {"LineHeight": 3.5, "SpaceAfter": 17.625}}, {"Bounds": [42.51969909667969, 439.65989685058594, 290.8993225097656, 514.5363006591797], "Font": {"alt_family_name": "Minion Pro", "embedded": true, "encoding": "Custom", "family_name": "Minion Pro", "font_type": "Type1", "italic": false, "monospaced": false, "name": "HPQWZS+MinionPro-Regular", "subset": true, "weight": 400}, "HasClip": false, "Lang": "en", "ObjectID": 198, "Page": 0, "Path": "//Document/Sect[3]/P[2]", "Text": "A century on, advances in vaccines have made massive outbreaks of flu \u2014 and measles, rubella, diphtheria and polio \u2014 rare. But people still discount their risks of disease. Few realize that flu and its complications caused an estimated 80,000 deaths in the United States alone this past winter, mainly in the elderly and infirm. Of the 183 children whose deaths were confirmed as flu-related, 80% had not been vaccinated that season, according to the US Centers for Disease Control and Prevention. ", "TextSize": 9.300003051757812}, {"Bounds": [42.51969909667969, 355.65989685058594, 291.1660919189453, 441.03599548339844], "Font": {"alt_family_name": "Minion Pro", "embedded": true, "encoding": "Custom", "family_name": "Minion Pro", "font_type": "Type1", "italic": false, "monospaced": false, "name": "HPQWZS+MinionPro-Regular", "subset": true, "weight": 400}, "HasClip": false, "Lang": "en", "ObjectID": 199, "Page": 0, "Path": "//Document/Sect[3]/P[3]", "Text": "I predict that the next major outbreak \u2014 whether of a highly fatal strain of influenza or something else \u2014 will not be due to a lack of preventive technologies. Instead, emotional contagion, digitally enabled, could erode trust in vaccines so much as to render them moot. The deluge of conflicting information, misinformation and manipulated information on social media should be recognized as a global public-health threat. ", "TextSize": 9.300003051757812}, {"Bounds": [42.51969909667969, 250.65989685058594, 216.67311096191406, 357.03599548339844], "Font": {"alt_family_name": "Minion Pro", "embedded": true, "encoding": "Custom", "family_name": "Minion Pro", "font_type": "Type1", "italic": false, "monospaced": false, "name": "HPQWZS+MinionPro-Regular", "subset": true, "weight": 400}, "HasClip": false, "Lang": "en", "ObjectID": 202, "Page": 0, "Path": "//Document/Sect[3]/P[4]", "Text": "So, what is to be done? The Vaccine Confidence Project, which I direct, works to detect early signals of rumours and scares about vaccines, and so to address them before they snowball. The international team comprises experts in anthropology, epidemiology, statistics, political science and more. We monitor news and social media, and we survey attitudes. We have also developed a Vaccine Confidence Index, similar to a consumer-confidence index, to track attitudes. ", "TextSize": 9.300003051757812}, {"Bounds": [42.51969909667969, 135.15989685058594, 290.71009826660156, 252.03599548339844], "Font": {"alt_family_name": "Minion Pro", "embedded": true, "encoding": "Custom", "family_name": "Minion Pro", "font_type": "Type1", "italic": false, "monospaced": false, "name": "HPQWZS+MinionPro-Regular", "subset": true, "weight": 400}, "HasClip": false, "Lang": "en", "ObjectID": 205, "Page": 0, "Path": "//Document/Sect[3]/P[5]", "Text": "Emotions around vaccines are volatile, making vigilance and monitoring crucial for effective public outreach. In 2016, our project identified Europe as the region with the highest scepticism around vaccine safety (H. J. Larson et al. EBio-Medicine 12, 295\u2013301; 2016). The European Union commissioned us to re-run the survey this summer; results will be released this month. In the Philippines, confidence in vaccine safety dropped from 82% in 2015 to 21% in 2018 (H. J. Larson et al. Hum. Vaccines Immunother. https://doi. org/10.1080/21645515.2018.1522468; 2018), after legitimate concerns arose about new dengue vaccines. Immunization rates for established vaccines for tetanus, polio, tetanus and more also plummeted. ", "TextSize": 9.300003051757812}, {"Bounds": [42.51969909667969, 30.159896850585938, 291.554931640625, 136.53599548339844], "Font": {"alt_family_name": "Minion Pro", "embedded": true, "encoding": "Custom", "family_name": "Minion Pro", "font_type": "Type1", "italic": false, "monospaced": false, "name": "HPQWZS+MinionPro-Regular", "subset": true, "weight": 400}, "HasClip": false, "Lang": "en", "ObjectID": 207, "Page": 0, "Path": "//Document/Sect[3]/P[6]", "Text": "We have found that it is useful to categorize misinformation into several levels. Among the most damaging is bad science: people with medical credentials stoking overblown or unfounded fears. The canonical example is the 1998 publication by infamous former physician Andrew Wakefield purporting to show a link between autism and the measles, mumps and rubella (MMR) vaccine. Despite having his licence revoked and his work retracted, Wakefield persists in campaigning against the vaccine. Expert consensus alleges that his efforts have contributed to persistent vaccine anxieties and refusals, including a 2017 measles outbreak in Minnesota. Had Wakefield been ", "TextSize": 9.300003051757812}, {"Bounds": [240.81500244140625, 257.4649963378906, 368.1107635498047, 407.58399963378906], "Font": {"alt_family_name": "Times New Roman PSMT", "embedded": true, "encoding": "Identity-H", "family_name": "Times New Roman PSMT", "font_type": "CIDFontType2", "italic": false, "monospaced": false, "name": "HBTLMO+TimesNewRomanPSMT", "subset": true, "weight": 400}, "HasClip": false, "Lang": "en", "ObjectID": 210, "Page": 0, "Path": "//Document/Sect[3]/P[7]", "Text": "Emotions around vaccines are volatile, making vigilance crucial for public outreach ", "TextSize": 19.0, "attributes": {"LineHeight": 17.875, "TextAlign": "Center"}}, {"Bounds": [311.8110046386719, 523.6598968505859, 560.3358001708984, 556.5359954833984], "Font": {"alt_family_name": "Minion Pro", "embedded": true, "encoding": "Custom", "family_name": "Minion Pro", "font_type": "Type1", "italic": false, "monospaced": false, "name": "HPQWZS+MinionPro-Regular", "subset": true, "weight": 400}, "HasClip": false, "Lang": "en", "ObjectID": 211, "Page": 0, "Path": "//Document/Sect[3]/P[8]", "Text": "disciplined and his article retracted 12 months after publication rather than 12 years, we might not be remarking that this year marks the twentieth anniversary of its publication. ", "TextSize": 9.300003051757812}, {"Bounds": [311.8110046386719, 460.65989685058594, 560.0040588378906, 525.0359954833984], "Font": {"alt_family_name": "Minion Pro", "embedded": true, "encoding": "Custom", "family_name": "Minion Pro", "font_type": "Type1", "italic": false, "monospaced": false, "name": "HPQWZS+MinionPro-Regular", "subset": true, "weight": 400}, "HasClip": false, "Lang": "en", "ObjectID": 212, "Page": 0, "Path": "//Document/Sect[3]/P[9]", "Text": "The second-most-dangerous category includes those who see anti-vaccine debates as a financial opportunity for selling books, services, or other products.  (Wakefield, who maintains that financial concerns have not affected his research and that he has been unfairly vilified, gave paid testimony against the vaccine and filed a patent that allegedly stood to become more valuable were the vaccine to be discredited.) ", "TextSize": 9.300003051757812}, {"Bounds": [311.8110046386719, 387.15989685058594, 560.3345489501953, 462.03599548339844], "Font": {"alt_family_name": "Minion Pro", "embedded": true, "encoding": "Custom", "family_name": "Minion Pro", "font_type": "Type1", "italic": false, "monospaced": false, "name": "HPQWZS+MinionPro-Regular", "subset": true, "weight": 400}, "HasClip": false, "Lang": "en", "ObjectID": 213, "Page": 0, "Path": "//Document/Sect[3]/P[10]", "Text": "The next tier of damaging misinformation comes from those who see anti-vaccine debates as a political opportunity, a wedge with which to polarize society. Multiple reports this year found that Russian trolls and bots used emotional, angry language to spread misinformation and exacerbate the divisions between those for and against vaccines (see D. A. Broniatowski et al. Am. J. Pub. Health 108, 1378\u20131384; 2018). ", "TextSize": 9.300003051757812}, {"Bounds": [386.4842071533203, 313.65989685058594, 560.7016448974609, 388.5363006591797], "Font": {"alt_family_name": "Minion Pro", "embedded": true, "encoding": "Custom", "family_name": "Minion Pro", "font_type": "Type1", "italic": false, "monospaced": false, "name": "HPQWZS+MinionPro-Regular", "subset": true, "weight": 400}, "HasClip": false, "Lang": "en", "ObjectID": 214, "Page": 0, "Path": "//Document/Sect[3]/P[11]", "Text": "Next are \u2018super-spreaders\u2019, who propagate misinformation through social media to like-minded vaccine-questioners. A common claim is that suspected adverse reactions to vaccines (typically coincidences) are confirmed reactions. Finally, there is misunderstood or inadequate information that might be circulating generally. ", "TextSize": 9.300003051757812}, {"Bounds": [386.4842071533203, 229.65989685058594, 560.6179962158203, 315.03599548339844], "Font": {"alt_family_name": "Minion Pro", "embedded": true, "encoding": "Custom", "family_name": "Minion Pro", "font_type": "Type1", "italic": false, "monospaced": false, "name": "HPQWZS+MinionPro-Regular", "subset": true, "weight": 400}, "HasClip": false, "Lang": "en", "ObjectID": 217, "Page": 0, "Path": "//Document/Sect[3]/P[12]", "Text": "Targeted social media can combat misinformation. Both Denmark and Ireland faced groups broadcasting testimonies on social media and television news of young girls alleged to have been harmed by human papillomavirus (HPV) vaccination. In Denmark, national immunization rates fell from over 90% in 2000 to under 20% in 2005. ", "TextSize": 9.300003051757812}, {"Bounds": [311.8110046386719, 166.65989685058594, 560.1854248046875, 231.03599548339844], "Font": {"alt_family_name": "Minion Pro", "embedded": true, "encoding": "Custom", "family_name": "Minion Pro", "font_type": "Type1", "italic": false, "monospaced": false, "name": "HPQWZS+MinionPro-Regular", "subset": true, "weight": 400}, "HasClip": false, "Lang": "en", "ObjectID": 220, "Page": 0, "Path": "//Document/Sect[3]/P[13]", "Text": "In response, Danish public-health officials emphasized the risk of disease, and promoted stories of people who had lost wives and mothers to cervical cancer. They also created a Facebook page for answering parents\u2019 questions. Ireland\u2019s social-media efforts used similar tactics to rebuild HPV-vaccine confidence; numbers for 2018 show an increase of 6% for vaccine uptake from 2017. ", "TextSize": 9.300003051757812}, {"Bounds": [311.8110046386719, 103.65989685058594, 560.3202514648438, 168.03599548339844], "Font": {"alt_family_name": "Minion Pro", "embedded": true, "encoding": "Custom", "family_name": "Minion Pro", "font_type": "Type1", "italic": false, "monospaced": false, "name": "HPQWZS+MinionPro-Regular", "subset": true, "weight": 400}, "HasClip": false, "Lang": "en", "ObjectID": 222, "Page": 0, "Path": "//Document/Sect[3]/P[14]", "Text": "No single strategy works for all types of misinformation, particularly among those who are already sceptical. Educational materials and resources are important, but limited; health officials and educational campaigns often fall short because they craft messages based on what they want to promote, without addressing existing perceptions. Dialogue matters. Strategies must include listening and engagement. ", "TextSize": 9.300003051757812}, {"Bounds": [490.1477966308594, 74.66419982910156, 494.63771057128906, 80.34590148925781], "Font": {"alt_family_name": "Zapf Dingbats Std", "embedded": true, "encoding": "Custom", "family_name": "Zapf Dingbats Std", "font_type": "Type1", "italic": false, "monospaced": false, "name": "HPQWZS+ZapfDingbatsStd", "subset": true, "weight": 400}, "HasClip": false, "ObjectID": 226, "Page": 0, "Path": "//Document/Sect[3]/P[15]/ExtraCharSpan", "Text": "\u25a0 ", "TextSize": 5.899993896484375}, {"Bounds": [311.8110046386719, 72.15989685058594, 559.9095306396484, 105.03599548339844], "Font": {"alt_family_name": "Minion Pro", "embedded": true, "encoding": "Custom", "family_name": "Minion Pro", "font_type": "Type1", "italic": false, "monospaced": false, "name": "HPQWZS+MinionPro-Regular", "subset": true, "weight": 400}, "HasClip": false, "Lang": "en", "ObjectID": 224, "Page": 0, "Path": "//Document/Sect[3]/P[15]", "Text": "We have to get better at this: if a strain as deadly as the 1918 influenza emerges and people\u2019s hesitancy to get vaccinated remains at the level it is today, a debilitating and fatal disease will spread. ", "TextSize": 9.300003051757812, "attributes": {"SpaceAfter": 10.5}}, {"Bounds": [311.80889892578125, 30.161102294921875, 556.5819396972656, 63.055206298828125], "Font": {"alt_family_name": "Minion Pro", "embedded": true, "encoding": "WinAnsiEncoding", "family_name": "Minion Pro", "font_type": "Type1", "italic": false, "monospaced": false, "name": "HPQWZS+MinionPro-Bold", "subset": true, "weight": 700}, "HasClip": false, "Lang": "en", "ObjectID": 227, "Page": 0, "Path": "//Document/Sect[3]/P[16]", "Text": "Heidi J. Larson is professor of anthropology, risk and decision science at the London School of Hygiene & Tropical Medicine. e-mail: heidi.larson@lshtm.ac.uk ", "TextSize": 9.300003051757812, "attributes": {"SpaceAfter": 11.875}}, {"Bounds": [370.89739990234375, 12.51080322265625, 563.1306304931641, 20.532806396484375], "Font": {"alt_family_name": "Glosa Math", "embedded": true, "encoding": "WinAnsiEncoding", "family_name": "Glosa Math", "font_type": "Type1", "italic": false, "monospaced": false, "name": "HPQWZS+GlosaMath-Roman", "subset": true, "weight": 400}, "HasClip": false, "Lang": "en", "ObjectID": 228, "Page": 0, "Path": "//Document/Sect[3]/P[17]", "Text": "18 OCTOBER 2018 | VOL 562 | NATURE | 309 ", "TextSize": 6.0, "attributes": {"LineHeight": 7.25, "TextAlign": "End"}}, {"Bounds": [221.6300048828125, 3.78900146484375, 375.6999969482422, 12.31500244140625], "ClipBounds": [221.6300048828125, 3.78900146484375, 375.6999969482422, 12.31500244140625], "Font": {"alt_family_name": "Whitney", "embedded": true, "encoding": "Identity-V", "family_name": "Whitney", "font_type": "CIDFontType0", "italic": false, "monospaced": false, "name": "HPQWZS+Whitney-Light", "subset": true, "weight": 300}, "HasClip": true, "Lang": "en", "ObjectID": 229, "Page": 0, "Path": "//Document/Sect[3]/P[18]", "Text": "S ghts reservedpringer Nature Limited Allri..8102\u00a9 ", "TextSize": 7.0, "attributes": {"LineHeight": -51.125}}], "pages": [{"boxes": {"CropBox": [0.0, 0.0, 595.2760009765625, 790.8660278320312], "MediaBox": [0.0, 0.0, 595.2760009765625, 790.8660278320312]}, "height": 790.8660278320312, "is_scanned": false, "page_number": 0, "rotation": 0, "width": 595.2760009765625}]}