{"version": {"json_export": "219", "page_segmentation": "55", "schema": "1.1.0", "structure": "1.1151.0", "table_structure": "5"}, "extended_metadata": {"ID_instance": "14 AF B6 0E 66 BC B2 11 0A 00 BE 15 01 18 61 A8 ", "ID_permanent": "FC AB 45 37 96 F2 43 F9 AA 6F 6C E7 B9 68 5D 70 ", "has_acroform": false, "has_embedded_files": false, "is_XFA": false, "is_certified": false, "is_encrypted": false, "is_digitally_signed": false, "language": "en", "page_count": 1, "pdf_version": "1.6", "pdfa_compliance_level": "", "pdfua_compliance_level": ""}, "elements": [{"Bounds": [48.188995361328125, 674.3224945068359, 263.80645751953125, 732.2104949951172], "ClipBounds": [48.188995361328125, 674.3224945068359, 263.80645751953125, 732.2104949951172], "Font": {"alt_family_name": "Knockout", "embedded": true, "encoding": "WinAnsiEncoding", "family_name": "Knockout", "font_type": "Type1", "italic": false, "monospaced": false, "name": "TNXTLU+Knockout-29JuniorLtweight", "subset": true, "weight": 400}, "HasClip": true, "Lang": "en", "ObjectID": 158, "Page": 0, "Path": "//Document/Sect/Aside/P", "Text": "WORLD VIEW ", "TextSize": 48.0, "attributes": {"LineHeight": 57.625, "SpaceAfter": 18}}, {"Bounds": [260.2205047607422, 681.9600982666016, 377.1058349609375, 695.4201049804688], "ClipBounds": [260.2205047607422, 681.9600982666016, 377.1058349609375, 695.4201049804688], "Font": {"alt_family_name": "Glosa Math", "embedded": true, "encoding": "WinAnsiEncoding", "family_name": "Glosa Math", "font_type": "Type1", "italic": true, "monospaced": false, "name": "TNXTLU+GlosaMath-BoldItalic", "subset": true, "weight": 700}, "HasClip": true, "ObjectID": 160, "Page": 0, "Path": "//Document/Sect/Aside/P[2]/Sub", "Text": "A personal take on events ", "TextSize": 10.0, "attributes": {"Placement": "Block"}}, {"Bounds": [149.95269775390625, 588.5630035400391, 553.5828094482422, 670.6730041503906], "Font": {"alt_family_name": "Glosa Math", "embedded": true, "encoding": "WinAnsiEncoding", "family_name": "Glosa Math", "font_type": "Type1", "italic": false, "monospaced": false, "name": "TNXTLU+GlosaMath-Bold", "subset": true, "weight": 700}, "HasClip": false, "ObjectID": 161, "Page": 0, "Path": "//Document/Sect/Aside/P[2]/Sub[2]", "Text": "Wanted: academics wise to the needs of government ", "TextSize": 35.0, "attributes": {"Placement": "Block"}}, {"Bounds": [31.990402221679688, 564.5556335449219, 139.1772918701172, 662.9556274414062], "ClipBounds": [31.990402221679688, 565.4390258789062, 138.82899475097656, 661.9990234375], "ObjectID": 162, "Page": 0, "Path": "//Document/Sect/Figure", "attributes": {"BBox": [33.11869999999908, 565.4109999999928, 138.83399999999529, 661.7669999999925], "Placement": "Block"}}, {"Bounds": [31.990402221679688, 564.5556335449219, 139.1772918701172, 662.9556274414062], "ClipBounds": [31.990402221679688, 565.4390258789062, 138.82899475097656, 661.9990234375], "Font": {"alt_family_name": "News Gothic MTOT", "embedded": true, "encoding": "WinAnsiEncoding", "family_name": "News Gothic MTOT", "font_type": "Type1", "italic": false, "monospaced": false, "name": "TNXTLU+NewsGothicMTOT-Regular", "subset": true, "weight": 400}, "HasClip": false, "ObjectID": 162, "Page": 0, "Path": "//Document/Sect/Figure", "Rotation": 90.0, "Text": "UCL", "TextSize": 5.0, "attributes": {"BBox": [33.11869999999908, 565.4109999999928, 138.83399999999529, 661.7669999999925], "Placement": "Block"}}, {"Bounds": [149.95269775390625, 561.4913940429688, 557.7691955566406, 594.06640625], "Font": {"alt_family_name": "Glosa Math", "embedded": true, "encoding": "WinAnsiEncoding", "family_name": "Glosa Math", "font_type": "Type1", "italic": true, "monospaced": false, "name": "TNXTLU+GlosaMath-RomanItalic", "subset": true, "weight": 400}, "HasClip": false, "Lang": "en", "ObjectID": 163, "Page": 0, "Path": "//Document/Sect/Title", "Text": "Funders should not support policy-relevant work that treats policy impact as an afterthought, advises Chris Tyler. ", "TextSize": 12.5, "attributes": {"LineHeight": 15.75, "SpaceAfter": 18}}, {"Bounds": [40.936004638671875, 503.52513122558594, 55.12437438964844, 556.6581573486328], "Font": {"alt_family_name": "Minion Pro", "embedded": true, "encoding": "Custom", "family_name": "Minion Pro", "font_type": "Type1", "italic": false, "monospaced": false, "name": "TNXTLU+MinionPro-Regular", "subset": true, "weight": 400}, "HasClip": false, "ObjectID": 165, "Page": 0, "Path": "//Document/Sect/P/Figure", "Text": "I", "TextSize": 41.607696533203125, "attributes": {"BBox": [40.91829999999936, 518.4929999999877, 55.077799999999115, 548.0119999999879], "Placement": "Start"}}, {"Bounds": [40.936004638671875, 483.6562957763672, 291.23329162597656, 556.6581573486328], "Font": {"alt_family_name": "Minion Pro", "embedded": true, "encoding": "Custom", "family_name": "Minion Pro", "font_type": "Type1", "italic": false, "monospaced": false, "name": "TNXTLU+MinionPro-Regular", "subset": true, "weight": 400}, "HasClip": false, "Lang": "en", "ObjectID": 164, "Page": 0, "Path": "//Document/Sect/P", "Text": "In 2013, when my colleagues and I began a three-year study of how evidence is used in the UK Parliament, Brexit wasn\u2019t a thing, Donald Trump wasn\u2019t a politician and \u2018fake news\u2019 wasn\u2019t in the news. By the time we finished, it felt like we were living in a different world, with democracy creaking under the burden of misinformation. ", "TextSize": 9.300003051757812, "attributes": {"LineHeight": 6.25, "SpaceAfter": 15.25}}, {"Bounds": [42.51800537109375, 429.3970031738281, 290.6605529785156, 484.7729949951172], "Font": {"alt_family_name": "Minion Pro", "embedded": true, "encoding": "Custom", "family_name": "Minion Pro", "font_type": "Type1", "italic": false, "monospaced": false, "name": "TNXTLU+MinionPro-Regular", "subset": true, "weight": 400}, "HasClip": false, "Lang": "en", "ObjectID": 166, "Page": 0, "Path": "//Document/Sect/P[2]", "Text": "The tumult was good for our research, at least. Politicians and policy advisers were increasingly thinking about the role of evidence, and we benefited from unusually unguarded introspection. Some politicians admitted that they use evidence to bolster political positions and score political points. Overall, though, there was a healthy appetite in the UK Parliament for evidence to inform decisions. ", "TextSize": 8.0}, {"Bounds": [42.51783752441406, 355.9638977050781, 279.2834167480469, 430.8399963378906], "Font": {"alt_family_name": "Minion Pro", "embedded": true, "encoding": "Custom", "family_name": "Minion Pro", "font_type": "Type1", "italic": false, "monospaced": false, "name": "TNXTLU+MinionPro-Regular", "subset": true, "weight": 400}, "HasClip": false, "Lang": "en", "ObjectID": 167, "Page": 0, "Path": "//Document/Sect/P[3]", "Text": "It is an appetite that often goes unsatisfied. Our report, released on 30 November, found that academic research just isn\u2019t getting through. Most of the evidence supplied to the legislature comes from government and non-profit civil organizations. Academia needs to step up, and research funders should make sure that it happens. ", "TextSize": 9.300003051757812}, {"Bounds": [42.52000427246094, 284.2149963378906, 218.2330322265625, 348.5910949707031], "Font": {"alt_family_name": "Minion Pro", "embedded": true, "encoding": "Custom", "family_name": "Minion Pro", "font_type": "Type1", "italic": false, "monospaced": false, "name": "TNXTLU+MinionPro-Regular", "subset": true, "weight": 400}, "HasClip": false, "Lang": "en", "ObjectID": 168, "Page": 0, "Path": "//Document/Sect/P[4]", "Text": "Why is this important? Democratic decisions need factual foundations. How should we reduce obesity? Do we need more nuclear-power stations? Should we prioritize welfare or tax cuts? Answers require value judgements, but these should be underpinned by evidence. ", "TextSize": 9.300003051757812}, {"Bounds": [275.3630065917969, 347.35499572753906, 329.0496063232422, 367.85699462890625], "Font": {"alt_family_name": "Knockout", "embedded": true, "encoding": "WinAnsiEncoding", "family_name": "Knockout", "font_type": "Type1", "italic": false, "monospaced": false, "name": "TNXTLU+Knockout-29JuniorLtweight", "subset": true, "weight": 400}, "HasClip": false, "Lang": "en", "ObjectID": 170, "Page": 0, "Path": "//Document/Sect[2]/H1", "Text": "IT IS NOT ", "TextSize": 17.0, "attributes": {"LineHeight": 20.375, "SpaceAfter": 16.5, "TextAlign": "Center"}}, {"Bounds": [291.61900329589844, 326.28599548339844, 311.7904052734375, 333.4199981689453], "Font": {"alt_family_name": "Knockout", "embedded": true, "encoding": "WinAnsiEncoding", "family_name": "Knockout", "font_type": "Type1", "italic": false, "monospaced": false, "name": "TNXTLU+Knockout-69FullLiteweight", "subset": true, "weight": 400}, "HasClip": false, "Lang": "en", "ObjectID": 171, "Page": 0, "Path": "//Document/Sect[2]/P", "Text": "ENOUGH ", "TextSize": 6.0, "attributes": {"LineHeight": 7.25, "SpaceAfter": 7.5, "TextAlign": "Center"}}, {"Bounds": [247.65199279785156, 281.43800354003906, 332.15965270996094, 319.2969970703125], "Font": {"alt_family_name": "Knockout", "embedded": true, "encoding": "WinAnsiEncoding", "family_name": "Knockout", "font_type": "Type1", "italic": false, "monospaced": false, "name": "TNXTLU+Knockout-29JuniorLtweight", "subset": true, "weight": 400}, "HasClip": false, "Lang": "en", "ObjectID": 173, "Page": 0, "Path": "//Document/Sect[3]/H1", "Text": "TO HOPE THAT THE ", "TextSize": 17.0, "attributes": {"LineHeight": 17.375}}, {"Bounds": [42.51969909667969, 200.15589904785156, 314.6247863769531, 285.5910949707031], "Font": {"alt_family_name": "Minion Pro", "embedded": true, "encoding": "Custom", "family_name": "Minion Pro", "font_type": "Type1", "italic": false, "monospaced": false, "name": "TNXTLU+MinionPro-Regular", "subset": true, "weight": 400}, "HasClip": false, "Lang": "en", "ObjectID": 174, "Page": 0, "Path": "//Document/Sect[3]/P", "Text": "For the most part, the UK Parliament has STARS WILL good systems for using evidence. Multi-ALIGN. disciplinary units of politically impartial staff endeavour to answer all manner of questions for politicians, such us how planning regula-I spent five years directing one such unit, the Parliamentary Office tions work or whether Wi-Fi radiation is safe. of Science and Technology (POST), that proactively communicates academic research to politicians. Many legislatures globally have similar set-ups. ", "TextSize": 9.300003051757812, "attributes": {"SpaceAfter": -8.249979999999596}}, {"Bounds": [42.51969909667969, 158.15589904785156, 290.9081726074219, 201.53199768066406], "Font": {"alt_family_name": "Minion Pro", "embedded": true, "encoding": "Custom", "family_name": "Minion Pro", "font_type": "Type1", "italic": false, "monospaced": false, "name": "TNXTLU+MinionPro-Regular", "subset": true, "weight": 400}, "HasClip": false, "Lang": "en", "ObjectID": 176, "Page": 0, "Path": "//Document/Sect[3]/P[2]", "Text": "The problem is that equivalent infrastructure on the academic side is lacking. Since 2007, all UK Research Councils have required funding proposals to include statements describing \u2018pathways to impact\u2019. But researchers and reviewers attach little importance to them. ", "TextSize": 9.300003051757812}, {"Bounds": [42.51969909667969, 84.65589904785156, 291.1228332519531, 159.53199768066406], "Font": {"alt_family_name": "Minion Pro", "embedded": true, "encoding": "Custom", "family_name": "Minion Pro", "font_type": "Type1", "italic": false, "monospaced": false, "name": "TNXTLU+MinionPro-Regular", "subset": true, "weight": 400}, "HasClip": false, "Lang": "en", "ObjectID": 177, "Page": 0, "Path": "//Document/Sect[3]/P[3]", "Text": "No wonder people working in policy can feel that academic engagement is clumsy and naive. In my two stints working in Parliament (I also advised the House of Commons Science and Technology Select Committee in 2007\u201310), I have been repeatedly frustrated by the poor quality of academic engagement. It ranges from jargon-laden \u2018briefs\u2019 that contain little pertinent information to condescending homilies about what democratically elected politicians should care about. ", "TextSize": 9.300003051757812}, {"Bounds": [42.51969909667969, 63.65589904785156, 290.56373596191406, 86.03199768066406], "Font": {"alt_family_name": "Minion Pro", "embedded": true, "encoding": "Custom", "family_name": "Minion Pro", "font_type": "Type1", "italic": false, "monospaced": false, "name": "TNXTLU+MinionPro-Regular", "subset": true, "weight": 400}, "HasClip": false, "Lang": "en", "ObjectID": 179, "Page": 0, "Path": "//Document/Sect[3]/P[4]", "Text": "For research truly to inform policy, it is not enough to hope that the stars will align. The stars need to be wrested into position. ", "TextSize": 9.300003051757812}, {"Bounds": [42.51969909667969, 32.15589904785156, 291.29164123535156, 65.03199768066406], "Font": {"alt_family_name": "Minion Pro", "embedded": true, "encoding": "Custom", "family_name": "Minion Pro", "font_type": "Type1", "italic": false, "monospaced": false, "name": "TNXTLU+MinionPro-Regular", "subset": true, "weight": 400}, "HasClip": false, "Lang": "en", "ObjectID": 180, "Page": 0, "Path": "//Document/Sect[3]/P[5]", "Text": "Here\u2019s an example of how things can work. In 2015, the United Kingdom\u2019s legislature became the first in the world to legalize an in vitro fertilization technique that prevents mitochondrial disease ", "TextSize": 9.300003051757812}, {"Bounds": [311.8110046386719, 510.46099853515625, 560.2019958496094, 547.7729949951172], "Font": {"alt_family_name": "Minion Pro", "embedded": true, "encoding": "Custom", "family_name": "Minion Pro", "font_type": "Type1", "italic": false, "monospaced": false, "name": "TNXTLU+MinionPro-Regular", "subset": true, "weight": 400}, "HasClip": false, "Lang": "en", "ObjectID": 181, "Page": 0, "Path": "//Document/Sect[3]/P[6]", "Text": "by combining components of two women\u2019s eggs. The technology was anticipated and provisions were written into regulations back in 2008. As the technique matured, POST worked in tandem with outside experts to answer politicians\u2019 questions and concerns. ", "TextSize": 8.0}, {"Bounds": [311.8143310546875, 492.3968963623047, 559.6345520019531, 511.64500427246094], "Font": {"alt_family_name": "Minion Pro", "embedded": true, "encoding": "Custom", "family_name": "Minion Pro", "font_type": "Type1", "italic": false, "monospaced": false, "name": "TNXTLU+MinionPro-Regular", "subset": true, "weight": 400}, "HasClip": false, "Lang": "en", "ObjectID": 182, "Page": 0, "Path": "//Document/Sect[3]/P[7]", "Text": "But most policy issues are immeasurably more complex than mito-chondrial transfer. More coordination and long-term engagement are typically required. ", "TextSize": 8.0}, {"Bounds": [311.8122863769531, 447.2368927001953, 560.0847320556641, 493.5809020996094], "Font": {"alt_family_name": "Minion Pro", "embedded": true, "encoding": "Custom", "family_name": "Minion Pro", "font_type": "Type1", "italic": false, "monospaced": false, "name": "TNXTLU+MinionPro-Regular", "subset": true, "weight": 400}, "HasClip": false, "Lang": "en", "ObjectID": 183, "Page": 0, "Path": "//Document/Sect[3]/P[8]", "Text": "To make sure that capacity exists, research funders should support policy-relevant work only when scientists have given serious thought to policy impact. Funders from both the government and charitable sectors have told me that they\u2019d like to fund innovative policy activi-ties, but the proposals from academia just aren\u2019t there. They would be, if funders demanded them. ", "TextSize": 8.0}, {"Bounds": [325.14300537109375, 429.1728973388672, 559.9461212158203, 448.4208984375], "Font": {"alt_family_name": "Minion Pro", "embedded": true, "encoding": "Custom", "family_name": "Minion Pro", "font_type": "Type1", "italic": false, "monospaced": false, "name": "TNXTLU+MinionPro-Regular", "subset": true, "weight": 400}, "HasClip": false, "Lang": "en", "ObjectID": 184, "Page": 0, "Path": "//Document/Sect[3]/P[9]", "Text": "This proposal will raise eyebrows. First, how does one distinguish between policy-relevant research and other kinds of work? Second, ", "TextSize": 8.0, "attributes": {"LineHeight": 9, "TextAlign": "End"}}, {"Bounds": [385.30604553222656, 366.21229553222656, 559.2772064208984, 420.0881042480469], "Font": {"alt_family_name": "Minion Pro", "embedded": true, "encoding": "Custom", "family_name": "Minion Pro", "font_type": "Type1", "italic": false, "monospaced": false, "name": "TNXTLU+MinionPro-Regular", "subset": true, "weight": 400}, "HasClip": false, "Lang": "en", "ObjectID": 185, "Page": 0, "Path": "//Document/Sect[3]/P[10]", "Text": "how would oneevaluate whether a policy-impact plan is good or poor? I am confident that these problems can be solved by a community that identifies tiny differences in research excellence. ", "TextSize": 9.300003051757812}, {"Bounds": [311.8110046386719, 179.15589904785156, 560.2478637695312, 367.5881042480469], "Font": {"alt_family_name": "Minion Pro", "embedded": true, "encoding": "Custom", "family_name": "Minion Pro", "font_type": "Type1", "italic": false, "monospaced": false, "name": "TNXTLU+MinionPro-Regular", "subset": true, "weight": 400}, "HasClip": false, "Lang": "en", "ObjectID": 187, "Page": 0, "Path": "//Document/Sect[3]/P[11]", "Text": "The answer to the first question could be a combination of self-identification by research-ers, perhaps to qualify for extra funded activi-ties, and peer review. The answer to the second could be partly criterion-based. For example, good proposals will be written in conversa-tion with policymakers, who will have helped to set research questions and perhaps even the research plans. Fundable proposals will describe when and how policymakers will be involved in the work, either to provide ongoing engagement to the policy problem, or to be kept at arm\u2019s length to avoid biasing the research process. Good proposals will also contain concrete outputs for policymakers, such as briefs, reports and meetings. Finally, systems should be put in place so that engagement with policymakers can continue for years after the research project is completed. ", "TextSize": 9.300003051757812}, {"Bounds": [311.8110046386719, 95.15589904785156, 560.6072998046875, 180.53199768066406], "Font": {"alt_family_name": "Minion Pro", "embedded": true, "encoding": "Custom", "family_name": "Minion Pro", "font_type": "Type1", "italic": false, "monospaced": false, "name": "TNXTLU+MinionPro-Regular", "subset": true, "weight": 400}, "HasClip": false, "Lang": "en", "ObjectID": 189, "Page": 0, "Path": "//Document/Sect[3]/P[12]", "Text": "Funder mandates will force universities to take policy impact seriously. Institutions\u2019 current activities in this area are disparate, poorly funded and often ineffective. Instead, research-intensive universities should set up dedicated policy-impact units. These should be staffed by professionals who are adept at navigating academia and policy. They should work across disciplines and universities, and provide a mix of proactive and responsive advice to connect research findings to policy needs. ", "TextSize": 9.300003051757812}, {"Bounds": [544.0514068603516, 76.66020202636719, 548.5413055419922, 82.34190368652344], "Font": {"alt_family_name": "Zapf Dingbats Std", "embedded": true, "encoding": "Custom", "family_name": "Zapf Dingbats Std", "font_type": "Type1", "italic": false, "monospaced": false, "name": "TNXTLU+ZapfDingbatsStd", "subset": true, "weight": 400}, "HasClip": false, "ObjectID": 193, "Page": 0, "Path": "//Document/Sect[3]/P[13]/ExtraCharSpan", "Text": "\u25a0 ", "TextSize": 5.899993896484375}, {"Bounds": [311.8110046386719, 74.15589904785156, 559.6974792480469, 96.53199768066406], "Font": {"alt_family_name": "Minion Pro", "embedded": true, "encoding": "Custom", "family_name": "Minion Pro", "font_type": "Type1", "italic": false, "monospaced": false, "name": "TNXTLU+MinionPro-Regular", "subset": true, "weight": 400}, "HasClip": false, "Lang": "en", "ObjectID": 191, "Page": 0, "Path": "//Document/Sect[3]/P[13]", "Text": "The academic community has a duty to ensure that research evidence is brought to bear on legislation to keep our democracies healthy. ", "TextSize": 9.300003051757812}, {"Bounds": [311.8110046386719, 32.156494140625, 557.7192535400391, 65.05059814453125], "Font": {"alt_family_name": "Minion Pro", "embedded": true, "encoding": "WinAnsiEncoding", "family_name": "Minion Pro", "font_type": "Type1", "italic": false, "monospaced": false, "name": "TNXTLU+MinionPro-Bold", "subset": true, "weight": 700}, "HasClip": false, "Lang": "en", "ObjectID": 194, "Page": 0, "Path": "//Document/Sect[3]/P[14]", "Text": "Chris Tyler is director of public policy at the Department of Science, Technology, Engineering and Public Policy at University College London. e-mail: cptyler@ucl.ac.uk ", "TextSize": 9.300003051757812, "attributes": {"SpaceAfter": 12.625}}, {"Bounds": [381.19349670410156, 13.7012939453125, 563.1294555664062, 21.723297119140625], "Font": {"alt_family_name": "Glosa Math", "embedded": true, "encoding": "WinAnsiEncoding", "family_name": "Glosa Math", "font_type": "Type1", "italic": false, "monospaced": false, "name": "TNXTLU+GlosaMath-Roman", "subset": true, "weight": 400}, "HasClip": false, "Lang": "en", "ObjectID": 195, "Page": 0, "Path": "//Document/Sect[3]/P[15]", "Text": "7 DECEMBER 2017 | VOL 552 | NATURE | 7 ", "TextSize": 6.0, "attributes": {"LineHeight": 7.25, "TextAlign": "End"}}, {"Bounds": [179.07769775390625, 3.7888946533203125, 418.2326965332031, 12.314895629882812], "ClipBounds": [179.07769775390625, 3.7888946533203125, 418.2326965332031, 12.314895629882812], "Font": {"alt_family_name": "Whitney", "embedded": true, "encoding": "Identity-V", "family_name": "Whitney", "font_type": "CIDFontType0", "italic": false, "monospaced": false, "name": "TNXTLU+Whitney-Light", "subset": true, "weight": 300}, "HasClip": true, "Lang": "en", "ObjectID": 196, "Page": 0, "Path": "//Document/Sect[3]/P[16]", "Text": "M ac millan Publishers Limitedpart of S ghts reservedpringer Nature Allri..,7102\u00a9 ", "TextSize": 7.0, "attributes": {"LineHeight": -39.75}}], "pages": [{"boxes": {"CropBox": [0.0, 0.0, 595.2760009765625, 782.3619995117188], "MediaBox": [0.0, 0.0, 595.2760009765625, 782.3619995117188]}, "height": 782.3619995117188, "is_scanned": false, "page_number": 0, "rotation": 0, "width": 595.2760009765625}]}