{"version": {"json_export": "219", "page_segmentation": "55", "schema": "1.1.0", "structure": "1.1151.0", "table_structure": "5"}, "extended_metadata": {"ID_instance": "0A B2 D5 30 3B BC B2 11 0A 00 C8 F1 65 35 96 D8 ", "ID_permanent": "B5 8A 1B 34 2E 68 05 04 D9 88 23 13 D4 FC 6B DD ", "has_acroform": false, "has_embedded_files": false, "is_XFA": false, "is_certified": false, "is_encrypted": false, "is_digitally_signed": false, "language": "EN", "page_count": 4, "pdf_version": "1.6", "pdfa_compliance_level": "", "pdfua_compliance_level": ""}, "elements": [{"Bounds": [54.99980163574219, 715.3999938964844, 115.58700561523438, 775.0], "ClipBounds": [54.99980163574219, 715.3999938964844, 115.48680114746094, 775.0], "ObjectID": 149, "Page": 0, "Path": "//Document/Sect/Figure", "attributes": {"BBox": [55.437699999998586, 715.68299999999, 115.19499999999971, 774.4809999999998], "Placement": "Block"}}, {"Bounds": [131.48480224609375, 748.4100036621094, 338.5048065185547, 774.5899963378906], "Font": {"alt_family_name": "Helvetica", "embedded": false, "encoding": "Custom", "family_name": "Helvetica", "font_type": "Type1", "italic": false, "monospaced": false, "name": "Helvetica-Bold", "subset": false, "weight": 700}, "HasClip": false, "Lang": "en", "ObjectID": 150, "Page": 0, "Path": "//Document/Sect/Title", "Text": "HHS Public Access ", "TextSize": 22.0, "attributes": {"LineHeight": 26.375}}, {"Bounds": [131.48880004882812, 733.6880035400391, 240.36680603027344, 749.3119964599609], "Font": {"alt_family_name": "Times", "embedded": false, "encoding": "Custom", "family_name": "Times", "font_type": "Type1", "italic": false, "monospaced": false, "name": "Times-Roman", "subset": false, "weight": 400}, "HasClip": false, "Lang": "en", "ObjectID": 151, "Page": 0, "Path": "//Document/Sect/P", "Text": "Author manuscript ", "TextSize": 14.0, "attributes": {"LineHeight": 16.75}}, {"Bounds": [130.7076416015625, 720.8619995117188, 417.83880615234375, 733.1380004882812], "Font": {"alt_family_name": "Times", "embedded": false, "encoding": "Custom", "family_name": "Times", "font_type": "Type1", "italic": false, "monospaced": false, "name": "Times-Roman", "subset": false, "weight": 400}, "HasClip": false, "Lang": "en", "ObjectID": 152, "Page": 0, "Path": "//Document/Sect/P[2]", "Skew": 17.999908447265625, "Text": "JAMA. Author manuscript; available in PMC 2019 February 02. ", "TextSize": 11.0}, {"Bounds": [90.0, 702.8200073242188, 225.35000610351562, 713.9799957275391], "Font": {"alt_family_name": "Times", "embedded": false, "encoding": "Custom", "family_name": "Times", "font_type": "Type1", "italic": false, "monospaced": false, "name": "Times-Roman", "subset": false, "weight": 400}, "HasClip": false, "Lang": "en", "ObjectID": 153, "Page": 0, "Path": "//Document/Sect/P[3]", "Text": "Published in final edited form as: ", "TextSize": 10.0}, {"Bounds": [95.29167175292969, 690.8200073242188, 412.3300018310547, 701.9799957275391], "Font": {"alt_family_name": "Times", "embedded": false, "encoding": "Custom", "family_name": "Times", "font_type": "Type1", "italic": false, "monospaced": false, "name": "Times-Roman", "subset": false, "weight": 400}, "HasClip": false, "Lang": "en", "ObjectID": 154, "Page": 0, "Path": "//Document/Sect/P[4]", "Skew": 18.000045776367188, "Text": "JAMA. 2016 October 04; 316(13): 1357\u20131358. doi:10.1001/jama.2016.12260. ", "TextSize": 10.0, "attributes": {"LineHeight": 12.625, "SpaceAfter": 18}}, {"Bounds": [90.00199890136719, 647.6699981689453, 437.8040008544922, 664.3300018310547], "Font": {"alt_family_name": "Helvetica", "embedded": false, "encoding": "Custom", "family_name": "Helvetica", "font_type": "Type1", "italic": false, "monospaced": false, "name": "Helvetica-Bold", "subset": false, "weight": 700}, "HasClip": false, "Lang": "en", "ObjectID": 156, "Page": 0, "Path": "//Document/Sect[2]/H1", "Text": "Will Precision Medicine Improve Population Health? ", "TextSize": 14.0, "attributes": {"LineHeight": 16.75, "SpaceAfter": 15.625}}, {"Bounds": [90.00399780273438, 621.0500030517578, 229.66400146484375, 632.9499969482422], "Font": {"alt_family_name": "Helvetica", "embedded": false, "encoding": "Custom", "family_name": "Helvetica", "font_type": "Type1", "italic": false, "monospaced": false, "name": "Helvetica-Bold", "subset": false, "weight": 700}, "HasClip": false, "Lang": "en", "ObjectID": 158, "Page": 0, "Path": "//Document/Sect[3]/H1", "Text": "Muin J. Khoury, MD, PhD and ", "TextSize": 10.0}, {"Bounds": [90.00399780273438, 607.0800018310547, 517.593994140625, 618.6399993896484], "Font": {"alt_family_name": "Helvetica", "embedded": false, "encoding": "Custom", "family_name": "Helvetica", "font_type": "Type1", "italic": false, "monospaced": false, "name": "Helvetica", "subset": false, "weight": 400}, "HasClip": false, "Lang": "en", "ObjectID": 159, "Page": 0, "Path": "//Document/Sect[3]/P", "Text": "Office of Public Health Genomics, Centers for Disease Control and Prevention, Atlanta, Georgia. ", "TextSize": 10.0}, {"Bounds": [90.00399780273438, 586.9100036621094, 208.1439971923828, 598.8099975585938], "Font": {"alt_family_name": "Helvetica", "embedded": false, "encoding": "Custom", "family_name": "Helvetica", "font_type": "Type1", "italic": false, "monospaced": false, "name": "Helvetica-Bold", "subset": false, "weight": 700}, "HasClip": false, "Lang": "en", "ObjectID": 161, "Page": 0, "Path": "//Document/Sect[4]/H1", "Text": "Sandro Galea, MD, DrPH ", "TextSize": 10.0}, {"Bounds": [90.00399780273438, 573.0800018310547, 387.58399963378906, 584.6399993896484], "Font": {"alt_family_name": "Helvetica", "embedded": false, "encoding": "Custom", "family_name": "Helvetica", "font_type": "Type1", "italic": false, "monospaced": false, "name": "Helvetica", "subset": false, "weight": 400}, "HasClip": false, "Lang": "en", "ObjectID": 162, "Page": 0, "Path": "//Document/Sect[4]/P", "Text": "Boston University School of Public Health, Boston, Massachusetts. ", "TextSize": 10.0, "attributes": {"SpaceAfter": 16.5}}, {"Bounds": [150.00399780273438, 458.5950012207031, 521.52392578125, 554.125], "Font": {"alt_family_name": "Times", "embedded": false, "encoding": "Custom", "family_name": "Times", "font_type": "Type1", "italic": false, "monospaced": false, "name": "Times-Roman", "subset": false, "weight": 400}, "HasClip": false, "Lang": "en", "ObjectID": 163, "Page": 0, "Path": "//Document/Sect[4]/P[2]", "Text": "Announcement of the precision medicine initiative has led to a variety of responses, ranging from enthusiastic expectations1 to explicit skepticism,2 about potential health benefits, limitations, and return on investment. This Viewpoint discusses whether precision medicine is unlikely or likely to improve population health, aiming to forge a consensus that bridges disparate perspectives on the issue. The potential of precision medicine to improve the health of individuals or small groups of individuals is not addressed here because it involves a different question with different metrics. ", "TextSize": 10.0, "attributes": {"SpaceAfter": 15.625}}, {"Bounds": [90.00199890136719, 428.0350036621094, 433.2980041503906, 442.31500244140625], "Font": {"alt_family_name": "Helvetica", "embedded": false, "encoding": "Custom", "family_name": "Helvetica", "font_type": "Type1", "italic": false, "monospaced": false, "name": "Helvetica-Bold", "subset": false, "weight": 700}, "HasClip": false, "Lang": "en", "ObjectID": 167, "Page": 0, "Path": "//Document/Sect[5]/H1", "Text": "Precision Medicine Is Unlikely to Improve Population Health ", "TextSize": 12.0}, {"Bounds": [149.99789428710938, 324.59100341796875, 517.2579040527344, 419.7510070800781], "Font": {"alt_family_name": "Times", "embedded": false, "encoding": "Custom", "family_name": "Times", "font_type": "Type1", "italic": false, "monospaced": false, "name": "Times-Roman", "subset": false, "weight": 400}, "HasClip": false, "Lang": "en", "ObjectID": 168, "Page": 0, "Path": "//Document/Sect[5]/P", "Text": "There are 3 fundamental reasons why precision medicine might not improve the health of populations. First, disease pathogenesis, especially for common non-communicable diseases, is extraordinarily complex. Abundant evidence has demonstrated this for the association between the multiplicity of specific genes and conditions, including obesity, hypertension, or certain cancers. Additionally, it is known that genetic associations have, in most instances, small effect sizes in contrast with more robust contributions of behavioral and social factors. ", "TextSize": 10.0, "attributes": {"SpaceAfter": 10}}, {"Bounds": [149.99789428710938, 188.59100341796875, 522.9979095458984, 311.7510070800781], "Font": {"alt_family_name": "Times", "embedded": false, "encoding": "Custom", "family_name": "Times", "font_type": "Type1", "italic": false, "monospaced": false, "name": "Times-Roman", "subset": false, "weight": 400}, "HasClip": false, "Lang": "en", "ObjectID": 169, "Page": 0, "Path": "//Document/Sect[5]/P[2]", "Text": "Second, a central promise of precision medicine is the identification of predictors of disease that can help guide interventions. This may prove to be the case for some diseases, especially cancer, but is unlikely to be the case for most other complex diseases. The challenge arises from the mathematical foundations of genetic epidemiology. Although large population studies can identify associations between genotypes and phenotypes, resulting associations have limited capacity to predict phenotype in individuals, which is the ultimate goal of precision medicine. It would take substantially stronger associations\u2013several orders of magnitude greater than have been identified so far\u2013to provide sufficient evidence to improve disease prediction in individuals. ", "TextSize": 10.0, "attributes": {"SpaceAfter": 10}}, {"Bounds": [149.99789428710938, 150.59100341796875, 520.3779144287109, 175.75100708007812], "Font": {"alt_family_name": "Times", "embedded": false, "encoding": "Custom", "family_name": "Times", "font_type": "Type1", "italic": false, "monospaced": false, "name": "Times-Roman", "subset": false, "weight": 400}, "HasClip": false, "Lang": "en", "ObjectID": 170, "Page": 0, "Path": "//Document/Sect[5]/P[3]", "Text": "Third, an assumed potential benefit of precision medicine (predicated on accurate and meaningful risk prediction) is that disease in the population can be avoided or forestalled by ", "TextSize": 10.0, "attributes": {"SpaceAfter": 18}}, {"Bounds": [90.0, 106.45199584960938, 517.9920043945312, 124.67599487304688], "Font": {"alt_family_name": "Times", "embedded": false, "encoding": "Custom", "family_name": "Times", "font_type": "Type1", "italic": false, "monospaced": false, "name": "Times-Bold", "subset": false, "weight": 700}, "HasClip": false, "Lang": "en", "ObjectID": 171, "Page": 0, "Path": "//Document/Sect[5]/Footnote", "Text": "Corresponding Author: Muin J. Khoury, MD, PhD, Office of Public Health Genomics, Centers for Disease Control and Prevention, 1600 Clifton Rd, Atlanta, GA 30329 (muk1@cdc.gov). ", "TextSize": 8.0}, {"Bounds": [90.0, 85.08399963378906, 516.3840026855469, 103.90800476074219], "Font": {"alt_family_name": "Times", "embedded": false, "encoding": "Custom", "family_name": "Times", "font_type": "Type1", "italic": false, "monospaced": false, "name": "Times-Bold", "subset": false, "weight": 700}, "HasClip": false, "Lang": "en", "ObjectID": 172, "Page": 0, "Path": "//Document/Sect[5]/P[4]", "Text": "Conflict of Interest Disclosures: Both authors have completed and submitted the ICMJE Form for Disclosure of Potential Conflicts of Interest and none were reported. ", "TextSize": 8.0, "attributes": {"SpaceAfter": 3.25}}, {"Bounds": [150.0, 677.4199981689453, 519.0800170898438, 730.5800018310547], "Font": {"alt_family_name": "Times", "embedded": false, "encoding": "Custom", "family_name": "Times", "font_type": "Type1", "italic": false, "monospaced": false, "name": "Times-Roman", "subset": false, "weight": 400}, "HasClip": false, "Lang": "en", "ObjectID": 173, "Page": 1, "Path": "//Document/Sect[5]/P[5]", "Text": "large numbers of individuals who, when provided with accurate risk prediction, will change their behavior to mitigate their personal risk. Although this may seem intuitively plausible, current data suggest that individuals do not change their behavior much even when they become aware of being in a high-risk group.3 ", "TextSize": 8.0, "attributes": {"SpaceAfter": 10}}, {"Bounds": [150.0, 499.4199981689453, 524.3899230957031, 664.5800018310547], "Font": {"alt_family_name": "Times", "embedded": false, "encoding": "Custom", "family_name": "Times", "font_type": "Type1", "italic": false, "monospaced": false, "name": "Times-Roman", "subset": false, "weight": 400}, "HasClip": false, "Lang": "en", "ObjectID": 175, "Page": 1, "Path": "//Document/Sect[5]/P[6]", "Text": "Overemphasis on precision medicine by the scientific community and health systems could pose a challenge to the health of populations for other reasons. First, the United States faces extraordinary challenges to the health of its population. Over the past 30 years, the United States has fallen behind other high-income peer nations in health attainment on many metrics, including life expectancy and infant mortality, and there are persistent gaps in health outcomes by income and race/ethnicity.4 The solution to these challenges is probably not an increased focus on the individual, but rather involves focusing on the social, economic, and structural drivers of population health that are ubiquitous and inevitably linked to health achievement as a country. The centrality of the precision medicine effort to the US national health research agenda may distract from efforts to remedy the foundational causes of ill health such as poverty, obesity, and education. Without addressing these causes, there will be little, if any, success in reversing the trends of poor achievement in US population health. ", "TextSize": 10.0, "attributes": {"SpaceAfter": 10}}, {"Bounds": [150.0, 405.4199981689453, 524.3699645996094, 486.5800018310547], "Font": {"alt_family_name": "Times", "embedded": false, "encoding": "Custom", "family_name": "Times", "font_type": "Type1", "italic": false, "monospaced": false, "name": "Times-Roman", "subset": false, "weight": 400}, "HasClip": false, "Lang": "en", "ObjectID": 177, "Page": 1, "Path": "//Document/Sect[5]/P[7]", "Text": "Second, precision medicine could (and to some extent has) led to a shift from which projects are funded by health research agencies. Funding for grants with a population health or public health goal has declined over the past 10 years at the National Institutes of Health, whereas funding for -omic research has increased substantially. This shift in funding may lead to an emerging generation of health scientists who see the world through an individualist lens and may not engage in factors that can improve the health of populations. ", "TextSize": 10.0, "attributes": {"SpaceAfter": 10}}, {"Bounds": [150.00010681152344, 325.4199981689453, 517.2100219726562, 392.5800018310547], "Font": {"alt_family_name": "Times", "embedded": false, "encoding": "Custom", "family_name": "Times", "font_type": "Type1", "italic": false, "monospaced": false, "name": "Times-Roman", "subset": false, "weight": 400}, "HasClip": false, "Lang": "en", "ObjectID": 178, "Page": 1, "Path": "//Document/Sect[5]/P[8]", "Text": "Third, the promise of precision medicine may lead to other promises such as the recently announced cancer \u201cmoonshot,\u201d which may echo previous efforts that have not lived up to expectations. The hype, which could become unrealized health benefits, could lead to disillusionment in the goals of health science, with potential lasting consequences affecting public confidence and investment in medical research. ", "TextSize": 10.0, "attributes": {"SpaceAfter": 15.625}}, {"Bounds": [90.00419616699219, 294.86000061035156, 382.1201934814453, 309.13999938964844], "Font": {"alt_family_name": "Helvetica", "embedded": false, "encoding": "Custom", "family_name": "Helvetica", "font_type": "Type1", "italic": false, "monospaced": false, "name": "Helvetica-Bold", "subset": false, "weight": 700}, "HasClip": false, "Lang": "en", "ObjectID": 180, "Page": 1, "Path": "//Document/Sect[6]/H1", "Text": "Precision Medicine Can Improve Population Health ", "TextSize": 12.0}, {"Bounds": [150.00010681152344, 107.41600036621094, 523.9501037597656, 286.5760040283203], "Font": {"alt_family_name": "Times", "embedded": false, "encoding": "Custom", "family_name": "Times", "font_type": "Type1", "italic": false, "monospaced": false, "name": "Times-Roman", "subset": false, "weight": 400}, "HasClip": false, "Lang": "en", "ObjectID": 181, "Page": 1, "Path": "//Document/Sect[6]/P", "Text": "By contrast, there are 3 fundamental reasons that advances in precision medicine might improve population health. First, population health could improve by applying complementary individual and public health approaches to health care and disease prevention. A focus on the wider environmental and social determinants of health is of great importance in addressing health inequities. However, pitting the health of individuals against the health of populations risks widening an unnecessary divide between medicine and public health. Population health planning requires directing efficient use of resources toward those most at risk. Stratification of populations into risk groups for multiple chronic diseases could provide more efficient and effective prevention and treatment strategies and potentially reduce cost of care. For example, a recent large population study suggested that use of age and polygenic risk score (even though individual genetic variants have small effect sizes) may be more effective in stratifying women into risk categories for breast cancer screening than use of age alone.5 ", "TextSize": 8.0, "attributes": {"SpaceAfter": 18}}, {"Bounds": [149.99989318847656, 593.4199981689453, 511.63999938964844, 730.5800018310547], "Font": {"alt_family_name": "Times", "embedded": false, "encoding": "Custom", "family_name": "Times", "font_type": "Type1", "italic": false, "monospaced": false, "name": "Times-Roman", "subset": false, "weight": 400}, "HasClip": false, "Lang": "en", "ObjectID": 183, "Page": 2, "Path": "//Document/Sect[6]/P[2]", "Text": "Second, substantial evidence indicates that a genetically targeted approach to health has demonstrated a population health benefit. For instance, newborn screening is the largest established precision medicine public health program in the United States. Other opportunities for near-term benefit on population health involve implementing evidence-based tier 1 genomic interventions (those with evidence-based recommendations for use)6 such as for common genetic conditions associated with preventable premature death from cancer and heart disease. These include hereditary breast and ovarian cancer syndrome, Lynch syndrome, and familial hypercholesterolemia. In aggregate, an estimated 2 million people in the United States have one of these conditions, and most are not aware of their risk.6 ", "TextSize": 8.0, "attributes": {"SpaceAfter": 10}}, {"Bounds": [150.00010681152344, 401.4199981689453, 521.7100372314453, 580.5800018310547], "Font": {"alt_family_name": "Times", "embedded": false, "encoding": "Custom", "family_name": "Times", "font_type": "Type1", "italic": false, "monospaced": false, "name": "Times-Roman", "subset": false, "weight": 400}, "HasClip": false, "Lang": "en", "ObjectID": 186, "Page": 2, "Path": "//Document/Sect[6]/P[3]", "Text": "Third and most important, precision medicine is not limited to genes, drugs, and disease. The same technologies and big data that are propelling precision medicine forward are leading to a new era of precision public health that goes beyond personalized treatment of individuals affected by disease.7 Precision in the context of public health has been described as improving the ability to prevent disease, promote health, and reduce health disparities in populations by (1) applying emerging methods and technologies for measuring disease, pathogens, exposures, behaviors, and susceptibility in populations; and (2) developing policies and targeted implementation programs to improve health. One potentially important application of precision public health is the use of genomics in the investigation and control of infectious diseases. Pathogen whole-genome sequencing is rapidly changing both clinical and public health microbiology. In addition, genomics promises to become central to other economic sectors such as the environment, agriculture, animal health, biotechnology, and alternative energy. ", "TextSize": 10.0, "attributes": {"SpaceAfter": 15.625}}, {"Bounds": [90.002197265625, 370.86000061035156, 164.77420043945312, 385.13999938964844], "Font": {"alt_family_name": "Helvetica", "embedded": false, "encoding": "Custom", "family_name": "Helvetica", "font_type": "Type1", "italic": false, "monospaced": false, "name": "Helvetica-Bold", "subset": false, "weight": 700}, "HasClip": false, "Lang": "en", "ObjectID": 189, "Page": 2, "Path": "//Document/Sect[7]/H1", "Text": "Conclusions ", "TextSize": 12.0}, {"Bounds": [149.99620056152344, 169.41600036621094, 518.8861999511719, 362.5760040283203], "Font": {"alt_family_name": "Times", "embedded": false, "encoding": "Custom", "family_name": "Times", "font_type": "Type1", "italic": false, "monospaced": false, "name": "Times-Roman", "subset": false, "weight": 400}, "HasClip": false, "Lang": "en", "ObjectID": 190, "Page": 2, "Path": "//Document/Sect[7]/P", "Text": "There are clear tensions at the intersection of precision medicine and public health. There are, however, ways forward in which precision medicine could enhance collaborations between medicine and public health to address population health problems and disparities. Much of the current focus of precision medicine involves developing new drugs for personalized treatment of cancer and other diseases. Moving forward, health professionals need greater emphasis on joining biological with social and environmental determinants of health to develop precision approaches to interventions in individuals and populations. For example, biological knowledge of genetic susceptibility to environmental and occupational exposures could lead to population-wide policy protection based on thresholds determined by the most susceptible individuals in the population rather than individual genetic testing with exposure avoidance only in susceptible individuals.8 A fundamental concern for population health must be with measuring and addressing health inequities. As with all new technologies, genomic technologies have the potential for widening the divide between the haves and the have-nots. ", "TextSize": 10.0, "attributes": {"SpaceAfter": 9.875}}, {"Bounds": [149.99620056152344, 103.41600036621094, 522.3162231445312, 156.5760040283203], "Font": {"alt_family_name": "Times", "embedded": false, "encoding": "Custom", "family_name": "Times", "font_type": "Type1", "italic": false, "monospaced": false, "name": "Times-Roman", "subset": false, "weight": 400}, "HasClip": false, "ObjectID": 193, "Page": 2, "Path": "//Document/Sect[7]/P[2]/ParagraphSpan", "Text": "A major challenge for the future is how to use emerging information from multiple levels\u2014 from reductionist molecular markers (genomics, omics, etc) to holistic macrolevel risk factors (behavior, environment, policies)\u2014to develop a better understanding of determinants of health. Precision public health relies on evidence that links population data to measurable ", "TextSize": 10.0}, {"Bounds": [150.0, 621.4199981689453, 520.1399993896484, 730.5800018310547], "Font": {"alt_family_name": "Times", "embedded": false, "encoding": "Custom", "family_name": "Times", "font_type": "Type1", "italic": false, "monospaced": false, "name": "Times-Roman", "subset": false, "weight": 400}, "HasClip": false, "ObjectID": 194, "Page": 3, "Path": "//Document/Sect[7]/P[2]/ParagraphSpan[2]", "Text": "outcomes in subpopulations, stratified by persons, place, and time, capitalizing on emerging data and new technologies. Even with millions of points of biological data collected from individuals, it may well be that population-level interventions affecting housing, nutrition, poverty, access to resources, and education may have more benefit on health than individualized interventions. It is, in fact, more likely that a combination of approaches\u2013 ranging from population-wide interventions to specific interven-tions tailored to higher-risk groups\u2013will be required to efficiently improve population health and narrow health disparities. ", "TextSize": 10.0}, {"Bounds": [90.00199890136719, 590.8600006103516, 175.00999450683594, 605.1399993896484], "Font": {"alt_family_name": "Helvetica", "embedded": false, "encoding": "Custom", "family_name": "Helvetica", "font_type": "Type1", "italic": false, "monospaced": false, "name": "Helvetica-Bold", "subset": false, "weight": 700}, "HasClip": false, "Lang": "en", "ObjectID": 196, "Page": 3, "Path": "//Document/Sect[8]/H1", "Text": "REFERENCES ", "TextSize": 12.0}, {"Bounds": [149.99600219726562, 573.1340026855469, 156.74600219726562, 583.1779937744141], "Font": {"alt_family_name": "Times", "embedded": false, "encoding": "Custom", "family_name": "Times", "font_type": "Type1", "italic": false, "monospaced": false, "name": "Times-Roman", "subset": false, "weight": 400}, "HasClip": false, "ObjectID": 199, "Page": 3, "Path": "//Document/Sect[8]/L/LI/Lbl", "Text": "1.", "TextSize": 9.0}, {"Bounds": [156.74600219726562, 562.1360015869141, 507.4669952392578, 583.1779937744141], "Font": {"alt_family_name": "Times", "embedded": false, "encoding": "Custom", "family_name": "Times", "font_type": "Type1", "italic": false, "monospaced": false, "name": "Times-Roman", "subset": false, "weight": 400}, "HasClip": false, "ObjectID": 200, "Page": 3, "Path": "//Document/Sect[8]/L/LI/LBody", "Text": " Ashley EA. The precision medicine initiative: a new national effort. JAMA 2015;313(21):2119\u2013 2120. [PubMed: 25928209] ", "TextSize": 9.0}, {"Bounds": [149.99600219726562, 549.1399993896484, 156.74600219726562, 559.1840057373047], "Font": {"alt_family_name": "Times", "embedded": false, "encoding": "Custom", "family_name": "Times", "font_type": "Type1", "italic": false, "monospaced": false, "name": "Times-Roman", "subset": false, "weight": 400}, "HasClip": false, "ObjectID": 202, "Page": 3, "Path": "//Document/Sect[8]/L/LI[2]/Lbl", "Text": "2.", "TextSize": 9.0}, {"Bounds": [156.74600219726562, 538.1419982910156, 515.0809326171875, 559.1840057373047], "Font": {"alt_family_name": "Times", "embedded": false, "encoding": "Custom", "family_name": "Times", "font_type": "Type1", "italic": false, "monospaced": false, "name": "Times-Roman", "subset": false, "weight": 400}, "HasClip": false, "ObjectID": 203, "Page": 3, "Path": "//Document/Sect[8]/L/LI[2]/LBody", "Text": " Joyner MJ, Paneth N. Seven questions for personalized medicine. JAMA 2015;314(10):999\u20131000. [PubMed: 26098474] ", "TextSize": 9.0}, {"Bounds": [149.99600219726562, 525.14599609375, 156.74600219726562, 535.1900024414062], "Font": {"alt_family_name": "Times", "embedded": false, "encoding": "Custom", "family_name": "Times", "font_type": "Type1", "italic": false, "monospaced": false, "name": "Times-Roman", "subset": false, "weight": 400}, "HasClip": false, "ObjectID": 205, "Page": 3, "Path": "//Document/Sect[8]/L/LI[3]/Lbl", "Text": "3.", "TextSize": 9.0}, {"Bounds": [156.74600219726562, 503.1499938964844, 517.7989501953125, 535.1900024414062], "Font": {"alt_family_name": "Times", "embedded": false, "encoding": "Custom", "family_name": "Times", "font_type": "Type1", "italic": false, "monospaced": false, "name": "Times-Roman", "subset": false, "weight": 400}, "HasClip": false, "ObjectID": 206, "Page": 3, "Path": "//Document/Sect[8]/L/LI[3]/LBody", "Text": " Hollands GJ, French DP, Griffin SJ, et al. The impact of communicating genetic risks of disease on risk-reducing health behaviour: systematic review with meta-analysis. BMJ 2016; 352:i1102. [PubMed: 26979548] ", "TextSize": 9.0}, {"Bounds": [149.99600219726562, 490.1540069580078, 156.74600219726562, 500.197998046875], "Font": {"alt_family_name": "Times", "embedded": false, "encoding": "Custom", "family_name": "Times", "font_type": "Type1", "italic": false, "monospaced": false, "name": "Times-Roman", "subset": false, "weight": 400}, "HasClip": false, "ObjectID": 208, "Page": 3, "Path": "//Document/Sect[8]/L/LI[4]/Lbl", "Text": "4.", "TextSize": 9.0}, {"Bounds": [156.74600219726562, 479.156005859375, 516.9170074462891, 500.197998046875], "Font": {"alt_family_name": "Times", "embedded": false, "encoding": "Custom", "family_name": "Times", "font_type": "Type1", "italic": false, "monospaced": false, "name": "Times-Roman", "subset": false, "weight": 400}, "HasClip": false, "ObjectID": 209, "Page": 3, "Path": "//Document/Sect[8]/L/LI[4]/LBody", "Text": " Chetty R, Stepner M, Abraham S, et al. The association between income and life expectancy in the United States, 2001\u20132014. JAMA 2016;315(16):1750\u20131766. [PubMed: 27063997] ", "TextSize": 9.0}, {"Bounds": [149.99600219726562, 466.1600036621094, 156.74600219726562, 476.20399475097656], "Font": {"alt_family_name": "Times", "embedded": false, "encoding": "Custom", "family_name": "Times", "font_type": "Type1", "italic": false, "monospaced": false, "name": "Times-Roman", "subset": false, "weight": 400}, "HasClip": false, "ObjectID": 211, "Page": 3, "Path": "//Document/Sect[8]/L/LI[5]/Lbl", "Text": "5.", "TextSize": 9.0}, {"Bounds": [156.74600219726562, 444.16400146484375, 510.49993896484375, 476.20399475097656], "Font": {"alt_family_name": "Times", "embedded": false, "encoding": "Custom", "family_name": "Times", "font_type": "Type1", "italic": false, "monospaced": false, "name": "Times-Roman", "subset": false, "weight": 400}, "HasClip": false, "ObjectID": 212, "Page": 3, "Path": "//Document/Sect[8]/L/LI[5]/LBody", "Text": " Maas P, Barrdahl M, Joshi AD, et al. Breast cancer risk from modifiable and nonmodifiable risk factors among white women in the United States [published online May 26, 2016]. JAMA Oncol 10.1001/jamaoncol.2016.1025. ", "TextSize": 9.0}, {"Bounds": [149.99600219726562, 431.1679992675781, 156.74600219726562, 441.2120056152344], "Font": {"alt_family_name": "Times", "embedded": false, "encoding": "Custom", "family_name": "Times", "font_type": "Type1", "italic": false, "monospaced": false, "name": "Times-Roman", "subset": false, "weight": 400}, "HasClip": false, "ObjectID": 214, "Page": 3, "Path": "//Document/Sect[8]/L/LI[6]/Lbl", "Text": "6.", "TextSize": 9.0}, {"Bounds": [156.74600219726562, 409.1719970703125, 511.25599670410156, 441.2120056152344], "Font": {"alt_family_name": "Times", "embedded": false, "encoding": "Custom", "family_name": "Times", "font_type": "Type1", "italic": false, "monospaced": false, "name": "Times-Roman", "subset": false, "weight": 400}, "HasClip": false, "ObjectID": 215, "Page": 3, "Path": "//Document/Sect[8]/L/LI[6]/LBody", "Text": " Khoury MJ, Evans JE. A public health perspective on a national precision medicine cohort: balancing long-term knowledge generation with early health benefit. JAMA 2015;313(21):2117\u2013 2118. [PubMed: 26034952] ", "TextSize": 9.0}, {"Bounds": [149.99600219726562, 396.1759948730469, 156.74600219726562, 406.2200012207031], "Font": {"alt_family_name": "Times", "embedded": false, "encoding": "Custom", "family_name": "Times", "font_type": "Type1", "italic": false, "monospaced": false, "name": "Times-Roman", "subset": false, "weight": 400}, "HasClip": false, "ObjectID": 217, "Page": 3, "Path": "//Document/Sect[8]/L/LI[7]/Lbl", "Text": "7.", "TextSize": 9.0}, {"Bounds": [156.74600219726562, 385.17799377441406, 523.4150238037109, 406.2200012207031], "Font": {"alt_family_name": "Times", "embedded": false, "encoding": "Custom", "family_name": "Times", "font_type": "Type1", "italic": false, "monospaced": false, "name": "Times-Roman", "subset": false, "weight": 400}, "HasClip": false, "ObjectID": 218, "Page": 3, "Path": "//Document/Sect[8]/L/LI[7]/LBody", "Text": " Khoury MJ, Iademarco MF, Riley WT. Precision public health for the era of precision medicine. Am J Prev Med 2016;50(3):398\u2013401. [PubMed: 26547538] ", "TextSize": 9.0}, {"Bounds": [149.99600219726562, 372.1820068359375, 156.74600219726562, 382.2259979248047], "Font": {"alt_family_name": "Times", "embedded": false, "encoding": "Custom", "family_name": "Times", "font_type": "Type1", "italic": false, "monospaced": false, "name": "Times-Roman", "subset": false, "weight": 400}, "HasClip": false, "ObjectID": 220, "Page": 3, "Path": "//Document/Sect[8]/L/LI[8]/Lbl", "Text": "8.", "TextSize": 9.0}, {"Bounds": [156.74600219726562, 350.1860046386719, 521.2999420166016, 382.2259979248047], "Font": {"alt_family_name": "Times", "embedded": false, "encoding": "Custom", "family_name": "Times", "font_type": "Type1", "italic": false, "monospaced": false, "name": "Times-Roman", "subset": false, "weight": 400}, "HasClip": false, "ObjectID": 221, "Page": 3, "Path": "//Document/Sect[8]/L/LI[8]/LBody", "Text": " Schulte PA, Whittaker C, Curran CP. Considerations for using genetic and epigenetic information in occupational health risk assessment and standard setting. J Occup Environ Hyg 2015; 12(suppl 1):S69\u2013S81. [PubMed: 26583908] ", "TextSize": 9.0}], "pages": [{"boxes": {"CropBox": [0.0, 0.0, 612.0, 792.0], "MediaBox": [0.0, 0.0, 612.0, 792.0]}, "height": 792.0, "is_scanned": false, "page_number": 0, "rotation": 0, "width": 612.0}, {"boxes": {"CropBox": [0.0, 0.0, 612.0, 792.0], "MediaBox": [0.0, 0.0, 612.0, 792.0]}, "height": 792.0, "is_scanned": false, "page_number": 1, "rotation": 0, "width": 612.0}, {"boxes": {"CropBox": [0.0, 0.0, 612.0, 792.0], "MediaBox": [0.0, 0.0, 612.0, 792.0]}, "height": 792.0, "is_scanned": false, "page_number": 2, "rotation": 0, "width": 612.0}, {"boxes": {"CropBox": [0.0, 0.0, 612.0, 792.0], "MediaBox": [0.0, 0.0, 612.0, 792.0]}, "height": 792.0, "is_scanned": false, "page_number": 3, "rotation": 0, "width": 612.0}]}