{"version": {"json_export": "219", "page_segmentation": "55", "schema": "1.1.0", "structure": "1.1151.0", "table_structure": "5"}, "extended_metadata": {"ID_instance": "95 2E BE 0E 66 BC B2 11 0A 00 7E 51 29 01 4E 8C ", "ID_permanent": "15 92 A4 CC CC 77 4D B6 98 EB 11 DC 0D 6A 04 2E ", "has_acroform": false, "has_embedded_files": false, "is_XFA": false, "is_certified": false, "is_encrypted": false, "is_digitally_signed": false, "language": "en", "page_count": 2, "pdf_version": "1.6", "pdfa_compliance_level": "", "pdfua_compliance_level": ""}, "elements": [{"Bounds": [42.518524169921875, 692.3480072021484, 208.8841552734375, 734.6381072998047], "Font": {"alt_family_name": "Minion Pro", "embedded": true, "encoding": "Custom", "family_name": "Minion Pro", "font_type": "Type1", "italic": false, "monospaced": false, "name": "FGCHAW+MinionPro-Regular", "subset": true, "weight": 400}, "HasClip": false, "Lang": "en", "ObjectID": 383, "Page": 0, "Path": "//Document/Sect/P", "Text": "are generated by multiple thalamic inputs that have temporally different responses to the stimulus (Fig. 1). Thalamic inputs that respond slowly to visual stimuli generate slow responses in cortical regions, whereas those responding faster generate fast responses. ", "TextSize": 7.3000030517578125}, {"Bounds": [42.51678466796875, 642.89599609375, 208.13357543945312, 693.4281005859375], "Font": {"alt_family_name": "Minion Pro", "embedded": true, "encoding": "Custom", "family_name": "Minion Pro", "font_type": "Type1", "italic": false, "monospaced": false, "name": "FGCHAW+MinionPro-Regular", "subset": true, "weight": 400}, "HasClip": false, "Lang": "en", "ObjectID": 384, "Page": 0, "Path": "//Document/Sect/P[2]", "Text": "Lien and Scanziani\u2019s results, taken together with previous work 3\u201310 raise the interesting pos-sibility that cortical direction , selectivity is gen-erated through a common mechanism \u2014 the convergence of temporally diverse thalamic inputs \u2014 in rodents, cats and primates. But as with all research, some questions remain open. ", "TextSize": 7.3000030517578125}, {"Bounds": [42.51788330078125, 540.889892578125, 209.36474609375, 643.9761047363281], "Font": {"alt_family_name": "Minion Pro", "embedded": true, "encoding": "Custom", "family_name": "Minion Pro", "font_type": "Type1", "italic": false, "monospaced": false, "name": "FGCHAW+MinionPro-Regular", "subset": true, "weight": 400}, "HasClip": false, "Lang": "en", "ObjectID": 387, "Page": 0, "Path": "//Document/Sect/P[3]", "Text": "For instance, the authors focus their study on the middle layers of the visual cortex, which receive the bulk of the thalamic input11. As Lien and Scanziani show, many thalamic inputs in these middle cortical layers are not direction selective, but their combined activity is. It remains unclear whether thalamic inputs that target other cortical layers (or serve other functions) can encode direction selectivity through different mechanisms. For example, neurons in the superficial layers of the cor-tex might derive their direction selectivity from thalamic neurons that are themselves direction selective12. ", "TextSize": 7.3000030517578125}, {"Bounds": [42.51673889160156, 475.7978973388672, 208.64637756347656, 542.8139953613281], "Font": {"alt_family_name": "Minion Pro", "embedded": true, "encoding": "Custom", "family_name": "Minion Pro", "font_type": "Type1", "italic": false, "monospaced": false, "name": "FGCHAW+MinionPro-Regular", "subset": true, "weight": 400}, "HasClip": false, "Lang": "en", "ObjectID": 390, "Page": 0, "Path": "//Document/Sect/P[4]", "Text": "It is also known that thalamic inputs to the visual cortex are arranged by their receptive-field position \u2014 inputs that have receptive fields close to one another in the field of view are clus-tered together. However, it is not yet known whether the thalamic inputs are also arranged according to their temporal properties. If so, this could explain why spatial position and direction preference tend to change together in different ", "TextSize": 7.3000030517578125}, {"Bounds": [218.2677001953125, 723.1598968505859, 364.8271179199219, 735.5772552490234], "Font": {"alt_family_name": "Minion Pro", "embedded": true, "encoding": "Custom", "family_name": "Minion Pro", "font_type": "Type1", "italic": false, "monospaced": false, "name": "FGCHAW+MinionPro-Regular", "subset": true, "weight": 400}, "HasClip": false, "Lang": "en", "ObjectID": 392, "Page": 0, "Path": "//Document/Sect/Aside/P", "Text": "neurons across the visual\u2013cortical map13 . ", "TextSize": 9.300003051757812}, {"Bounds": [291.6361999511719, 641.6641998291016, 296.12611389160156, 647.3459014892578], "Font": {"alt_family_name": "Zapf Dingbats Std", "embedded": true, "encoding": "Custom", "family_name": "Zapf Dingbats Std", "font_type": "Type1", "italic": false, "monospaced": false, "name": "FGCHAW+ZapfDingbatsStd", "subset": true, "weight": 400}, "HasClip": false, "ObjectID": 398, "Page": 0, "Path": "//Document/Sect/Aside/P[2]/ExtraCharSpan", "Text": "\u25a0 ", "TextSize": 5.899993896484375}, {"Bounds": [218.2677001953125, 639.1602020263672, 385.46807861328125, 724.5359954833984], "Font": {"alt_family_name": "Minion Pro", "embedded": true, "encoding": "Custom", "family_name": "Minion Pro", "font_type": "Type1", "italic": false, "monospaced": false, "name": "FGCHAW+MinionPro-Regular", "subset": true, "weight": 400}, "HasClip": false, "Lang": "en", "ObjectID": 394, "Page": 0, "Path": "//Document/Sect/Aside/P[2]", "Text": "Whatever the answers are, it is becoming increasingly clear that the visual cortex generates stimulus selectivity, such as preferences for direction and orientation, through thalamo\u2013cortical convergence. Lien and Scanziani\u2019s work shows that this mechanism is better preserved across mammals than was previously thought. ", "TextSize": 9.300003051757812}, {"Bounds": [218.2677001953125, 618.1598968505859, 359.94261169433594, 630.0545959472656], "Font": {"alt_family_name": "Minion Pro", "embedded": true, "encoding": "Custom", "family_name": "Minion Pro", "font_type": "Type1", "italic": false, "monospaced": false, "name": "FGCHAW+MinionPro-Bold", "subset": true, "weight": 700}, "HasClip": false, "ObjectID": 400, "Page": 0, "Path": "//Document/Sect/Aside/P[3]/Sub", "Text": "Jose Manuel Alonso is in the College of ", "TextSize": 9.300003051757812, "attributes": {"Placement": "Block"}}, {"Bounds": [218.2677001953125, 586.6607971191406, 364.3870391845703, 619.5549011230469], "Font": {"alt_family_name": "Minion Pro", "embedded": true, "encoding": "Custom", "family_name": "Minion Pro", "font_type": "Type1", "italic": true, "monospaced": false, "name": "FGCHAW+MinionPro-It", "subset": true, "weight": 400}, "HasClip": false, "ObjectID": 401, "Page": 0, "Path": "//Document/Sect/Aside/P[3]/Sub[2]", "Text": "Optometry, State University of New York, New\u00a0York, New York 10036, USA. e\u00admail: jalonso@sunyopt.edu ", "TextSize": 9.300003051757812, "attributes": {"Placement": "Block"}}, {"Bounds": [217.78399658203125, 574.4680023193359, 221.23443603515625, 579.8639984130859], "Font": {"alt_family_name": "Minion Pro", "embedded": true, "encoding": "Identity-H", "family_name": "Minion Pro", "font_type": "CIDFontType0", "italic": false, "monospaced": false, "name": "TATBDQ+MinionPro-Regular", "subset": true, "weight": 400}, "HasClip": false, "ObjectID": 404, "Page": 0, "Path": "//Document/Sect/Aside/L/LI/Lbl", "Text": "1. ", "TextSize": 4.0}, {"Bounds": [217.79159545898438, 565.3200073242188, 320.9388122558594, 579.8200073242188], "Font": {"alt_family_name": "News Gothic MTOT", "embedded": true, "encoding": "Custom", "family_name": "News Gothic MTOT", "font_type": "Type1", "italic": false, "monospaced": false, "name": "FGCHAW+NewsGothicMTOT-Regular", "subset": true, "weight": 400}, "HasClip": false, "ObjectID": 405, "Page": 0, "Path": "//Document/Sect/Aside/L/LI/LBody", "Text": "Hubel, D. H. & Wiesel, T. N. J. Physiol. 160, 106\u2013154(1962). 2. Lien, A. D. & Scanziani, M. Nature 558, 80\u201386 (2018). ", "TextSize": 4.0}, {"Bounds": [217.79539489746094, 560.0959930419922, 221.24583435058594, 565.4920043945312], "Font": {"alt_family_name": "Minion Pro", "embedded": true, "encoding": "Identity-H", "family_name": "Minion Pro", "font_type": "CIDFontType0", "italic": false, "monospaced": false, "name": "TATBDQ+MinionPro-Regular", "subset": true, "weight": 400}, "HasClip": false, "ObjectID": 407, "Page": 0, "Path": "//Document/Sect/Aside/L/LI[2]/Lbl", "Text": "3. ", "TextSize": 4.0}, {"Bounds": [217.80679321289062, 555.156005859375, 346.6990203857422, 565.447998046875], "Font": {"alt_family_name": "News Gothic MTOT", "embedded": true, "encoding": "Custom", "family_name": "News Gothic MTOT", "font_type": "Type1", "italic": false, "monospaced": false, "name": "FGCHAW+NewsGothicMTOT-Regular", "subset": true, "weight": 400}, "HasClip": false, "ObjectID": 408, "Page": 0, "Path": "//Document/Sect/Aside/L/LI[2]/LBody", "Text": "Alonso, J.-M., Usrey, W. M. & Reid, R. C. J. Neurosci.21, 4002\u20134015 (2001). 4. Ferster, D., Chung, S. & Wheat, H. Nature 380, 249\u2013252 (1996). ", "TextSize": 4.0}, {"Bounds": [217.8105926513672, 550.2079925537109, 221.26104736328125, 555.60400390625], "Font": {"alt_family_name": "Minion Pro", "embedded": true, "encoding": "Identity-H", "family_name": "Minion Pro", "font_type": "CIDFontType0", "italic": false, "monospaced": false, "name": "TATBDQ+MinionPro-Regular", "subset": true, "weight": 400}, "HasClip": false, "ObjectID": 410, "Page": 0, "Path": "//Document/Sect/Aside/L/LI[3]/Lbl", "Text": "5. ", "TextSize": 4.0}, {"Bounds": [217.81820678710938, 540.3119964599609, 338.0882110595703, 555.5599975585938], "Font": {"alt_family_name": "News Gothic MTOT", "embedded": true, "encoding": "Custom", "family_name": "News Gothic MTOT", "font_type": "Type1", "italic": false, "monospaced": false, "name": "FGCHAW+NewsGothicMTOT-Regular", "subset": true, "weight": 400}, "HasClip": false, "ObjectID": 411, "Page": 0, "Path": "//Document/Sect/Aside/L/LI[3]/LBody", "Text": "Saul, A. B. & Humphrey, A. L. J. Neurophysiol. 64, 206\u2013224 (1990). 6. Saul, A. B. & Humphrey, A. L. J. Neurophysiol. 68, 1190\u20131208 (1992). 7. Stanley, G. B. et al. J. Neurosci. 32, 9073\u20139088 ", "TextSize": 4.0}, {"Bounds": [223.49159240722656, 536.1119995117188, 237.205810546875, 540.9320068359375], "Font": {"alt_family_name": "News Gothic MTOT", "embedded": true, "encoding": "Custom", "family_name": "News Gothic MTOT", "font_type": "Type1", "italic": false, "monospaced": false, "name": "FGCHAW+NewsGothicMTOT-Regular", "subset": true, "weight": 400}, "HasClip": false, "ObjectID": 413, "Page": 0, "Path": "//Document/Sect/Aside/L/LI[4]/Lbl", "Text": "(2012). ", "TextSize": 4.0}, {"Bounds": [217.8258056640625, 530.8880004882812, 290.5712890625, 536.2839965820312], "Font": {"alt_family_name": "Minion Pro", "embedded": true, "encoding": "Identity-H", "family_name": "Minion Pro", "font_type": "CIDFontType0", "italic": false, "monospaced": false, "name": "TATBDQ+MinionPro-Regular", "subset": true, "weight": 400}, "HasClip": false, "ObjectID": 415, "Page": 0, "Path": "//Document/Sect/Aside/L/LI[4]/LBody/ParagraphSpan", "Text": "8. Reid, R. C., Soodak, R. E. & Shapley, R. M. ", "TextSize": 4.0}, {"Bounds": [230.0352020263672, 526.1640014648438, 232.9080352783203, 531.6119995117188], "Font": {"alt_family_name": "Minion Pro", "embedded": true, "encoding": "Identity-H", "family_name": "Minion Pro", "font_type": "CIDFontType0", "italic": true, "monospaced": false, "name": "TATBDQ+MinionPro-It", "subset": true, "weight": 400}, "HasClip": false, "ObjectID": 418, "Page": 0, "Path": "//Document/Sect/Aside/L/LI[4]/LBody/L/LI/Lbl", "Text": "J. ", "TextSize": 4.0}, {"Bounds": [217.82960510253906, 516.6479949951172, 320.01161193847656, 531.5160064697266], "Font": {"alt_family_name": "News Gothic MTOT", "embedded": true, "encoding": "Custom", "family_name": "News Gothic MTOT", "font_type": "Type1", "italic": true, "monospaced": false, "name": "FGCHAW+NewsGothicMTOT-Italic", "subset": true, "weight": 400}, "HasClip": false, "ObjectID": 419, "Page": 0, "Path": "//Document/Sect/Aside/L/LI[4]/LBody/L/LI/LBody", "Text": "Neurophysiol. 66, 505\u2013529 (1991). 9. Livingstone, M. S. Neuron 20, 509\u2013526 (1998). 10. McLean, J. & Palmer, L. A. Vision Res. 29, 675\u2013679(1989). ", "TextSize": 4.0}, {"Bounds": [217.85240173339844, 511.6999969482422, 223.05844116210938, 517.0959930419922], "Font": {"alt_family_name": "Minion Pro", "embedded": true, "encoding": "Identity-H", "family_name": "Minion Pro", "font_type": "CIDFontType0", "italic": false, "monospaced": false, "name": "TATBDQ+MinionPro-Regular", "subset": true, "weight": 400}, "HasClip": false, "ObjectID": 421, "Page": 0, "Path": "//Document/Sect/Aside/L/LI[5]/Lbl", "Text": "11. ", "TextSize": 4.0}, {"Bounds": [223.52200317382812, 507.49200439453125, 373.56011962890625, 517.0279998779297], "Font": {"alt_family_name": "News Gothic MTOT", "embedded": true, "encoding": "Custom", "family_name": "News Gothic MTOT", "font_type": "Type1", "italic": false, "monospaced": false, "name": "FGCHAW+NewsGothicMTOT-Regular", "subset": true, "weight": 400}, "HasClip": false, "ObjectID": 422, "Page": 0, "Path": "//Document/Sect/Aside/L/LI[5]/LBody", "Text": "Lorente de No, R. In Physiology of the Nervous System (ed. Fulton, J.) 291\u2013340 (Oxford Univ. Press,1938). ", "TextSize": 4.0}, {"Bounds": [217.85240173339844, 502.26800537109375, 223.05844116210938, 507.66400146484375], "Font": {"alt_family_name": "Minion Pro", "embedded": true, "encoding": "Identity-H", "family_name": "Minion Pro", "font_type": "CIDFontType0", "italic": false, "monospaced": false, "name": "TATBDQ+MinionPro-Regular", "subset": true, "weight": 400}, "HasClip": false, "ObjectID": 424, "Page": 0, "Path": "//Document/Sect/Aside/L/LI[6]/Lbl", "Text": "12. ", "TextSize": 4.0}, {"Bounds": [217.856201171875, 497.46800231933594, 340.5848083496094, 507.6199951171875], "Font": {"alt_family_name": "News Gothic MTOT", "embedded": true, "encoding": "Custom", "family_name": "News Gothic MTOT", "font_type": "Type1", "italic": false, "monospaced": false, "name": "FGCHAW+NewsGothicMTOT-Regular", "subset": true, "weight": 400}, "HasClip": false, "ObjectID": 425, "Page": 0, "Path": "//Document/Sect/Aside/L/LI[6]/LBody", "Text": "Cruz-Mart\u00edn, A. et al. Nature 507, 358\u2013361 (2014). 13. Kremkow, J., Jin, J., Wang, Y. & Alonso, J. M. Nature 533, 52\u201357 (2016). ", "TextSize": 4.0}, {"Bounds": [218.2707061767578, 357.33990478515625, 373.50917053222656, 365.8518981933594], "Font": {"alt_family_name": "News Gothic MTOT", "embedded": true, "encoding": "WinAnsiEncoding", "family_name": "News Gothic MTOT", "font_type": "Type1", "italic": false, "monospaced": false, "name": "FGCHAW+NewsGothicMTOT-Bold", "subset": true, "weight": 700}, "HasClip": false, "Lang": "en", "ObjectID": 427, "Page": 0, "Path": "//Document/Sect/Aside[2]/P", "Text": "This article was published online on 23 May 2018. ", "TextSize": 7.0, "attributes": {"SpaceAfter": 18}}, {"Bounds": [37.51969909667969, 325.1551055908203, 100.62570190429688, 335.1551055908203], "ObjectID": 428, "Page": 0, "Path": "//Document/Sect/Aside[2]/Figure", "attributes": {"BBox": [42.47829999999885, 325.1649999999936, 95.63609999999971, 335.125], "Placement": "Block", "SpaceAfter": 2.75}}, {"Bounds": [37.51969909667969, 325.1551055908203, 100.62570190429688, 335.1551055908203], "Font": {"alt_family_name": "Knockout", "embedded": true, "encoding": "WinAnsiEncoding", "family_name": "Knockout", "font_type": "Type1", "italic": false, "monospaced": false, "name": "FGCHAW+Knockout-49Liteweight", "subset": true, "weight": 400}, "HasClip": false, "ObjectID": 428, "Page": 0, "Path": "//Document/Sect/Aside[2]/Figure", "Text": "ENGINEERING ", "TextSize": 4.0, "attributes": {"BBox": [42.47829999999885, 325.1649999999936, 95.63609999999971, 335.125], "Placement": "Block", "SpaceAfter": 2.75}}, {"Bounds": [42.51969909667969, 247.76919555664062, 368.6558837890625, 323.8332061767578], "Font": {"alt_family_name": "Glosa Math", "embedded": true, "encoding": "WinAnsiEncoding", "family_name": "Glosa Math", "font_type": "Type1", "italic": false, "monospaced": false, "name": "FGCHAW+GlosaMath-Bold", "subset": true, "weight": 700}, "HasClip": false, "Lang": "en", "ObjectID": 429, "Page": 0, "Path": "//Document/Sect/Aside[2]/P[2]", "Text": "Two artificial synapses are better than one ", "TextSize": 32.0, "attributes": {"LineHeight": 33, "SpaceAfter": 15.75}}, {"Bounds": [42.52000427246094, 213.14300537109375, 383.6293029785156, 242.01499938964844], "Font": {"alt_family_name": "Glosa Math", "embedded": true, "encoding": "Custom", "family_name": "Glosa Math", "font_type": "Type1", "italic": false, "monospaced": false, "name": "FGCHAW+GlosaMath-Black", "subset": true, "weight": 900}, "HasClip": false, "Lang": "en", "ObjectID": 430, "Page": 0, "Path": "//Document/Sect/Aside[2]/P[3]", "Text": "Emerging nanoelectronic devices could revolutionize artificial neural networks, but their hardware implementations lag behind those of their software counterparts. An approach has been developed that tips the scales in their favour. See Article p.60 ", "TextSize": 8.0, "attributes": {"SpaceAfter": 18}}, {"Bounds": [42.51969909667969, 181.41990661621094, 82.65623474121094, 188.60789489746094], "Font": {"alt_family_name": "Knockout", "embedded": true, "encoding": "WinAnsiEncoding", "family_name": "Knockout", "font_type": "Type1", "italic": false, "monospaced": false, "name": "FGCHAW+Knockout-49Liteweight", "subset": true, "weight": 400}, "HasClip": false, "Lang": "en", "ObjectID": 431, "Page": 0, "Path": "//Document/Sect/Aside[2]/P[4]", "Text": "GINA C. ADAM ", "TextSize": 6.0, "attributes": {"SpaceAfter": 14.25}}, {"Bounds": [40.935699462890625, 146.1699981689453, 210.3880615234375, 169.58189392089844], "Font": {"alt_family_name": "Minion Pro", "embedded": true, "encoding": "Custom", "family_name": "Minion Pro", "font_type": "Type1", "italic": false, "monospaced": false, "name": "FGCHAW+MinionPro-Regular", "subset": true, "weight": 400}, "HasClip": false, "Lang": "en", "ObjectID": 432, "Page": 0, "Path": "//Document/Sect/Aside[2]/P[5]", "Text": "I nspired by the brain\u2019s neural networks, scientists have for decades tried to construct electronic circuits that can ", "TextSize": 6.0}, {"Bounds": [42.511993408203125, 87.57499694824219, 208.8076629638672, 135.88099670410156], "Font": {"alt_family_name": "Minion Pro", "embedded": true, "encoding": "Custom", "family_name": "Minion Pro", "font_type": "Type1", "italic": false, "monospaced": false, "name": "FGCHAW+MinionPro-Regular", "subset": true, "weight": 400}, "HasClip": false, "Lang": "en", "ObjectID": 434, "Page": 0, "Path": "//Document/Sect/Aside[2]/P[6]", "Text": "process large amounts of data. However, it has been difficult to achieve energy-efficient implementations of artificial neurons and synapses (connections between neurons). On page 60, Ambrogio et al.1 report an arti-ficial neural network containing more than 200,000 synapses that can classify complex collections of images. The authors\u2019 work dem-onstrates that hardware-based neural networks that use emerging nanoelectronic devices ", "TextSize": 6.0, "attributes": {"LineHeight": 6.75, "TextAlign": "Justify"}}, {"Bounds": [218.26571655273438, 173.9409942626953, 384.354736328125, 188.375], "Font": {"alt_family_name": "Minion Pro", "embedded": true, "encoding": "Custom", "family_name": "Minion Pro", "font_type": "Type1", "italic": false, "monospaced": false, "name": "FGCHAW+MinionPro-Regular", "subset": true, "weight": 400}, "HasClip": false, "Lang": "en", "ObjectID": 436, "Page": 0, "Path": "//Document/Sect/Aside[2]/P[7]", "Text": "can perform as well as can software-based networks running on ordinary computers, while consuming much less power. ", "TextSize": 6.0}, {"Bounds": [218.2644500732422, 112.97369384765625, 384.9673156738281, 174.82769775390625], "Font": {"alt_family_name": "Minion Pro", "embedded": true, "encoding": "Custom", "family_name": "Minion Pro", "font_type": "Type1", "italic": false, "monospaced": false, "name": "FGCHAW+MinionPro-Regular", "subset": true, "weight": 400}, "HasClip": false, "Lang": "en", "ObjectID": 437, "Page": 0, "Path": "//Document/Sect/Aside[2]/P[8]", "Text": "Artificial neural networks are not programmed in the same way as conventional computers. Just as humans learn from experi-ence, these networks acquire their functions from data obtained during a training process. Image classification, which involves learning and memory, requires thousands of artificial synapses. The states (electrical properties) of these synapses need to be programmed quickly and then retained for future network operation. Nanoscale synaptic devices that have programmable electrical resistance, such ", "TextSize": 6.0}, {"Bounds": [416.30438232421875, 672.2967224121094, 546.8373870849609, 723.531982421875], "ClipBounds": [417.656005859375, 672.89697265625, 546.0239868164062, 723.1069946289062], "ObjectID": 438, "Page": 0, "Path": "//Document/Sect/Figure", "attributes": {"BBox": [417.9429999999993, 673.0309999999881, 545.8579999999783, 722.4689999999828], "Placement": "Block"}}, {"Bounds": [416.6929931640625, 636.5019989013672, 517.2590026855469, 667.4160003662109], "Font": {"alt_family_name": "Knockout", "embedded": true, "encoding": "Custom", "family_name": "Knockout", "font_type": "Type1", "italic": false, "monospaced": false, "name": "FGCHAW+Knockout-69FullLiteweight", "subset": true, "weight": 400}, "HasClip": false, "Lang": "en", "ObjectID": 440, "Page": 0, "Path": "//Document/Sect[2]/H1", "Text": "50 Years Ago ", "TextSize": 26.0, "attributes": {"LineHeight": 31.25}}, {"Bounds": [416.6929931640625, 507.5845031738281, 546.8881378173828, 629.4391021728516], "Font": {"alt_family_name": "Minion Pro", "embedded": true, "encoding": "Custom", "family_name": "Minion Pro", "font_type": "Type1", "italic": false, "monospaced": false, "name": "FGCHAW+MinionPro-Regular", "subset": true, "weight": 400}, "HasClip": false, "Lang": "en", "ObjectID": 441, "Page": 0, "Path": "//Document/Sect[2]/P", "Text": "Reading aids for the blind have so far involved the use of intact sensory pathways and have progressed little beyond Braille and tape-recorded \u201ctalking-books\u201d. Both these systems are quite expensive\u00a0\u2026 and both are slow in terms of information transfer to the reader\u00a0\u2026 At a recent meeting of the Physiological Society, Brindley and Lewin demonstrated a device for stimulating the visual cortex of man directly\u00a0\u2026 Essentially it consists of an array of radio receivers, encapsulated in silicone rubber and screwed to the skull\u00a0\u2026 Activation of a receiver stimulated the cortex: transmission was in the form of a train of short (200\u00a0\u03bcs) pulses\u00a0\u2026 it does at least seem feasible to transmit visual information directly to the central visual pathways of the recently blind. From Nature 8 June 1968 ", "TextSize": 6.3000030517578125, "attributes": {"SpaceAfter": 18}}, {"Bounds": [416.6929931640625, 332.0019989013672, 525.6048736572266, 362.91600036621094], "Font": {"alt_family_name": "Knockout", "embedded": true, "encoding": "Custom", "family_name": "Knockout", "font_type": "Type1", "italic": false, "monospaced": false, "name": "FGCHAW+Knockout-69FullLiteweight", "subset": true, "weight": 400}, "HasClip": false, "Lang": "en", "ObjectID": 443, "Page": 0, "Path": "//Document/Sect[3]/H1", "Text": "100 Years Ago ", "TextSize": 26.0, "attributes": {"LineHeight": 31.25, "SpaceAfter": 6.5}}, {"Bounds": [416.6929931640625, 24.339996337890625, 545.7779541015625, 327.46600341796875], "Font": {"alt_family_name": "Minion Pro", "embedded": true, "encoding": "Custom", "family_name": "Minion Pro", "font_type": "Type1", "italic": false, "monospaced": false, "name": "FGCHAW+MinionPro-Regular", "subset": true, "weight": 400}, "HasClip": false, "Lang": "en", "ObjectID": 444, "Page": 0, "Path": "//Document/Sect[3]/P", "Text": "It happened last week that about 1 lb. of fresh lamb was put into an oven at night in order that it might be cooked by morning on the \u201chay-box\u201d principle. It was in a casserole, with a little water. Similar ", "TextSize": 19.0, "attributes": {"LineHeight": 21.5}}, {"Bounds": [399.7691955566406, 2.889007568359375, 563.1311798095703, 27.151992797851562], "Font": {"alt_family_name": "Glosa Math", "embedded": true, "encoding": "WinAnsiEncoding", "family_name": "Glosa Math", "font_type": "Type1", "italic": false, "monospaced": false, "name": "JRQFEO+GlosaMath-Roman", "subset": true, "weight": 400}, "HasClip": false, "Lang": "en", "ObjectID": 445, "Page": 0, "Path": "//Document/Sect[3]/Footnote", "Text": "7 JUtreatment in the NE 2018 | VOL 558 | NATURE | 39 ", "TextSize": 6.0}, {"Bounds": [36.600006103515625, 526.7579956054688, 377.25701904296875, 731.02197265625], "ClipBounds": [36.600006103515625, 526.7579956054688, 377.25701904296875, 731.02197265625], "ObjectID": 448, "Page": 1, "Path": "//Document/Sect[3]/Figure", "attributes": {"BBox": [36.83849999999984, 526.7569999999832, 377.2649999999994, 730.7479999999923], "Placement": "Block"}}, {"Bounds": [36.600006103515625, 526.7579956054688, 377.25701904296875, 731.02197265625], "ClipBounds": [36.600006103515625, 526.7579956054688, 377.25701904296875, 731.02197265625], "Font": {"alt_family_name": "News Gothic MTOT", "embedded": true, "encoding": "WinAnsiEncoding", "family_name": "News Gothic MTOT", "font_type": "Type1", "italic": false, "monospaced": false, "name": "FGCHAW+NewsGothicMTOT-Regular", "subset": true, "weight": 400}, "HasClip": false, "ObjectID": 448, "Page": 1, "Path": "//Document/Sect[3]/Figure", "Text": "Input Output Neuron Short-term synapse Long-term synapse Wiring 2 ", "TextSize": 6.5, "attributes": {"BBox": [36.83849999999984, 526.7569999999832, 377.2649999999994, 730.7479999999923], "Placement": "Block"}}, {"Bounds": [36.848907470703125, 447.49290466308594, 377.62628173828125, 525.0995635986328], "Font": {"alt_family_name": "Minion Pro", "embedded": true, "encoding": "Custom", "family_name": "Minion Pro", "font_type": "Type1", "italic": false, "monospaced": false, "name": "FGCHAW+MinionPro-Regular", "subset": true, "weight": 400}, "HasClip": false, "Lang": "en", "ObjectID": 449, "Page": 1, "Path": "//Document/Sect[3]/P[2]", "Text": "Figure 1 | An artificial neural network containing two types of synapse. Ambrogio et al.1 report a hardware-based artificial neural network that is trained to classify complex images, such as handwritten numbers, with an accuracy similar to that of a software-based network. The network consists of artificial neurons linked by wires to two types of artificial synapse (connections between neurons). Short-term synapses (which can retain alterations in their synaptic state for milliseconds) are used regularly during network training, whereas long-term synapses (with state retention of years) are used mainly for memory. The long-term synapses are physical devices, whereas the neurons and short-term synapses are simulated computationally (indicated by hatching). ", "TextSize": 8.300003051757812, "attributes": {"SpaceAfter": 18}}, {"Bounds": [36.85040283203125, 282.15989685058594, 203.8619842529297, 430.53599548339844], "Font": {"alt_family_name": "Minion Pro", "embedded": true, "encoding": "Custom", "family_name": "Minion Pro", "font_type": "Type1", "italic": false, "monospaced": false, "name": "FGCHAW+MinionPro-Regular", "subset": true, "weight": 400}, "HasClip": false, "Lang": "en", "ObjectID": 451, "Page": 1, "Path": "//Document/Sect[3]/P[3]", "Text": "as phase-change-memory (PCM) devices, show promise because of their small physical size and excellent retention properties. PCM devices contain a material known as a chalcogenide glass, which can switch reversibly between an amorphous phase (of high resistance) and a crystalline phase (of low resistance). The device\u2019s resistance state is programmed by crystallizing part of the material using local heating produced by an applied voltage. This state is retained long after the voltage has been removed, and further programming can be achieved by crystallizing other parts of the material. ", "TextSize": 9.300003051757812}, {"Bounds": [36.8492431640625, 82.65989685058594, 205.68515014648438, 283.53599548339844], "Font": {"alt_family_name": "Minion Pro", "embedded": true, "encoding": "Custom", "family_name": "Minion Pro", "font_type": "Type1", "italic": false, "monospaced": false, "name": "FGCHAW+MinionPro-Regular", "subset": true, "weight": 400}, "HasClip": false, "Lang": "en", "ObjectID": 456, "Page": 1, "Path": "//Document/Sect[3]/P[4]", "Text": "Unfor tunately, PCM de vices c an b e programmed in only one direction: from high to low resistance, by changing from low to high crystallinity. To achieve the desired resistance state with good precision, sequences of hundreds of voltage pulses are required. If the desired state is overshot, the chalco-genide glass must be completely reset to the amorphous phase and the step-by-step programming restarted. This shortcoming, combined with variations between devices caused by the manufacturing process, can slow or even prevent network training, as previous work by the group that performed the current study has shown2. As a result, the prototype networks that have been constructed using these devices3,4 are impractical and have much lower image-classification accuracies than do software-based networks. ", "TextSize": 9.300003051757812}, {"Bounds": [36.85040283203125, 30.159896850585938, 205.41302490234375, 84.03599548339844], "Font": {"alt_family_name": "Minion Pro", "embedded": true, "encoding": "Custom", "family_name": "Minion Pro", "font_type": "Type1", "italic": false, "monospaced": false, "name": "FGCHAW+MinionPro-Regular", "subset": true, "weight": 400}, "HasClip": false, "Lang": "en", "ObjectID": 460, "Page": 1, "Path": "//Document/Sect[3]/P[5]", "Text": "The breakthrough of Ambrogio and colleagues\u2019 work lies in a two-tier, bio-inspired approach. In biological neural networks, short-term changes in the states of synapses support a variety of computations, whereas long-term ", "TextSize": 9.300003051757812}, {"Bounds": [212.59535217285156, 376.65989685058594, 380.35887145996094, 430.53599548339844], "Font": {"alt_family_name": "Minion Pro", "embedded": true, "encoding": "Custom", "family_name": "Minion Pro", "font_type": "Type1", "italic": false, "monospaced": false, "name": "FGCHAW+MinionPro-Regular", "subset": true, "weight": 400}, "HasClip": false, "Lang": "en", "ObjectID": 461, "Page": 1, "Path": "//Document/Sect[3]/P[6]", "Text": "changes provide a platform for learning and memory5. For this reason, the authors\u2019 artificial neural network uses synaptic \u2018cells\u2019 that contain two types of synapse: short-term and long-term (Fig. 1). ", "TextSize": 9.300003051757812}, {"Bounds": [212.59840393066406, 250.65989685058594, 379.20091247558594, 378.0363006591797], "Font": {"alt_family_name": "Minion Pro", "embedded": true, "encoding": "Custom", "family_name": "Minion Pro", "font_type": "Type1", "italic": false, "monospaced": false, "name": "FGCHAW+MinionPro-Regular", "subset": true, "weight": 400}, "HasClip": false, "Lang": "en", "ObjectID": 463, "Page": 1, "Path": "//Document/Sect[3]/P[7]", "Text": "The short-term synapses are used regularly during network training. They require only brief state retention, but fast and precise programming to the desired state. Such features are provided by an electronic switch called a transistor, which has a capacitor (a device for storing electric charge) attached to one of its electrodes, known as the gate6 . The transistor\u2019s state is programmed by a fast voltage pulse applied to the gate. The capacitor maintains this voltage for a few milliseconds, providing brief state retention. ", "TextSize": 9.300003051757812}, {"Bounds": [212.59840393066406, 135.15989685058594, 380.02813720703125, 252.03599548339844], "Font": {"alt_family_name": "Minion Pro", "embedded": true, "encoding": "Custom", "family_name": "Minion Pro", "font_type": "Type1", "italic": false, "monospaced": false, "name": "FGCHAW+MinionPro-Regular", "subset": true, "weight": 400}, "HasClip": false, "Lang": "en", "ObjectID": 466, "Page": 1, "Path": "//Document/Sect[3]/P[8]", "Text": "After the network has been trained on several thousand images and the short-term synapses have changed states substantially, the synaptic states are written into long-term synapses. The cycle is then repeated until all of the training images have been presented to the network. The long-term synapses are used for network operation after training is complete. They consist of PCM devices that have state-retention times of years, at the expense of tedious, energy-intensive programming. ", "TextSize": 9.300003051757812}, {"Bounds": [212.59840393066406, 30.159896850585938, 379.53721618652344, 136.53599548339844], "Font": {"alt_family_name": "Minion Pro", "embedded": true, "encoding": "Custom", "family_name": "Minion Pro", "font_type": "Type1", "italic": false, "monospaced": false, "name": "FGCHAW+MinionPro-Regular", "subset": true, "weight": 400}, "HasClip": false, "Lang": "en", "ObjectID": 468, "Page": 1, "Path": "//Document/Sect[3]/P[9]", "Text": "An advantage of this technique is that the transfer of states from short- to long-term synapses can be done in electronic-circuit blocks separate from the network, while the network carries out other tasks. Moreover, although the authors\u2019 synaptic cells are more complicated in practice \u2014 containing one capacitor, two PCM devices and five transistors \u2014 they are still about half the size of artificial synapses used in other networks6 . ", "TextSize": 9.300003051757812}, {"Bounds": [388.3464050292969, 597.1598968505859, 555.5610809326172, 735.0545959472656], "Font": {"alt_family_name": "Minion Pro", "embedded": true, "encoding": "Custom", "family_name": "Minion Pro", "font_type": "Type1", "italic": false, "monospaced": false, "name": "FGCHAW+MinionPro-Regular", "subset": true, "weight": 400}, "HasClip": false, "Lang": "en", "ObjectID": 470, "Page": 1, "Path": "//Document/Sect[3]/P[10]", "Text": "Ambrogio et al. tested their synaptic-cell approach using a fairly complex artificial neural network containing multiple layers of neurons and more than 200,000 PCM devices. The authors carried out classification tasks using three standard sets of images: greyscale handwritten numbers from the MNIST database7 , and colour images from the CIFAR-10 and CIFAR-100 databases8. The accuracies obtained were 98%, 88% and 68%, respectively. These results are strikingly similar to those obtained using TensorFlow, a leading neural-network software (see www.tensorflow.org). ", "TextSize": 9.300003051757812}, {"Bounds": [388.3464050292969, 376.65989685058594, 555.7334747314453, 598.5359954833984], "Font": {"alt_family_name": "Minion Pro", "embedded": true, "encoding": "Custom", "family_name": "Minion Pro", "font_type": "Type1", "italic": false, "monospaced": false, "name": "FGCHAW+MinionPro-Regular", "subset": true, "weight": 400}, "HasClip": false, "Lang": "en", "ObjectID": 474, "Page": 1, "Path": "//Document/Sect[3]/P[11]", "Text": "Despite these impressive findings, a key limitation of the work is that only the PCM devices were actually fabricated; the other components of the synaptic cells and the neurons were simulated computationally. The authors took care to use accurate models that consider variations between transistors, and they proposed a method to minimize the impact of such variability on synaptic-cell performance. Most importantly, they carried out a detailed power assessment, and found that their proposed technology would consume about 100 times less power than current state-of-the-art networks, while providing a similar classification performance. Nevertheless, only a working hardware prototype will convince industry of the technology\u2019s performance and low-power advantages. Furthermore, the estimated power consumption is still a far cry from that of biological neural networks, leaving plenty of room for improvement. ", "TextSize": 9.300003051757812}, {"Bounds": [515.4886932373047, 242.66419982910156, 519.9786071777344, 248.3459014892578], "Font": {"alt_family_name": "Zapf Dingbats Std", "embedded": true, "encoding": "Custom", "family_name": "Zapf Dingbats Std", "font_type": "Type1", "italic": false, "monospaced": false, "name": "FGCHAW+ZapfDingbatsStd", "subset": true, "weight": 400}, "HasClip": false, "ObjectID": 479, "Page": 1, "Path": "//Document/Sect[3]/P[12]/ExtraCharSpan", "Text": "\u25a0 ", "TextSize": 5.899993896484375}, {"Bounds": [388.3464050292969, 240.1602020263672, 556.4026794433594, 378.03599548339844], "Font": {"alt_family_name": "Minion Pro", "embedded": true, "encoding": "Custom", "family_name": "Minion Pro", "font_type": "Type1", "italic": false, "monospaced": false, "name": "FGCHAW+MinionPro-Regular", "subset": true, "weight": 400}, "HasClip": false, "Lang": "en", "ObjectID": 476, "Page": 1, "Path": "//Document/Sect[3]/P[12]", "Text": "However, Ambrogio and colleagues\u2019 work is more than a crucial stepping stone to the integration of PCM devices in neural-network hardware. It will also inspire device research, because it creates a need for nanoscale short-term synapses to replace the bulky transistor\u2013capacitor ones. A wall in emerging memory technologies has been breached \u2014 networks based on these devices can work as well as do their software counterparts. This finding suggests that advances in artificial intelligence will not only continue, but also be accelerated by emerging hardware. ", "TextSize": 9.300003051757812}, {"Bounds": [388.34649658203125, 177.16110229492188, 532.0294799804688, 231.05459594726562], "Font": {"alt_family_name": "Minion Pro", "embedded": true, "encoding": "Custom", "family_name": "Minion Pro", "font_type": "Type1", "italic": false, "monospaced": false, "name": "FGCHAW+MinionPro-Bold", "subset": true, "weight": 700}, "HasClip": false, "Lang": "en", "ObjectID": 481, "Page": 1, "Path": "//Document/Sect[4]/H1", "Text": "Gina C. Adam is at the National Institute for Research and Development in Microtechnologies, Bucharest 077190, Romania. e\u00admail: gina.adam@imt.ro ", "TextSize": 9.300003051757812, "attributes": {"SpaceAfter": 7.875}}, {"Bounds": [388.34649658203125, 162.55690002441406, 395.475341796875, 170.9918975830078], "Font": {"alt_family_name": "News Gothic MTOT", "embedded": true, "encoding": "Custom", "family_name": "News Gothic MTOT", "font_type": "Type1", "italic": false, "monospaced": false, "name": "FGCHAW+NewsGothicMTOT-Regular", "subset": true, "weight": 400}, "HasClip": false, "ObjectID": 484, "Page": 1, "Path": "//Document/Sect[4]/L/LI/Lbl", "Text": "1. ", "TextSize": 7.0}, {"Bounds": [398.26829528808594, 162.5218963623047, 535.3253021240234, 171.03390502929688], "Font": {"alt_family_name": "News Gothic MTOT", "embedded": true, "encoding": "Custom", "family_name": "News Gothic MTOT", "font_type": "Type1", "italic": false, "monospaced": false, "name": "FGCHAW+NewsGothicMTOT-Regular", "subset": true, "weight": 400}, "HasClip": false, "ObjectID": 485, "Page": 1, "Path": "//Document/Sect[4]/L/LI/LBody", "Text": "Ambrogio, S. et al. Nature 558, 60\u201367 (2018). ", "TextSize": 7.0}, {"Bounds": [388.34649658203125, 154.3948974609375, 395.475341796875, 162.82989501953125], "Font": {"alt_family_name": "News Gothic MTOT", "embedded": true, "encoding": "Custom", "family_name": "News Gothic MTOT", "font_type": "Type1", "italic": false, "monospaced": false, "name": "FGCHAW+NewsGothicMTOT-Regular", "subset": true, "weight": 400}, "HasClip": false, "ObjectID": 487, "Page": 1, "Path": "//Document/Sect[4]/L/LI[2]/Lbl", "Text": "2. ", "TextSize": 7.0}, {"Bounds": [398.26829528808594, 146.23289489746094, 538.6443939208984, 162.82989501953125], "Font": {"alt_family_name": "News Gothic MTOT", "embedded": true, "encoding": "Custom", "family_name": "News Gothic MTOT", "font_type": "Type1", "italic": false, "monospaced": false, "name": "FGCHAW+NewsGothicMTOT-Regular", "subset": true, "weight": 400}, "HasClip": false, "ObjectID": 488, "Page": 1, "Path": "//Document/Sect[4]/L/LI[2]/LBody", "Text": "Burr, G. W. et al. 2014 IEEE Int. Electron Devices Meet. 29.5.1\u201329.5.4 (IEEE, 2014). ", "TextSize": 7.0}, {"Bounds": [388.34649658203125, 138.07789611816406, 395.1426544189453, 146.5128936767578], "Font": {"alt_family_name": "News Gothic MTOT", "embedded": true, "encoding": "Custom", "family_name": "News Gothic MTOT", "font_type": "Type1", "italic": false, "monospaced": false, "name": "FGCHAW+NewsGothicMTOT-Regular", "subset": true, "weight": 400}, "HasClip": false, "ObjectID": 490, "Page": 1, "Path": "//Document/Sect[4]/L/LI[3]/Lbl", "Text": "3. ", "TextSize": 7.0}, {"Bounds": [398.26829528808594, 138.0428924560547, 553.94384765625, 146.55490112304688], "Font": {"alt_family_name": "News Gothic MTOT", "embedded": true, "encoding": "Custom", "family_name": "News Gothic MTOT", "font_type": "Type1", "italic": false, "monospaced": false, "name": "FGCHAW+NewsGothicMTOT-Regular", "subset": true, "weight": 400}, "HasClip": false, "ObjectID": 491, "Page": 1, "Path": "//Document/Sect[4]/L/LI[3]/LBody", "Text": "Gokmen, T. & Vlasov, Y. Front. Neurosci. 10, 333 (2016). ", "TextSize": 7.0}, {"Bounds": [388.34649658203125, 129.9158935546875, 395.475341796875, 138.3509063720703], "Font": {"alt_family_name": "News Gothic MTOT", "embedded": true, "encoding": "Custom", "family_name": "News Gothic MTOT", "font_type": "Type1", "italic": false, "monospaced": false, "name": "FGCHAW+NewsGothicMTOT-Regular", "subset": true, "weight": 400}, "HasClip": false, "ObjectID": 493, "Page": 1, "Path": "//Document/Sect[4]/L/LI[4]/Lbl", "Text": "4. ", "TextSize": 7.0}, {"Bounds": [398.26829528808594, 121.75390625, 541.2048034667969, 138.3509063720703], "Font": {"alt_family_name": "News Gothic MTOT", "embedded": true, "encoding": "Custom", "family_name": "News Gothic MTOT", "font_type": "Type1", "italic": false, "monospaced": false, "name": "FGCHAW+NewsGothicMTOT-Regular", "subset": true, "weight": 400}, "HasClip": false, "ObjectID": 494, "Page": 1, "Path": "//Document/Sect[4]/L/LI[4]/LBody", "Text": "Yu. S. et al. 2015 IEEE Int. Electron Devices Meet. 17.3.1\u201317.3.4 (IEEE, 2015). ", "TextSize": 7.0}, {"Bounds": [388.34649658203125, 113.59890747070312, 395.475341796875, 122.03390502929688], "Font": {"alt_family_name": "News Gothic MTOT", "embedded": true, "encoding": "Custom", "family_name": "News Gothic MTOT", "font_type": "Type1", "italic": false, "monospaced": false, "name": "FGCHAW+NewsGothicMTOT-Regular", "subset": true, "weight": 400}, "HasClip": false, "ObjectID": 496, "Page": 1, "Path": "//Document/Sect[4]/L/LI[5]/Lbl", "Text": "5. ", "TextSize": 7.0}, {"Bounds": [398.26524353027344, 105.43479919433594, 548.6620330810547, 122.07380676269531], "Font": {"alt_family_name": "News Gothic MTOT", "embedded": true, "encoding": "Custom", "family_name": "News Gothic MTOT", "font_type": "Type1", "italic": false, "monospaced": false, "name": "FGCHAW+NewsGothicMTOT-Regular", "subset": true, "weight": 400}, "HasClip": false, "ObjectID": 497, "Page": 1, "Path": "//Document/Sect[4]/L/LI[5]/LBody", "Text": "Abbott, L. F. & Regehr, W. G. Nature 431, 796\u2013803 (2004). ", "TextSize": 7.0}, {"Bounds": [388.34344482421875, 97.27980041503906, 395.4722900390625, 105.71479797363281], "Font": {"alt_family_name": "News Gothic MTOT", "embedded": true, "encoding": "Custom", "family_name": "News Gothic MTOT", "font_type": "Type1", "italic": false, "monospaced": false, "name": "FGCHAW+NewsGothicMTOT-Regular", "subset": true, "weight": 400}, "HasClip": false, "ObjectID": 499, "Page": 1, "Path": "//Document/Sect[4]/L/LI[6]/Lbl", "Text": "6. ", "TextSize": 7.0}, {"Bounds": [398.26524353027344, 80.95579528808594, 550.8178863525391, 105.71479797363281], "Font": {"alt_family_name": "News Gothic MTOT", "embedded": true, "encoding": "Custom", "family_name": "News Gothic MTOT", "font_type": "Type1", "italic": false, "monospaced": false, "name": "FGCHAW+NewsGothicMTOT-Regular", "subset": true, "weight": 400}, "HasClip": false, "ObjectID": 500, "Page": 1, "Path": "//Document/Sect[4]/L/LI[6]/LBody", "Text": "Kim. S., Gokmen, T., Lee, H.-M. & Haensch, W. E. 2017 IEEE 60th Int. Midwest Symp. Circuits Systems 422\u2013425 (IEEE, 2017). ", "TextSize": 7.0}, {"Bounds": [388.34344482421875, 72.80079650878906, 395.4722900390625, 81.23579406738281], "Font": {"alt_family_name": "News Gothic MTOT", "embedded": true, "encoding": "Custom", "family_name": "News Gothic MTOT", "font_type": "Type1", "italic": false, "monospaced": false, "name": "FGCHAW+NewsGothicMTOT-Regular", "subset": true, "weight": 400}, "HasClip": false, "ObjectID": 502, "Page": 1, "Path": "//Document/Sect[4]/L/LI[7]/Lbl", "Text": "7. ", "TextSize": 7.0}, {"Bounds": [398.26524353027344, 64.60380554199219, 543.5479888916016, 81.23579406738281], "Font": {"alt_family_name": "News Gothic MTOT", "embedded": true, "encoding": "Custom", "family_name": "News Gothic MTOT", "font_type": "Type1", "italic": false, "monospaced": false, "name": "FGCHAW+NewsGothicMTOT-Regular", "subset": true, "weight": 400}, "HasClip": false, "ObjectID": 503, "Page": 1, "Path": "//Document/Sect[4]/L/LI[7]/LBody", "Text": "Lecun, Y., Bottou, L., Bengio, Y. & Haffner, P. Proc. IEEE 86, 2278\u20132324 (1998). ", "TextSize": 7.0}, {"Bounds": [388.34344482421875, 56.483795166015625, 395.4722900390625, 64.91879272460938], "Font": {"alt_family_name": "News Gothic MTOT", "embedded": true, "encoding": "Custom", "family_name": "News Gothic MTOT", "font_type": "Type1", "italic": false, "monospaced": false, "name": "FGCHAW+NewsGothicMTOT-Regular", "subset": true, "weight": 400}, "HasClip": false, "ObjectID": 505, "Page": 1, "Path": "//Document/Sect[4]/L/LI[8]/Lbl", "Text": "8. ", "TextSize": 7.0}, {"Bounds": [398.26524353027344, 31.997802734375, 551.4491119384766, 64.91879272460938], "Font": {"alt_family_name": "News Gothic MTOT", "embedded": true, "encoding": "Custom", "family_name": "News Gothic MTOT", "font_type": "Type1", "italic": false, "monospaced": false, "name": "FGCHAW+NewsGothicMTOT-Regular", "subset": true, "weight": 400}, "HasClip": false, "ObjectID": 506, "Page": 1, "Path": "//Document/Sect[4]/L/LI[8]/LBody", "Text": "Krizhevsky, A. Learning Multiple Layers of Features From Tiny Images Ch. 3; www.cs.toronto.edu/~kriz/ learning-features-2009-TR.pdf; https://www. cs.toronto.edu/~kriz/cifar.html (2009). ", "TextSize": 7.0}, {"Bounds": [36.85040283203125, 5.3148956298828125, 200.63209533691406, 20.532806396484375], "ClipBounds": [36.85040283203125, 5.3148956298828125, 200.63209533691406, 20.532806396484375], "ObjectID": 507, "Page": 1, "Path": "//Document/Sect[4]/Figure", "attributes": {"BBox": [36.83849999999984, 5.377989999999954, 196.91199999999662, 19.17739999999958], "Placement": "Block", "Suspicion": "{ \"suspicious\" : true, \"reason\" : \"inlineFormula\" }", "SuspicionFBName": "region-inlineFormula", "Suspicious": true}}, {"Bounds": [36.85040283203125, 5.3148956298828125, 200.63209533691406, 20.532806396484375], "ClipBounds": [36.85040283203125, 5.3148956298828125, 200.63209533691406, 20.532806396484375], "Font": {"alt_family_name": "Whitney", "embedded": true, "encoding": "Identity-V", "family_name": "Whitney", "font_type": "CIDFontType0", "italic": false, "monospaced": false, "name": "FGCHAW+Whitney-Light", "subset": true, "weight": 300}, "HasClip": true, "ObjectID": 507, "Page": 1, "Path": "//Document/Sect[4]/Figure", "Text": "40 | NATURE | VOL 558 | 7 JUNE 2018 \u00a920", "TextSize": 7.0, "attributes": {"BBox": [36.83849999999984, 5.377989999999954, 196.91199999999662, 19.17739999999958], "Placement": "Block", "Suspicion": "{ \"suspicious\" : true, \"reason\" : \"inlineFormula\" }", "SuspicionFBName": "region-inlineFormula", "Suspicious": true}}], "pages": [{"boxes": {"CropBox": [0.0, 0.0, 595.2760009765625, 790.8660278320312], "MediaBox": [0.0, 0.0, 595.2760009765625, 790.8660278320312]}, "height": 790.8660278320312, "is_scanned": false, "page_number": 0, "rotation": 0, "width": 595.2760009765625}, {"boxes": {"CropBox": [0.0, 0.0, 595.2760009765625, 790.8660278320312], "MediaBox": [0.0, 0.0, 595.2760009765625, 790.8660278320312]}, "height": 790.8660278320312, "is_scanned": false, "page_number": 1, "rotation": 0, "width": 595.2760009765625}]}