{"version": {"json_export": "219", "page_segmentation": "55", "schema": "1.1.0", "structure": "1.1151.0", "table_structure": "5"}, "extended_metadata": {"ID_instance": "39 04 CE 0E 66 BC B2 11 0A 00 7F 8F A7 6A 23 BD ", "ID_permanent": "27 3F 2F 1A C0 63 49 55 B6 D1 D0 22 D2 4F 63 6C ", "has_acroform": false, "has_embedded_files": false, "is_XFA": false, "is_certified": false, "is_encrypted": false, "is_digitally_signed": false, "language": "en", "page_count": 1, "pdf_version": "1.6", "pdfa_compliance_level": "", "pdfua_compliance_level": ""}, "elements": [{"Bounds": [41.38580322265625, 745.2673950195312, 139.84153747558594, 759.739501953125], "ClipBounds": [41.38580322265625, 745.2673950195312, 139.84153747558594, 759.739501953125], "Font": {"alt_family_name": "Knockout", "embedded": true, "encoding": "WinAnsiEncoding", "family_name": "Knockout", "font_type": "Type1", "italic": false, "monospaced": false, "name": "BFAQAJ+Knockout-29JuniorLtweight", "subset": true, "weight": 400}, "HasClip": true, "Lang": "en", "ObjectID": 233, "Page": 0, "Path": "//Document/Sect/P", "Text": "THIS WEEK EDITORIALS ", "TextSize": 12.0, "attributes": {"LineHeight": 14.375, "SpaceAfter": 18}}, {"Bounds": [36.846160888671875, 697.9929962158203, 284.7734680175781, 726.2729949951172], "Font": {"alt_family_name": "Minion Pro", "embedded": true, "encoding": "Custom", "family_name": "Minion Pro", "font_type": "Type1", "italic": false, "monospaced": false, "name": "BFAQAJ+MinionPro-Regular", "subset": true, "weight": 400}, "HasClip": false, "Lang": "en", "ObjectID": 235, "Page": 0, "Path": "//Document/Sect/P[2]", "Text": "they disagree with as being anti-science. For instance, despite being labelled by many as anti-science, the US Republican Party \u2014 for all of its flaws \u2014 is not trying to hobble innovation or seeking to dismantle the research enterprise. ", "TextSize": 8.0}, {"Bounds": [36.84352111816406, 643.8009948730469, 285.3435821533203, 699.177001953125], "Font": {"alt_family_name": "Minion Pro", "embedded": true, "encoding": "Custom", "family_name": "Minion Pro", "font_type": "Type1", "italic": false, "monospaced": false, "name": "BFAQAJ+MinionPro-Regular", "subset": true, "weight": 400}, "HasClip": false, "Lang": "en", "ObjectID": 236, "Page": 0, "Path": "//Document/Sect/P[3]", "Text": "In fact, Republicans have historically been strong supporters of science. They led the effort in the 1990s to double the budget of the National Institutes of Health (NIH), and they enthusiastically support space exploration. In March, when President Donald Trump proposed cutting nearly 20% of the NIH\u2019s budget, Republicans on spending committees in Congress were among the first to scoff at the idea. ", "TextSize": 8.0}, {"Bounds": [36.84834289550781, 580.5769958496094, 284.7970428466797, 644.9850006103516], "Font": {"alt_family_name": "Minion Pro", "embedded": true, "encoding": "Custom", "family_name": "Minion Pro", "font_type": "Type1", "italic": false, "monospaced": false, "name": "BFAQAJ+MinionPro-Regular", "subset": true, "weight": 400}, "HasClip": false, "Lang": "en", "ObjectID": 237, "Page": 0, "Path": "//Document/Sect/P[4]", "Text": "In no way does this defence of politicians excuse the blatant climate denial, the politically motivated budget cuts and the interference with peer review that all too frequently characterize government. Plenty of politicians, particularly in recent years, have made a habit of choosing certain inconvenient facts and dismissing them entirely. But to claim that this constitutes a strategic war on science is to argue that science is a single, unified entity: that if you are not with science on any given issue, you are against science. ", "TextSize": 8.0}, {"Bounds": [36.84739685058594, 535.4170074462891, 284.77577209472656, 581.7610015869141], "Font": {"alt_family_name": "Minion Pro", "embedded": true, "encoding": "Custom", "family_name": "Minion Pro", "font_type": "Type1", "italic": false, "monospaced": false, "name": "BFAQAJ+MinionPro-Regular", "subset": true, "weight": 400}, "HasClip": false, "Lang": "en", "ObjectID": 238, "Page": 0, "Path": "//Document/Sect/P[5]", "Text": "Science does not speak with a single voice. Sit at a hotel bar during any conference and you will hear impassioned debate over what the data have to say about a certain question. Equally credentialled researchers fall out on whether carbon dioxide levels in the atmosphere have passed a tipping point, or on the health risks of sugar. ", "TextSize": 8.0}, {"Bounds": [36.84996032714844, 490.2570037841797, 285.19879150390625, 536.6009979248047], "Font": {"alt_family_name": "Minion Pro", "embedded": true, "encoding": "Custom", "family_name": "Minion Pro", "font_type": "Type1", "italic": false, "monospaced": false, "name": "BFAQAJ+MinionPro-Regular", "subset": true, "weight": 400}, "HasClip": false, "Lang": "en", "ObjectID": 239, "Page": 0, "Path": "//Document/Sect/P[6]", "Text": "Those who claim persecution in their pursuit of science would do well to consider whether the pursuit is as pure as they might wish. Science is ripe with problems: irreproducible results, manipulation of statistics, widespread sexual harassment and gender discrimination, and conflicts \u2014 or at least what seem to be conflicts \u2014 of financial ", "TextSize": 8.0}, {"Bounds": [306.13812255859375, 707.0249938964844, 548.7154998779297, 726.2729949951172], "Font": {"alt_family_name": "Minion Pro", "embedded": true, "encoding": "Custom", "family_name": "Minion Pro", "font_type": "Type1", "italic": false, "monospaced": false, "name": "BFAQAJ+MinionPro-Regular", "subset": true, "weight": 400}, "HasClip": false, "Lang": "en", "ObjectID": 240, "Page": 0, "Path": "//Document/Sect/P[7]", "Text": "interest, to name but a few. Stepping back to see how all this comes across to non-scientists could be educational. ", "TextSize": 8.0}, {"Bounds": [306.1402130126953, 661.8650054931641, 554.1845245361328, 708.2089996337891], "Font": {"alt_family_name": "Minion Pro", "embedded": true, "encoding": "Custom", "family_name": "Minion Pro", "font_type": "Type1", "italic": false, "monospaced": false, "name": "BFAQAJ+MinionPro-Regular", "subset": true, "weight": 400}, "HasClip": false, "Lang": "en", "ObjectID": 241, "Page": 0, "Path": "//Document/Sect/P[8]", "Text": "If politicians don\u2019t oppose the concept of science, why do so many seem to dismiss it? Many \u2018anti-science\u2019 measures have nothing to do with science at all. US politicians who want to weaken the Environ-mental Protection Agency, for instance, tend to want also to weaken all sorts of federal programmes that they see as examples of \u2018big govern-", "TextSize": 8.0, "attributes": {"SpaceAfter": 17.25}}, {"Bounds": [306.1343994140625, 599.5690002441406, 370.9121856689453, 646.5290069580078], "Font": {"alt_family_name": "Glosa Math", "embedded": true, "encoding": "WinAnsiEncoding", "family_name": "Glosa Math", "font_type": "Type1", "italic": true, "monospaced": false, "name": "BFAQAJ+GlosaMath-BlackItalic", "subset": true, "weight": 900}, "HasClip": false, "Lang": "en", "ObjectID": 242, "Page": 0, "Path": "//Document/Sect/P[9]", "Text": "\u201cMany  \u2018anti-science\u2019 measures  have nothing  to do with science at all.\u201d ", "TextSize": 8.0}, {"Bounds": [394.01190185546875, 588.3650054931641, 554.0491333007812, 652.7729949951172], "Font": {"alt_family_name": "Minion Pro", "embedded": true, "encoding": "Custom", "family_name": "Minion Pro", "font_type": "Type1", "italic": false, "monospaced": false, "name": "BFAQAJ+MinionPro-Regular", "subset": true, "weight": 400}, "HasClip": false, "Lang": "en", "ObjectID": 243, "Page": 0, "Path": "//Document/Sect/P[10]", "Text": "ment\u2019 interfering in local issues. Debates about the labelling of genetically modified food are driven less by health concerns than by distrust of the agriculture industry\u2019s business practices. Government science agencies \u2014 shock, hor-ror \u2014 are not always operated efficiently, and moving funds to more-effective programmes might sometimes be justified. ", "TextSize": 8.0, "attributes": {"SpaceAfter": 18}}, {"Bounds": [306.1391143798828, 504.36500549316406, 554.0742950439453, 568.7729949951172], "Font": {"alt_family_name": "Minion Pro", "embedded": true, "encoding": "Custom", "family_name": "Minion Pro", "font_type": "Type1", "italic": false, "monospaced": false, "name": "BFAQAJ+MinionPro-Regular", "subset": true, "weight": 400}, "HasClip": false, "Lang": "en", "ObjectID": 244, "Page": 0, "Path": "//Document/Sect/P[11]", "Text": "Science is only one of many factors and interests that a thoughtful politician needs to weigh when choosing a position on a complex topic. If science sometimes loses out to concerns about employment or eco-nomics, scientists should not immediately take it as a personal slight. Rather, it is a reason to look for common ground on which to discuss the concerns and work out how science can help: creating jobs in green energy, for instance, or revamping wasteful grant programmes. ", "TextSize": 8.0}, {"Bounds": [411.6206970214844, 451.09300231933594, 417.7087097167969, 458.7969970703125], "Font": {"alt_family_name": "Zapf Dingbats Std", "embedded": true, "encoding": "Custom", "family_name": "Zapf Dingbats Std", "font_type": "Type1", "italic": false, "monospaced": false, "name": "BFAQAJ+ZapfDingbatsStd", "subset": true, "weight": 400}, "HasClip": false, "ObjectID": 246, "Page": 0, "Path": "//Document/Sect/P[12]/ExtraCharSpan", "Text": "\u25a0 ", "TextSize": 8.0}, {"Bounds": [306.1407012939453, 449.35699462890625, 554.0473327636719, 505.5489959716797], "Font": {"alt_family_name": "Minion Pro", "embedded": true, "encoding": "Custom", "family_name": "Minion Pro", "font_type": "Type1", "italic": false, "monospaced": false, "name": "BFAQAJ+MinionPro-Regular", "subset": true, "weight": 400}, "HasClip": false, "Lang": "en", "ObjectID": 245, "Page": 0, "Path": "//Document/Sect/P[12]", "Text": "Of course, corruption and conflicts of interest can frequently motivate political decisions as well, and researchers and others should not hesitate to highlight them. But name-calling and portraying the current politi-cal climate as a war between facts and ignorance simply sows division. If scientists are feeling threatened by budget cuts and real anti-science rhetoric, they should look for all the help and support they can get. ", "TextSize": 8.0}, {"Bounds": [36.750396728515625, 371.7738952636719, 174.20889282226562, 412.1539001464844], "Font": {"alt_family_name": "Glosa Math", "embedded": true, "encoding": "WinAnsiEncoding", "family_name": "Glosa Math", "font_type": "Type1", "italic": false, "monospaced": false, "name": "BFAQAJ+GlosaMath-Bold", "subset": true, "weight": 700}, "HasClip": false, "Lang": "en", "ObjectID": 247, "Page": 0, "Path": "//Document/Sect/Title", "Text": "Yes, but \u2026 ", "TextSize": 30.0, "attributes": {"LineHeight": 36, "SpaceAfter": 5.125}}, {"Bounds": [36.750396728515625, 341.10389709472656, 282.81556701660156, 373.56640625], "Font": {"alt_family_name": "Glosa Math", "embedded": true, "encoding": "WinAnsiEncoding", "family_name": "Glosa Math", "font_type": "Type1", "italic": true, "monospaced": false, "name": "BFAQAJ+GlosaMath-RomanItalic", "subset": true, "weight": 400}, "HasClip": false, "Lang": "en", "ObjectID": 249, "Page": 0, "Path": "//Document/Sect[2]/H1", "Text": "Brainstorming is of dubious value in discussions of scientific issues. ", "TextSize": 12.5, "attributes": {"LineHeight": 15.875, "SpaceAfter": 16.375}}, {"Bounds": [35.582794189453125, 298.9929962158203, 285.0139465332031, 329.472900390625], "Font": {"alt_family_name": "Minion Pro", "embedded": true, "encoding": "Custom", "family_name": "Minion Pro", "font_type": "Type1", "italic": false, "monospaced": false, "name": "BFAQAJ+MinionPro-Regular", "subset": true, "weight": 400}, "HasClip": false, "Lang": "en", "ObjectID": 250, "Page": 0, "Path": "//Document/Sect[2]/P", "Text": "T he idea was simple. Strapped for cash and searching for ways to persuade funders to be more generous, one Italian scien-tist had a brainwave. Why couldn\u2019t researchers trade their old ", "TextSize": 8.0, "attributes": {"SpaceAfter": 4.375}}, {"Bounds": [36.75, 267.4929962158203, 284.7507019042969, 295.7729949951172], "Font": {"alt_family_name": "Minion Pro", "embedded": true, "encoding": "Custom", "family_name": "Minion Pro", "font_type": "Type1", "italic": false, "monospaced": false, "name": "BFAQAJ+MinionPro-Regular", "subset": true, "weight": 400}, "HasClip": false, "Lang": "en", "ObjectID": 252, "Page": 0, "Path": "//Document/Sect[2]/P[2]", "Text": "microscopes for cash? The car company Fiat, after all, ran a scheme that paid owners to relinquish ten-year-old models, with the amount of compensation matched by the government. ", "TextSize": 8.0}, {"Bounds": [36.747833251953125, 231.3618927001953, 285.0552520751953, 268.67689514160156], "Font": {"alt_family_name": "Minion Pro", "embedded": true, "encoding": "Custom", "family_name": "Minion Pro", "font_type": "Type1", "italic": false, "monospaced": false, "name": "BFAQAJ+MinionPro-Regular", "subset": true, "weight": 400}, "HasClip": false, "Lang": "en", "ObjectID": 253, "Page": 0, "Path": "//Document/Sect[2]/P[3]", "Text": "History suggests the microscope idea went nowhere. It was quickly dismissed as unworkable. Indeed, it survives only because it is men-tioned in The Lancet in a brief write-up of a 1997 meeting, described as a brainstorm on European Union research funding. ", "TextSize": 8.0}, {"Bounds": [36.7479248046875, 177.1728973388672, 284.99009704589844, 232.5489044189453], "Font": {"alt_family_name": "Minion Pro", "embedded": true, "encoding": "Custom", "family_name": "Minion Pro", "font_type": "Type1", "italic": false, "monospaced": false, "name": "BFAQAJ+MinionPro-Regular", "subset": true, "weight": 400}, "HasClip": false, "Lang": "en", "ObjectID": 254, "Page": 0, "Path": "//Document/Sect[2]/P[4]", "Text": "That makes it unusual, because unused suggestions that emerge in brainstorming sessions tend not to even leave the room. They lie forgotten, scrawled on pink sticky notes on walls and flip charts in corporate headquarters everywhere. And they have done since the concept of the brainstorm was popularized in the 1950s as a way of freeing the creativity of a group. ", "TextSize": 8.0}, {"Bounds": [36.74781799316406, 86.8529052734375, 284.9689025878906, 178.35690307617188], "Font": {"alt_family_name": "Minion Pro", "embedded": true, "encoding": "Custom", "family_name": "Minion Pro", "font_type": "Type1", "italic": false, "monospaced": false, "name": "BFAQAJ+MinionPro-Regular", "subset": true, "weight": 400}, "HasClip": false, "Lang": "en", "ObjectID": 255, "Page": 0, "Path": "//Document/Sect[2]/P[5]", "Text": "No idea generated, the brainstorming rules insist, is a bad idea. But what if that itself is a bad idea? In a Comment article published this week in Nature Human Behaviour, the organizational psychologist David Burkus argues that brainstorming sessions stifle, rather than unleash, solutions (D. Burkus Nature Hum. Behav. http://doi.org/b6t6; 2017). It\u2019s not a new suggestion. Indeed, Burkus draws on research published more than a decade ago to help make his case that immedi-ate criticism helps, rather than hinders, creativity. But it comes at a valuable and pertinent time: a time when the intellectual free-for-all of the brainstorm is leaking noticeably more and more into public and political discussions of scientific issues. ", "TextSize": 8.0}, {"Bounds": [306.03651428222656, 346.86500549316406, 555.19677734375, 411.2729949951172], "Font": {"alt_family_name": "Minion Pro", "embedded": true, "encoding": "Custom", "family_name": "Minion Pro", "font_type": "Type1", "italic": false, "monospaced": false, "name": "BFAQAJ+MinionPro-Regular", "subset": true, "weight": 400}, "HasClip": false, "Lang": "en", "ObjectID": 256, "Page": 0, "Path": "//Document/Sect[2]/P[6]", "Text": "seems amiss\u201d. The UK-based biomedical funder last week launched a project to investigate the perceived \u201cpushback in society on \u2018experts\u2019\u201d and whether this hinders the environment for research. Also last week, The New York Times was heavily criticized by cli-mate scientists and others after its new conservative columnist Bret Stephens shared his (predictably negative and depressingly tired) opinion on the robustness of data and models used to assess global warming. ", "TextSize": 8.0}, {"Bounds": [306.0417022705078, 310.7368927001953, 555.0175170898438, 348.0489959716797], "Font": {"alt_family_name": "Minion Pro", "embedded": true, "encoding": "Custom", "family_name": "Minion Pro", "font_type": "Type1", "italic": false, "monospaced": false, "name": "BFAQAJ+MinionPro-Regular", "subset": true, "weight": 400}, "HasClip": false, "Lang": "en", "ObjectID": 257, "Page": 0, "Path": "//Document/Sect[2]/P[7]", "Text": "The newspaper offered a defence that sounds awfully like the instructions issued by the moderator of a corporate brainstorming session: it\u2019s an idea and one just as valid as yours. Shouldn\u2019t we hear all opinions? Please don\u2019t respond with \u2018Yes, but\u2019. Say \u2018Yes, and \u2026\u2019. ", "TextSize": 8.0}, {"Bounds": [306.04144287109375, 256.54490661621094, 556.5119934082031, 311.9208984375], "Font": {"alt_family_name": "Minion Pro", "embedded": true, "encoding": "Custom", "family_name": "Minion Pro", "font_type": "Type1", "italic": false, "monospaced": false, "name": "BFAQAJ+MinionPro-Regular", "subset": true, "weight": 400}, "HasClip": false, "Lang": "en", "ObjectID": 258, "Page": 0, "Path": "//Document/Sect[2]/P[8]", "Text": "Yes, but. As has been pointed out many times before, although  everyone is entitled to their own view, it is not unreasonable to judge (and to expect responsible media to choose to highlight) opinions that rest on documented evidence \u2014 concerning, for example, climate change, childhood vaccinations, evolution \u2014 as carrying more weight than those merely perched on top of other opinions. ", "TextSize": 8.0}, {"Bounds": [306.03990173339844, 193.32090759277344, 554.6500244140625, 257.72889709472656], "Font": {"alt_family_name": "Minion Pro", "embedded": true, "encoding": "Custom", "family_name": "Minion Pro", "font_type": "Type1", "italic": false, "monospaced": false, "name": "BFAQAJ+MinionPro-Regular", "subset": true, "weight": 400}, "HasClip": false, "Lang": "en", "ObjectID": 259, "Page": 0, "Path": "//Document/Sect[2]/P[9]", "Text": "An intellectual brainstorm is no way to respond to the legitimate concerns thrown up by the shifting political sands of today, and an uncertain place for science and reason. Because it is not a lack of creative thought that threatens at present, it is more an unwillingness to seek and agree common ground and then build on it. That is a difficult job, but one \u2014 as Nature has said before \u2014 that more scientists must embrace, by reaching out to communities and engaging with the issues they raise. ", "TextSize": 8.0}, {"Bounds": [437.82269287109375, 112.95390319824219, 443.91070556640625, 120.65789794921875], "Font": {"alt_family_name": "Zapf Dingbats Std", "embedded": true, "encoding": "Custom", "family_name": "Zapf Dingbats Std", "font_type": "Type1", "italic": false, "monospaced": false, "name": "BFAQAJ+ZapfDingbatsStd", "subset": true, "weight": 400}, "HasClip": false, "ObjectID": 261, "Page": 0, "Path": "//Document/Sect[2]/P[10]/ExtraCharSpan", "Text": "\u25a0 ", "TextSize": 8.0}, {"Bounds": [306.0348205566406, 111.21690368652344, 555.4566497802734, 194.50489807128906], "Font": {"alt_family_name": "Minion Pro", "embedded": true, "encoding": "Custom", "family_name": "Minion Pro", "font_type": "Type1", "italic": false, "monospaced": false, "name": "BFAQAJ+MinionPro-Regular", "subset": true, "weight": 400}, "HasClip": false, "Lang": "en", "ObjectID": 260, "Page": 0, "Path": "//Document/Sect[2]/P[10]", "Text": "Science is a creative process, and the free expression of ideas is a vital component. But so, too, is the robust (and expert) criti-cism of those ideas, and the rejection of ideas that fail. In his piece, Burkus presents a telling statistic about the role of the devil\u2019s advocate in the Roman Catholic Church\u2019s process of beatification. This individual was instructed to criticize, to say \u2018yes, but\u2019, and to present all the reasons why someone should not be sainted. From 1587 until 1983, when the practice was abolished, just 98 people were canonized. From 1983 until today, the number is more than five times greater. ", "TextSize": 8.0}, {"Bounds": [45.25439453125, 33.55690002441406, 253.1903076171875, 43.77290344238281], "Font": {"alt_family_name": "Minion Pro", "embedded": true, "encoding": "Custom", "family_name": "Minion Pro", "font_type": "Type1", "italic": false, "monospaced": false, "name": "BFAQAJ+MinionPro-Regular", "subset": true, "weight": 400}, "HasClip": false, "Lang": "en", "ObjectID": 262, "Page": 0, "Path": "//Document/Sect[2]/P[11]", "Text": "The Wellcome Trust, for example, is concerned that \u201csomething ", "TextSize": 8.0}, {"Bounds": [36.85040283203125, 5.3148956298828125, 204.54029846191406, 21.723297119140625], "ClipBounds": [36.85040283203125, 5.3148956298828125, 204.54029846191406, 21.723297119140625], "ObjectID": 263, "Page": 0, "Path": "//Document/Sect[2]/Figure", "attributes": {"BBox": [36.83849999999984, 5.393619999999828, 203.6319999999978, 20.39299999999912], "Placement": "Block", "Suspicion": "{ \"suspicious\" : true, \"reason\" : \"inlineFormula\" }", "SuspicionFBName": "region-inlineFormula", "Suspicious": true}}, {"Bounds": [36.85040283203125, 5.3148956298828125, 204.54029846191406, 21.723297119140625], "ClipBounds": [36.85040283203125, 5.3148956298828125, 204.54029846191406, 21.723297119140625], "Font": {"alt_family_name": "Whitney", "embedded": true, "encoding": "Identity-V", "family_name": "Whitney", "font_type": "CIDFontType0", "italic": false, "monospaced": false, "name": "BFAQAJ+Whitney-Light", "subset": true, "weight": 300}, "HasClip": true, "ObjectID": 263, "Page": 0, "Path": "//Document/Sect[2]/Figure", "Text": "134 | NATURE | VOL 545 | 11 MAY 2017 \u00a92017", "TextSize": 7.0, "attributes": {"BBox": [36.83849999999984, 5.393619999999828, 203.6319999999978, 20.39299999999912], "Placement": "Block", "Suspicion": "{ \"suspicious\" : true, \"reason\" : \"inlineFormula\" }", "SuspicionFBName": "region-inlineFormula", "Suspicious": true}}, {"Bounds": [202.60130310058594, 3.7888946533203125, 418.1943054199219, 12.314895629882812], "ClipBounds": [202.60130310058594, 3.7888946533203125, 418.1943054199219, 12.314895629882812], "Font": {"alt_family_name": "Whitney", "embedded": true, "encoding": "Identity-V", "family_name": "Whitney", "font_type": "CIDFontType0", "italic": false, "monospaced": false, "name": "BFAQAJ+Whitney-Light", "subset": true, "weight": 300}, "HasClip": true, "Lang": "en", "ObjectID": 264, "Page": 0, "Path": "//Document/Sect[2]/P[12]", "Text": "M ac millan Publishers Limitedpart of S ghts reservedpringer Nature Allri.., ", "TextSize": 7.0, "attributes": {"LineHeight": -116}}], "pages": [{"boxes": {"CropBox": [0.0, 0.0, 595.2760009765625, 782.3619995117188], "MediaBox": [0.0, 0.0, 595.2760009765625, 782.3619995117188]}, "height": 782.3619995117188, "is_scanned": false, "page_number": 0, "rotation": 0, "width": 595.2760009765625}]}