{"version": {"json_export": "219", "page_segmentation": "55", "schema": "1.1.0", "structure": "1.1151.0", "table_structure": "5"}, "extended_metadata": {"ID_instance": "24 E5 BA 30 3B BC B2 11 0A 00 0D B7 2E 16 22 02 ", "ID_permanent": "7B 6B E2 B1 41 79 26 43 B4 B2 BC 26 75 0B 58 9C ", "has_acroform": false, "has_embedded_files": false, "is_XFA": false, "is_certified": false, "is_encrypted": false, "is_digitally_signed": false, "language": "en", "page_count": 5, "pdf_version": "1.6", "pdfa_compliance_level": "", "pdfua_compliance_level": ""}, "elements": [{"Bounds": [411.54200744628906, 824.0899963378906, 562.7279968261719, 844.7400054931641], "ClipBounds": [411.54200744628906, 827.27001953125, 559.5700073242188, 843.1699829101562], "Font": {"alt_family_name": "Arabic", "embedded": true, "encoding": "Identity-H", "family_name": "Adobe Arabic", "font_type": "CIDFontType0", "italic": false, "monospaced": false, "name": "NMLUXD+AdobeArabic-Bold", "subset": true, "weight": 700}, "HasClip": true, "Lang": "en", "ObjectID": 380, "Page": 0, "Path": "//Document/P", "Text": "This is the Pre-Published Version. ", "TextSize": 14.0, "attributes": {"LineHeight": 16.75, "SpaceAfter": 4.5, "TextAlign": "End"}}, {"Bounds": [7.2599945068359375, 789.8220062255859, 585.8159637451172, 826.8119964599609], "Font": {"alt_family_name": "Arial", "embedded": true, "encoding": "Identity-H", "family_name": "Arial MT", "font_type": "CIDFontType2", "italic": false, "monospaced": false, "name": "WHAGTL+ArialMT", "subset": true, "weight": 400}, "HasClip": false, "Lang": "en", "ObjectID": 381, "Page": 0, "Path": "//Document/P[2]", "Text": "This is the peer reviewed version of the following article: H. You, Z. Wu, L. Zhang, Y. Ying, Y. Liu, L. Fei, X. Chen, Y. Jia, Y. Wang, F. Wang, S. Ju, J. Qiao, C.-H. Lam, H. Huang, Harvesting the Vibration Energy of BiFeO3 Nanosheets for Hydrogen Evolution, Angew. Chem. Int. Ed. 2019, 58, 11779., which has been published in final form at https://doi.org/10.1002/anie.201906181. This article may be used for non-commercial purposes in accordance with Wiley Terms and Conditions for Use of Self-Archived Versions. This article may not be enhanced, enriched or otherwise transformed into a derivative work, without express permission from Wiley or by statutory rights under applicable legislation. Copyright notices must not be removed, obscured or modified. The article must be linked to Wiley\u2019s version of record on Wiley Online Library and any embedding, framing or otherwise making available the article or pages thereof by third parties from platforms, services and websites other than Wiley Online Library must be prohibited. ", "TextSize": 6.0, "attributes": {"LineHeight": 7.25, "SpaceAfter": -3.374979999999937}}, {"Bounds": [46.79469299316406, 733.5364837646484, 252.3000030517578, 764.6582336425781], "Font": {"alt_family_name": "Times New Roman PS", "embedded": true, "encoding": "WinAnsiEncoding", "family_name": "Times New Roman PS", "font_type": "TrueType", "italic": false, "monospaced": false, "name": "SDVUYY+TimesNewRomanPS-BoldMT", "subset": true, "weight": 700}, "HasClip": false, "Lang": "en", "ObjectID": 382, "Page": 0, "Path": "//Document/H1", "Text": "Harvesting the Vibration Energy of BiFeO3 Nanosheets for Hydrogen Evolution ", "TextSize": 11.039993286132812, "attributes": {"LineHeight": 15.875, "SpaceAfter": 7.5}}, {"Bounds": [46.79640197753906, 681.1710052490234, 293.6129150390625, 726.4416046142578], "Font": {"alt_family_name": "Times New Roman PSMT", "embedded": true, "encoding": "WinAnsiEncoding", "family_name": "Times New Roman PSMT", "font_type": "TrueType", "italic": false, "monospaced": false, "name": "POJHIE+TimesNewRomanPSMT", "subset": true, "weight": 400}, "HasClip": false, "Lang": "en", "ObjectID": 385, "Page": 0, "Path": "//Document/P[3]", "Text": "Huilin You[a],[b],[d], Zheng Wu[b],[d],*, Luohong Zhang[b], Yiran Ying[a], Yan Liu[a], Linfeng Fei[a], Xinxin Chen[a], , Yanmin Jia[c],[d],*, Yaojin Wang[e] Feifei Wang[f], Sheng Ju[g], Jinli Qiao[h], Chi-Hang Lam[a], and Haitao Huang[a],* ", "TextSize": 8.039993286132812, "attributes": {"LineHeight": 8.625}}, {"Bounds": [46.778778076171875, 433.60704040527344, 296.1452941894531, 674.611083984375], "Font": {"alt_family_name": "Times New Roman PSMT", "embedded": true, "encoding": "WinAnsiEncoding", "family_name": "Times New Roman PSMT", "font_type": "TrueType", "italic": false, "monospaced": false, "name": "POJHIE+TimesNewRomanPSMT", "subset": true, "weight": 400}, "HasClip": false, "Lang": "en", "ObjectID": 406, "Page": 0, "Path": "//Document/P[4]", "Text": "Abstract: Vibration is one of the most prevalent energy sources in natural environment. Here, in this study, mechanical vibration is used for hydrogen generation and decomposition of dye molecules, with the help of BiFeO3 (BFO) square nanosheets. A high hydrogen production rate of ~124.1 \u00b5mol/g is achieved under mechanical vibration (100 W) for 1h at the resonant frequency of the BFO nanosheets. The decomposition ratio of Rhodamine B dye is up to ~94.1% after mechanically vibrating the BFO catalyst for 50 min. The vibration induced catalysis of the BFO square nanosheets may be attributed to the piezo-catalytic properties of BFO and the high specific surface area of the nanosheets. The uncompensated piezoelectric charges on the surfaces of BFO nanosheets induced by mechanical vibration result in a built-in electric field across the nanosheets. Unlike a photocatalyst for water splitting, which requires a proper band edge position for hydrogen evolution, such a requirement is not needed in piezo-catalytic water splitting, where the band tilting under the induced piezoelectric field will make the conduction band of BFO more negative than the H2/H2O redox potential (0 V) for hydrogen generation. The observed piezo-catalytic properties of BFO nanosheets pave the way towards a non-toxic, highly efficient and sustainable technology for hydrogen generation or dye decomposition through harvesting waste vibration energy from the environment. ", "TextSize": 8.039993286132812, "attributes": {"LineHeight": 11.5, "SpaceAfter": 6, "TextAlign": "Justify"}}, {"Bounds": [46.7825927734375, 335.689697265625, 298.1903533935547, 426.9177551269531], "Font": {"alt_family_name": "Times New Roman PSMT", "embedded": true, "encoding": "WinAnsiEncoding", "family_name": "Times New Roman PSMT", "font_type": "TrueType", "italic": false, "monospaced": false, "name": "POJHIE+TimesNewRomanPSMT", "subset": true, "weight": 400}, "HasClip": false, "Lang": "en", "ObjectID": 412, "Page": 0, "Path": "//Document/P[5]", "Text": "Due to the limited fossil-fuels and their serious environmental impact, hydrogen energy has been recognized as an alternative form of clean energy in the future.[1] At present, direct water electrolysis is one of the promising methods for hydrogen production.[2] However, electrolysis has the disadvantage of large consumption of electricity.[2] Since the first report on photocatalytic splitting of water on titanium dioxide (TiO2) electrodes,[2a] photocatalysis, which can generate electrical charges under light illumination, has demonstrated wide-range applications in the generation of ", "TextSize": 8.039993286132812, "attributes": {"LineHeight": 11.5, "SpaceAfter": 18, "TextAlign": "Justify"}}, {"Bounds": [49.67999267578125, 271.6994323730469, 294.0256042480469, 308.1983947753906], "Font": {"alt_family_name": "Arial", "embedded": true, "encoding": "WinAnsiEncoding", "family_name": "Arial MT", "font_type": "TrueType", "italic": false, "monospaced": false, "name": "YCTEEM+ArialMT", "subset": true, "weight": 400}, "HasClip": false, "Lang": "en", "ObjectID": 419, "Page": 0, "Path": "//Document/Footnote", "Text": "[a] Huilin You, Yiran Ying, Yan Liu, Linfeng Fei, Xinxin Chen, Chi-Hang Lam and Haitao Huang* Department of Applied Physics and Materials Research Center, The Hong Kong Polytechnic University, Hong Kong SAR, China; ", "TextSize": 6.9600067138671875, "attributes": {"LineHeight": 9}}, {"Bounds": [49.68336486816406, 253.7008819580078, 295.11279296875, 272.2005615234375], "Font": {"alt_family_name": "Arial", "embedded": true, "encoding": "WinAnsiEncoding", "family_name": "Arial MT", "font_type": "TrueType", "italic": false, "monospaced": false, "name": "YCTEEM+ArialMT", "subset": true, "weight": 400}, "HasClip": false, "Lang": "en", "ObjectID": 420, "Page": 0, "Path": "//Document/Footnote[2]", "Text": "[b] Huilin You, Luohong Zhang and Zheng Wu* College of Environmental and Chemical Engineering, Xi\u2019an Polytechnic ", "TextSize": 6.9600067138671875, "attributes": {"LineHeight": 9}}, {"Bounds": [49.69032287597656, 235.7023162841797, 165.2537384033203, 254.20199584960938], "Font": {"alt_family_name": "Arial", "embedded": true, "encoding": "WinAnsiEncoding", "family_name": "Arial MT", "font_type": "TrueType", "italic": false, "monospaced": false, "name": "YCTEEM+ArialMT", "subset": true, "weight": 400}, "HasClip": false, "Lang": "en", "ObjectID": 421, "Page": 0, "Path": "//Document/Footnote[3]", "Text": "University, Xi\u2019an 710048, China; [c] Yanmin Jia* ", "TextSize": 6.9600067138671875, "attributes": {"LineHeight": 9}}, {"Bounds": [63.13703918457031, 217.70376586914062, 287.69688415527344, 236.2034454345703], "Font": {"alt_family_name": "Arial", "embedded": true, "encoding": "WinAnsiEncoding", "family_name": "Arial MT", "font_type": "TrueType", "italic": false, "monospaced": false, "name": "YCTEEM+ArialMT", "subset": true, "weight": 400}, "HasClip": false, "Lang": "en", "ObjectID": 422, "Page": 0, "Path": "//Document/Footnote[4]", "Text": "School of Science, Xi\u2019an University of Posts and Communications, Xi\u2019an 710121, China; ", "TextSize": 6.9600067138671875, "attributes": {"LineHeight": 9}}, {"Bounds": [49.69032287597656, 199.7052001953125, 280.3693084716797, 218.2048797607422], "Font": {"alt_family_name": "Arial", "embedded": true, "encoding": "WinAnsiEncoding", "family_name": "Arial MT", "font_type": "TrueType", "italic": false, "monospaced": false, "name": "YCTEEM+ArialMT", "subset": true, "weight": 400}, "HasClip": false, "Lang": "en", "ObjectID": 423, "Page": 0, "Path": "//Document/Footnote[5]", "Text": "[d] Huilin You, Zheng Wu* and Yanmin Jia* College of Geography and Environmental Science and Department of ", "TextSize": 6.9600067138671875, "attributes": {"LineHeight": 9}}, {"Bounds": [49.69728088378906, 181.70663452148438, 253.59341430664062, 200.20631408691406], "Font": {"alt_family_name": "Arial", "embedded": true, "encoding": "WinAnsiEncoding", "family_name": "Arial MT", "font_type": "TrueType", "italic": false, "monospaced": false, "name": "YCTEEM+ArialMT", "subset": true, "weight": 400}, "HasClip": false, "Lang": "en", "ObjectID": 424, "Page": 0, "Path": "//Document/Footnote[6]", "Text": "Physics, Zhejiang Normal University, Jinhua, 321004, China; [e] Yaojin Wang ", "TextSize": 6.9600067138671875, "attributes": {"LineHeight": 9}}, {"Bounds": [63.86088562011719, 163.7080841064453, 273.17340087890625, 182.207763671875], "Font": {"alt_family_name": "Arial", "embedded": true, "encoding": "WinAnsiEncoding", "family_name": "Arial MT", "font_type": "TrueType", "italic": false, "monospaced": false, "name": "YCTEEM+ArialMT", "subset": true, "weight": 400}, "HasClip": false, "Lang": "en", "ObjectID": 425, "Page": 0, "Path": "//Document/Footnote[7]", "Text": "School of Materials Science and Engineering, Nanjing University of Science and Technology, Nanjing 210094, China; ", "TextSize": 6.9600067138671875, "attributes": {"LineHeight": 9}}, {"Bounds": [49.69728088378906, 136.71023559570312, 289.46539306640625, 164.20919799804688], "Font": {"alt_family_name": "Arial", "embedded": true, "encoding": "WinAnsiEncoding", "family_name": "Arial MT", "font_type": "TrueType", "italic": false, "monospaced": false, "name": "YCTEEM+ArialMT", "subset": true, "weight": 400}, "HasClip": false, "Lang": "en", "ObjectID": 426, "Page": 0, "Path": "//Document/Footnote[8]", "Text": "[f] Feifei Wang Department of Physics, Shanghai Normal University, Shanghai, 200235, China; ", "TextSize": 6.9600067138671875, "attributes": {"LineHeight": 9}}, {"Bounds": [49.70423889160156, 109.71240234375, 285.58099365234375, 137.21136474609375], "Font": {"alt_family_name": "Arial", "embedded": true, "encoding": "WinAnsiEncoding", "family_name": "Arial MT", "font_type": "TrueType", "italic": false, "monospaced": false, "name": "YCTEEM+ArialMT", "subset": true, "weight": 400}, "HasClip": false, "Lang": "en", "ObjectID": 427, "Page": 0, "Path": "//Document/Footnote[9]", "Text": "[g] Sheng Ju College of Physics, Optoelectronics and Energy and Jiangsu Key Laboratory of Thin Films, Soochow University, Suzhou, 215006, China; ", "TextSize": 6.9600067138671875, "attributes": {"LineHeight": 9}}, {"Bounds": [49.70423889160156, 73.71528625488281, 292.92926025390625, 110.21351623535156], "Font": {"alt_family_name": "Arial", "embedded": true, "encoding": "WinAnsiEncoding", "family_name": "Arial MT", "font_type": "TrueType", "italic": false, "monospaced": false, "name": "YCTEEM+ArialMT", "subset": true, "weight": 400}, "HasClip": false, "Lang": "en", "ObjectID": 428, "Page": 0, "Path": "//Document/Footnote[10]", "Text": "[h] Jinli Qiao College of Environmental Science and Engineering, State Key Laboratory for Modification of Chemical Fibers and Polymer Materials, Donghua University, Shanghai, 201620, China. ", "TextSize": 6.9600067138671875, "attributes": {"LineHeight": 9}}, {"Bounds": [63.839996337890625, 57.504486083984375, 293.7085418701172, 74.91839599609375], "Font": {"alt_family_name": "Times New Roman PS", "embedded": true, "encoding": "WinAnsiEncoding", "family_name": "Times New Roman PS", "font_type": "TrueType", "italic": true, "monospaced": false, "name": "DEIIWC+TimesNewRomanPS-ItalicMT", "subset": true, "weight": 400}, "HasClip": false, "Lang": "en", "ObjectID": 429, "Page": 0, "Path": "//Document/Footnote[11]", "Text": "*E-Mail: wuzheng@zjnu.edu.cn (Z. Wu), ymjia@zjnu.edu.cn (Y. Jia) and aphhuang@polyu.edu.hk (H. Huang). ", "TextSize": 6.9600067138671875, "attributes": {"LineHeight": 8, "SpaceAfter": 5.75}}, {"Bounds": [71.75999450683594, 33.61871337890625, 283.2162628173828, 52.11839294433594], "Font": {"alt_family_name": "Arial", "embedded": true, "encoding": "WinAnsiEncoding", "family_name": "Arial MT", "font_type": "TrueType", "italic": false, "monospaced": false, "name": "YCTEEM+ArialMT", "subset": true, "weight": 400}, "HasClip": false, "Lang": "en", "ObjectID": 430, "Page": 0, "Path": "//Document/P[6]", "Text": "Supporting information for this article is given via a link at the end of the document. ", "TextSize": 6.9600067138671875, "attributes": {"LineHeight": 9}}, {"Bounds": [315.47613525390625, 713.2090759277344, 552.4528961181641, 770.1230621337891], "Font": {"alt_family_name": "Times New Roman PSMT", "embedded": true, "encoding": "WinAnsiEncoding", "family_name": "Times New Roman PSMT", "font_type": "TrueType", "italic": false, "monospaced": false, "name": "POJHIE+TimesNewRomanPSMT", "subset": true, "weight": 400}, "HasClip": false, "Lang": "en", "ObjectID": 431, "Page": 0, "Path": "//Document/P[7]", "Text": "hydrogen fuels and waste water treatment.[1a,1b,2c] TiO2 quickly becomes one of the most popular materials in solar energy harvesting due to its easy synthesis and low cost.[1a,1b,2a] However, TiO2 possesses a large bandgap around 3.2 eV and can only absorb ultraviolet light, leading to low efficiency in the utilization of visible solar spectrum.[3] ", "TextSize": 5.0399932861328125, "attributes": {"LineHeight": 11.5, "TextAlign": "Justify"}}, {"Bounds": [315.4747009277344, 529.0104064941406, 554.6340637207031, 712.5202789306641], "Font": {"alt_family_name": "Times New Roman PSMT", "embedded": true, "encoding": "WinAnsiEncoding", "family_name": "Times New Roman PSMT", "font_type": "TrueType", "italic": false, "monospaced": false, "name": "POJHIE+TimesNewRomanPSMT", "subset": true, "weight": 400}, "HasClip": false, "Lang": "en", "ObjectID": 437, "Page": 0, "Path": "//Document/P[8]", "Text": "One approach to increase the solar energy harvesting efficiency is to develop new photocatalytic materials with a bandgap in the visible range.[4] Bismuth ferrite (BiFeO3) is an interesting ferroelectric material for hydrogen generation through photocatalytic water splitting due to its narrow band-gap (\u223c2.2eV) and good chemical stability.[5] The narrow band gap of BiFeO3 allows a large absorption of visible light up to 750 nm, which makes itself an attractive photocatalyst under visible light[6]. For instance, Gao et al. used BiFeO3 nanoparticles to decompose methyl orange dye under visible light irradiation.[6] Cho et al. applied BiFeO3 nanopowders for the visible light photocatalytic decomposition of Rhodamine B (RhB) dye in water.[7] However, photocatalytic hydrogen generation cannot be achieved by using pure BiFeO3 since its conduction band edge is around 0.33 eV, which is more positive than the H2/H2O redox couple potential.[8] The coating of BiFeO3 nanoparticles with a thin layer of SrTiO3 may enable the H2 evolution under visible light.[8a] ", "TextSize": 5.0399932861328125, "attributes": {"LineHeight": 11.5, "TextAlign": "Justify"}}, {"Bounds": [315.46942138671875, 368.05271911621094, 554.4241943359375, 528.3215942382812], "Font": {"alt_family_name": "Times New Roman PSMT", "embedded": true, "encoding": "WinAnsiEncoding", "family_name": "Times New Roman PSMT", "font_type": "TrueType", "italic": false, "monospaced": false, "name": "POJHIE+TimesNewRomanPSMT", "subset": true, "weight": 400}, "HasClip": false, "Lang": "en", "ObjectID": 460, "Page": 0, "Path": "//Document/P[9]", "Text": "It is noted that BiFeO3 is also ferroelectric and piezoelectric with a large spontaneous polarization in excess of 100 \u03bcC\u00b7cm-2 and a piezoelectric coefficient (d33) of ~100 pm/V.[9] It can convert mechanical energy into electric one through the piezoelectric effect.[10] Similar to photocatalysis, where the photo-induced electric charges (electron\u2013hole pairs in photocatalysis) participate in the catalytic redox reactions, in principle, piezoelectric charges (positive and negative ones) induced by mechanical vibrations can also be used to drive catalytic redox reactions, which can be named as piezo-catalysis.[11,12] Although photocatlytic hydrogen evolution is not possible for BiFeO3 due to its more positive conduction band edge than the redox potential for hydrogen evolution reaction (HER), we demonstrate in this work that, large enough piezoelectric field may induce a tilting of the conduction band that makes the HER energetically favorable in BiFeO3 nanoparticles. ", "TextSize": 8.039993286132812, "attributes": {"LineHeight": 11.5, "TextAlign": "Justify"}}, {"Bounds": [315.4532775878906, 276.05039978027344, 552.5002136230469, 367.40028381347656], "Font": {"alt_family_name": "Times New Roman PSMT", "embedded": true, "encoding": "WinAnsiEncoding", "family_name": "Times New Roman PSMT", "font_type": "TrueType", "italic": false, "monospaced": false, "name": "POJHIE+TimesNewRomanPSMT", "subset": true, "weight": 400}, "HasClip": false, "Lang": "en", "ObjectID": 473, "Page": 0, "Path": "//Document/P[10]", "Text": "Generally, the catalytic performance of a catalyst depends strongly on its surface area and available catalytically active sites.[13] Small size and large surface area of nanoparticles are beneficial to the quick charge transfer between the catalyst and the redox couples to achieve high catalytic activity.[13] Our previous work showed that NaNbO3 nanosheets possess higher pyro-catalytic activity than NaNbO3 nanoparticles.[14] Therefore, in this study, BiFeO3 nanosheets were synthesized to achieve high catalytic activity. ", "TextSize": 8.039993286132812, "attributes": {"LineHeight": 11.5, "TextAlign": "Justify"}}, {"Bounds": [315.4786071777344, 207.01272583007812, 551.3928070068359, 275.3589630126953], "Font": {"alt_family_name": "Times New Roman PSMT", "embedded": true, "encoding": "WinAnsiEncoding", "family_name": "Times New Roman PSMT", "font_type": "TrueType", "italic": false, "monospaced": false, "name": "POJHIE+TimesNewRomanPSMT", "subset": true, "weight": 400}, "HasClip": false, "Lang": "en", "ObjectID": 482, "Page": 0, "Path": "//Document/P[11]", "Text": "Herein, under mechanical vibration, strong piezo-catalytic hydrogen evolution and dye decomposition are observed with the help of hydrothermally synthesized BiFeO3 nanosheets. Under a mechanical vibration excitation (100 W) for 1h, a hydrogen production rate of about 124.1 \u00b5mol/g is achieved. The decomposition ratio of RhB dye can be up to ~94.1% after vibrating BiFeO3 catalyst for 50 min. ", "TextSize": 8.039993286132812, "attributes": {"LineHeight": 11.5, "SpaceAfter": 6.375, "TextAlign": "Justify"}}, {"Bounds": [347.0499572753906, 65.62028503417969, 516.9497833251953, 205.420166015625], "ObjectID": 487, "Page": 0, "Path": "//Document/Figure", "alternate_text": "C:\\Users\\Administrator\\Desktop\\BFO 20181228\\Figure 1.tifFigure 1", "attributes": {"BBox": [347.025999999998, 65.67159999999785, 516.9389999999839, 205.46599999999307], "Placement": "Block"}}, {"Bounds": [46.788726806640625, 736.2490844726562, 292.7981872558594, 770.1215972900391], "Font": {"alt_family_name": "Times New Roman PSMT", "embedded": true, "encoding": "WinAnsiEncoding", "family_name": "Times New Roman PSMT", "font_type": "TrueType", "italic": false, "monospaced": false, "name": "POJHIE+TimesNewRomanPSMT", "subset": true, "weight": 400}, "HasClip": false, "Lang": "en", "ObjectID": 488, "Page": 1, "Path": "//Document/P[12]", "Text": "Figure 1 Structural characterizations of the BiFeO3. (a) XRD patterns. (b) EDS spectrum. (c) Fe 2p core level XPS spectrum. (d) Bi 4f core level XPS spectrum. ", "TextSize": 8.039993286132812, "attributes": {"LineHeight": 11.5, "SpaceAfter": 6, "TextAlign": "Justify"}}, {"Bounds": [46.78761291503906, 534.7704010009766, 297.3420104980469, 729.5597991943359], "Font": {"alt_family_name": "Times New Roman PSMT", "embedded": true, "encoding": "WinAnsiEncoding", "family_name": "Times New Roman PSMT", "font_type": "TrueType", "italic": false, "monospaced": false, "name": "POJHIE+TimesNewRomanPSMT", "subset": true, "weight": 400}, "HasClip": false, "Lang": "en", "ObjectID": 491, "Page": 1, "Path": "//Document/P[13]", "Text": "The XRD patterns are shown in Figure 1a. All the diffraction peaks can be assigned to a pure rhombohedral phase of BiFeO3 with a space group of R3c and a point group 3m (JCPDS Card no. 86-1518). In Figure 1b, the energy dispersive X-ray spectroscopy (EDS) shows the existence of Bi (8.27%), Fe (7.37%), O (67.74%), Al (15.40%) and Au (1.25%), where Al and Au come from the sample holder and the sputtered Au coating on the powder sample, respectively. XPS was used to investigate the oxidation states of the Bi and Fe elements in BiFeO3. Figure 1c is the high resolution XPS spectrum of Fe 2p, showing the binding energy of 711.02 eV for Fe 2p3/2 and 725.27 eV for Fe 2p1/2 with a spin orbit splitting of 14.25 eV, which were characteristic for Fe3+ .[15] The high resolution XPS spectrum of Bi 4f (Figure 1d) shows two peaks around 159.22 and 164.47 eV, corresponding to Bi 4f7/2 and Bi 4f5/2 of the Bi3+ state, respectively.[16] Figure S1a is a schematic diagram displaying the circuit for the P-E hysteresis loop measurement. A well-developed P-E loop can be observed in Figure S1b, indicating the ferroelectric nature of BiFeO3. The saturation polarization is achieved at an applied electric field of 5.0 kV\u00b7mm-1 . ", "TextSize": 8.039993286132812, "attributes": {"LineHeight": 11.5, "SpaceAfter": 6.25, "TextAlign": "Justify"}}, {"Bounds": [53.29998779296875, 321.9701232910156, 284.1499328613281, 533.1700439453125], "ClipBounds": [53.29998779296875, 321.9701232910156, 284.1499328613281, 533.1700439453125], "ObjectID": 508, "Page": 1, "Path": "//Document/Figure[2]", "attributes": {"BBox": [53.27779999999984, 321.98099999999977, 284.1479999999865, 533.1729999999807], "Placement": "Block"}}, {"Bounds": [46.758697509765625, 275.20835876464844, 293.0438537597656, 320.4815979003906], "Font": {"alt_family_name": "Times New Roman PSMT", "embedded": true, "encoding": "WinAnsiEncoding", "family_name": "Times New Roman PSMT", "font_type": "TrueType", "italic": false, "monospaced": false, "name": "POJHIE+TimesNewRomanPSMT", "subset": true, "weight": 400}, "HasClip": false, "Lang": "en", "ObjectID": 509, "Page": 1, "Path": "//Document/P[14]", "Text": "Figure 2 Morphology characterizations of the BiFeO3 nanosheets. (a) SEM image. (b) TEM bright-field image with electron diffraction pattern as inset. (c) High resolution TEM image. (d) Scanning TEM image together with the corresponding elemental mapping. ", "TextSize": 8.039993286132812, "attributes": {"LineHeight": 11.5, "SpaceAfter": 6, "TextAlign": "Justify"}}, {"Bounds": [46.758697509765625, 131.20907592773438, 295.0446319580078, 268.5190734863281], "Font": {"alt_family_name": "Times New Roman PSMT", "embedded": true, "encoding": "WinAnsiEncoding", "family_name": "Times New Roman PSMT", "font_type": "TrueType", "italic": false, "monospaced": false, "name": "POJHIE+TimesNewRomanPSMT", "subset": true, "weight": 400}, "HasClip": false, "Lang": "en", "ObjectID": 512, "Page": 1, "Path": "//Document/P[15]", "Text": "The SEM and TEM micrographs are shown in Figure 2a and 2b, respectively. The as-prepared BiFeO3 catalyst possesses a morphology of square nanosheet with an average size of ~380 nm. Size distribution of the BiFeO3 nanosheets is shown in Figure S2. The selected area electron diffraction pattern (SAED) is shown in the inset of Figure 2b, indicating the normal direction of BiFeO3 nanosheet being along [001]pc (The subscript \u201cpc\u201d refers to a \u201cpseudo-cubic\u201d structure adopted here for easy indexing). The high resolution TEM image (Figure 2c) of the nanosheet shows two characteristic lattice spacings, both around 0.395 nm, which agree well the d-spacings of the (100)pc and (010)pc planes of BiFeO3. Furthermore, the scanning TEM image and the associated elemental mappings of Bi, Fe and O (Figure 2d) show uniform distributions of these elements. ", "TextSize": 8.039993286132812, "attributes": {"LineHeight": 11.5, "SpaceAfter": 18, "TextAlign": "Justify"}}, {"Bounds": [332.74993896484375, 604.820068359375, 531.2498779296875, 769.3200073242188], "ObjectID": 524, "Page": 1, "Path": "//Document/Figure[3]", "alternate_text": "Figure 3", "attributes": {"BBox": [332.7459999999992, 604.8099999999977, 531.2179999999935, 769.3229999999749], "Placement": "Block"}}, {"Bounds": [315.47425842285156, 580.8504028320312, 550.6811828613281, 603.2015991210938], "Font": {"alt_family_name": "Times New Roman PSMT", "embedded": true, "encoding": "WinAnsiEncoding", "family_name": "Times New Roman PSMT", "font_type": "TrueType", "italic": false, "monospaced": false, "name": "POJHIE+TimesNewRomanPSMT", "subset": true, "weight": 400}, "HasClip": false, "Lang": "en", "ObjectID": 525, "Page": 1, "Path": "//Document/P[16]", "Text": "Figure 3 PFM of BiFeO3 nanosheets. (a) Morphology image. (b) Amplitude image. (c) Phase image. (d) Hysteresis loop. ", "TextSize": 8.039993286132812, "attributes": {"LineHeight": 11.5, "SpaceAfter": 6}}, {"Bounds": [315.46815490722656, 424.61041259765625, 555.9706878662109, 574.1616058349609], "Font": {"alt_family_name": "Times New Roman PSMT", "embedded": true, "encoding": "WinAnsiEncoding", "family_name": "Times New Roman PSMT", "font_type": "TrueType", "italic": false, "monospaced": false, "name": "POJHIE+TimesNewRomanPSMT", "subset": true, "weight": 400}, "HasClip": false, "Lang": "en", "ObjectID": 528, "Page": 1, "Path": "//Document/P[17]", "Text": "The piezoelectric property of BiFeO3 nanosheets was characterized by a piezoresponse force microscope (PFM), using dual alternating current resonance tracking (DART) modes in order to expel the displacement contribution from electrostatic interaction and topographical crosstalk in mapping the local electromechanical properties. The topographic, vertical piezoresponse amplitude, and phase images of the BiFeO3 nanosheets are shown in Figure 3a-3c, respectively. The BiFeO3 nanosheets can be clearly detected in the topographic image with clear contrasts in the amplitude and phase images. A localized hysteresis loop is observed (Figure 3d), where the phase angle changes by 160\u00b0 under the reversal of 90 V direct current (DC) bias field, confirming the piezoelectricity of the BiFeO3 nanosheets. ", "TextSize": 8.039993286132812, "attributes": {"LineHeight": 11.625, "SpaceAfter": 6.125, "TextAlign": "Justify"}}, {"Bounds": [315.5999450683594, 190.42018127441406, 548.2998809814453, 423.1201171875], "ClipBounds": [315.5999450683594, 190.42018127441406, 548.2998809814453, 423.1201171875], "ObjectID": 537, "Page": 1, "Path": "//Document/Figure[4]", "attributes": {"BBox": [315.58699999999953, 190.46599999999307, 548.2579999999725, 423.1369999999879], "Placement": "Block"}}, {"Bounds": [315.45623779296875, 109.12571716308594, 553.3893280029297, 188.96060180664062], "Font": {"alt_family_name": "Times New Roman PSMT", "embedded": true, "encoding": "WinAnsiEncoding", "family_name": "Times New Roman PSMT", "font_type": "TrueType", "italic": false, "monospaced": false, "name": "POJHIE+TimesNewRomanPSMT", "subset": true, "weight": 400}, "HasClip": false, "Lang": "en", "ObjectID": 538, "Page": 1, "Path": "//Document/P[18]", "Text": "Figure 4 Schematic illustration of the piezo-catalysis mechanism and tilting of energy bands. (a) Atomic structure of BiFeO3. (b) The generation of piezoelectric surface charges under mechanical vibration and the participation of piezo-catalytic hydrogen evolution reaction. (c) Energy band diagram without mechanical vibration. (d) Tilting of energy bands under the strong piezoelectric field induced by mechanical vibration and the accompanied redox reactions. ", "TextSize": 8.039993286132812, "attributes": {"LineHeight": 11.5, "SpaceAfter": 6, "TextAlign": "Justify"}}, {"Bounds": [315.4642791748047, 68.69039916992188, 554.04931640625, 102.43644714355469], "Font": {"alt_family_name": "Times New Roman PSMT", "embedded": true, "encoding": "WinAnsiEncoding", "family_name": "Times New Roman PSMT", "font_type": "TrueType", "italic": false, "monospaced": false, "name": "POJHIE+TimesNewRomanPSMT", "subset": true, "weight": 400}, "HasClip": false, "ObjectID": 542, "Page": 1, "Path": "//Document/P[19]/ParagraphSpan", "Text": "The basic principle of piezo-catalysis is shown in Figure 4a-b. BiFeO3 nanosheet with a rhombohedral phase is piezoelectric due to the non-central symmetry of its 3m point group. When subjected to ", "TextSize": 8.039993286132812}, {"Bounds": [46.79939270019531, 540.7704010009766, 297.24725341796875, 770.1215972900391], "Font": {"alt_family_name": "Times New Roman PSMT", "embedded": true, "encoding": "WinAnsiEncoding", "family_name": "Times New Roman PSMT", "font_type": "TrueType", "italic": false, "monospaced": false, "name": "POJHIE+TimesNewRomanPSMT", "subset": true, "weight": 400}, "HasClip": false, "ObjectID": 545, "Page": 2, "Path": "//Document/P[19]/ParagraphSpan[2]", "Text": "mechanical vibration, the thin BiFeO3 nanosheet will easily bend. Due to the piezoelectric effect, lots of positive and negative charges will be generated on the catalyst\u2019s surface. The negative electric charges (q-) generated on the BiFeO3 nanosheets\u2019 surfaces will effectively attract the dissociated hydrogen ions in the water to produce H2. Meanwhile, the positive charges (q+) accumulated on the other side of the BiFeO3 nanosheets will be consumed by the sacrificial agents (SO3 2-).[17] It should be mentioned that the bandgap of our synthesized BiFeO3 is about 2.27 eV and the flat band potential is 0.32 V vs. RHE, as shown in Figure S3. As shown in Figure 4c, the holes generated on the top of valence band (VB) are often energetically favorable for the oxidation of various organic pollutants.[6,7] However, the electrons generated on the bottom of conduction band (CB) is not energetically favorable for hydrogen evolution reaction (HER). Photo-catalytic hydrogen production experiment was conducted to verify that photocatalytic hydrogen generation cannot be achieved by using the synthesized BiFeO3 nanosheets (Figure S4). We show here that the piezoelectric induced internal electric field can tilt the CB and enable the catalytic HER. Under the mechanical deformation of piezoelectric BiFeO3 nanosheets, the open-circuit voltage (Vp) created across the two surfaces of a nanosheet can be calculated as: [12] ", "TextSize": 5.0399932861328125}, {"Bounds": [141.3976287841797, 516.9667358398438, 192.88662719726562, 539.3677215576172], "ClipBounds": [141.3976287841797, 516.9667358398438, 192.88662719726562, 539.3677215576172], "ObjectID": 568, "Page": 2, "Path": "//Document/Figure[5]", "attributes": {"BBox": [141.35399999999936, 518.4129999999714, 193.07199999999284, 537.4919999999984], "Placement": "Block"}}, {"Bounds": [141.3976287841797, 516.9667358398438, 192.88662719726562, 539.3677215576172], "ClipBounds": [141.3976287841797, 516.9667358398438, 192.88662719726562, 539.3677215576172], "Font": {"alt_family_name": "Times New Roman PS", "embedded": true, "encoding": "WinAnsiEncoding", "family_name": "Times New Roman PS", "font_type": "TrueType", "italic": true, "monospaced": false, "name": "DEIIWC+TimesNewRomanPS-ItalicMT", "subset": true, "weight": 400}, "HasClip": true, "ObjectID": 568, "Page": 2, "Path": "//Document/Figure[5]", "Text": "r p dTw V \u03b5\u03b5\u22c5 \u22c5\u22c5= 0 3333 ", "TextSize": 4.5099945068359375, "attributes": {"BBox": [141.35399999999936, 518.4129999999714, 193.07199999999284, 537.4919999999984], "Placement": "Block"}}, {"Bounds": [194.16000366210938, 529.2517242431641, 292.7440185546875, 540.0816040039062], "Font": {"alt_family_name": "Times New Roman PSMT", "embedded": true, "encoding": "WinAnsiEncoding", "family_name": "Times New Roman PSMT", "font_type": "TrueType", "italic": false, "monospaced": false, "name": "POJHIE+TimesNewRomanPSMT", "subset": true, "weight": 400}, "HasClip": false, "Lang": "en", "ObjectID": 569, "Page": 2, "Path": "//Document/P[20]", "Text": "                                        (1) ", "TextSize": 8.039993286132812, "attributes": {"LineHeight": 9.625, "SpaceAfter": 13.25, "TextAlign": "Center"}}, {"Bounds": [46.79005432128906, 341.9290771484375, 296.0947265625, 515.2415924072266], "Font": {"alt_family_name": "Times New Roman PSMT", "embedded": true, "encoding": "WinAnsiEncoding", "family_name": "Times New Roman PSMT", "font_type": "TrueType", "italic": false, "monospaced": false, "name": "POJHIE+TimesNewRomanPSMT", "subset": true, "weight": 400}, "HasClip": false, "Lang": "en", "ObjectID": 570, "Page": 2, "Path": "//Document/P[21]", "Text": "where T3 is the applied stress in the normal direction of the nanosheet, d33 is the piezoelectric moduli, \u03b50 is the vacuum permittivity, \u03b5r is the relative permittivity in the normal direction and w3 is the thickness of the piezoelectric nanosheet. The applied stress T3, d33, \u03b5r of the BiFeO3 nanosheets in the current study are estimated to be about 1.01\u00d7105 kPa, 100 pm/V, and 26, respectively. [9a,9b,18,19] The thickness of the piezoelectric nanosheet is characterized to be 20 nm according to Atomic force microscopy (AFM) image in Figure S5. The calculated open-circuit voltage across the BiFeO3 nanosheet is about 0.88 V. Based on a rough estimation, the tilting of CB results in the band edge to be lifted up at the negatively charged side, slightly more negative than the H2/H2O redox potential (0 V) for HER. Thus, the piezo-catalytic hydrogen generation of water can be realized on pure BiFeO3 material. Equation (1) further implies that the piezo-catalysis can be easily tuned by variation of nanoparticle geometry and materials properties. ", "TextSize": 8.039993286132812, "attributes": {"LineHeight": 11.625, "SpaceAfter": 12.25, "TextAlign": "Justify"}}, {"Bounds": [98.89997863769531, 81.12017822265625, 254.39991760253906, 334.3200988769531], "ObjectID": 590, "Page": 2, "Path": "//Document/Figure[6]", "alternate_text": "C:\\Users\\Administrator\\Desktop\\BFO 20181228\\Figure 5.tifFigure 5", "attributes": {"BBox": [98.87599999999657, 81.15089999999691, 254.38999999999942, 334.3409999999858], "Placement": "Block"}}, {"Bounds": [315.4701232910156, 736.2503967285156, 554.5139312744141, 770.1239013671875], "Font": {"alt_family_name": "Times New Roman PSMT", "embedded": true, "encoding": "WinAnsiEncoding", "family_name": "Times New Roman PSMT", "font_type": "TrueType", "italic": false, "monospaced": false, "name": "POJHIE+TimesNewRomanPSMT", "subset": true, "weight": 400}, "HasClip": false, "Lang": "en", "ObjectID": 591, "Page": 2, "Path": "//Document/P[22]", "Text": "Figure 5 The piezo-catalytic hydrogen production from water splitting under vibration by BiFeO3 nanosheets (a) at different vibration frequencies; (b) with different mechanical power. ", "TextSize": 8.039993286132812, "attributes": {"LineHeight": 11.5, "SpaceAfter": 6, "TextAlign": "Justify"}}, {"Bounds": [315.45404052734375, 661.2503967285156, 552.7571563720703, 729.5611267089844], "Font": {"alt_family_name": "Times New Roman PSMT", "embedded": true, "encoding": "WinAnsiEncoding", "family_name": "Times New Roman PSMT", "font_type": "TrueType", "italic": false, "monospaced": false, "name": "POJHIE+TimesNewRomanPSMT", "subset": true, "weight": 400}, "HasClip": false, "Lang": "en", "ObjectID": 594, "Page": 2, "Path": "//Document/P[23]", "Text": "Figure 5a shows the piezo-catalytic hydrogen generation result, where the total hydrogen production per gram of catalyst under the vibration power of 100 W for 1 hour is up to 20.4, 124.1, and 8.3 \u03bcmol at the frequency of 28, 45, and 100 kHz, respectively. The 1st-order resonance frequency (f r ) of BiFeO3 square nanosheet can be estimated by the following equation,[20] ", "TextSize": 5.0399932861328125, "attributes": {"LineHeight": 11.5, "SpaceAfter": 11, "TextAlign": "Justify"}}, {"Bounds": [402.6020965576172, 638.0903015136719, 459.7261505126953, 655.3493804931641], "ClipBounds": [402.6020965576172, 638.0903015136719, 459.55999755859375, 655.3493804931641], "ObjectID": 598, "Page": 2, "Path": "//Document/Figure[7]", "attributes": {"BBox": [402.583999999988, 638.167999999976, 458.1409999999887, 654.9679999999935], "Placement": "Block"}}, {"Bounds": [402.6020965576172, 638.0903015136719, 459.7261505126953, 655.3493804931641], "ClipBounds": [402.6020965576172, 638.0903015136719, 459.55999755859375, 655.3493804931641], "Font": {"alt_family_name": "Times New Roman PSMT", "embedded": true, "encoding": "WinAnsiEncoding", "family_name": "Times New Roman PSMT", "font_type": "TrueType", "italic": false, "monospaced": false, "name": "POJHIE+TimesNewRomanPSMT", "subset": true, "weight": 400}, "HasClip": true, "ObjectID": 598, "Page": 2, "Path": "//Document/Figure[7]", "Text": "2 2 1 1 2 r D f L W \u03c0\u03c1 \uf8ee \uf8f9= +\uf8ef\uf8fa\uf8f0 \uf8fb ", "TextSize": 3.581207275390625, "attributes": {"BBox": [402.583999999988, 638.167999999976, 458.1409999999887, 654.9679999999935], "Placement": "Block"}}, {"Bounds": [539.4018249511719, 649.8517150878906, 550.3602142333984, 660.6815948486328], "Font": {"alt_family_name": "Times New Roman PSMT", "embedded": true, "encoding": "WinAnsiEncoding", "family_name": "Times New Roman PSMT", "font_type": "TrueType", "italic": false, "monospaced": false, "name": "POJHIE+TimesNewRomanPSMT", "subset": true, "weight": 400}, "HasClip": false, "Lang": "en", "ObjectID": 599, "Page": 2, "Path": "//Document/P[24]", "Text": "(2) ", "TextSize": 8.039993286132812, "attributes": {"LineHeight": 9.625, "SpaceAfter": 13.5, "TextAlign": "End"}}, {"Bounds": [315.47174072265625, 612.7691955566406, 550.9367980957031, 635.3636474609375], "Font": {"alt_family_name": "Times New Roman PSMT", "embedded": true, "encoding": "WinAnsiEncoding", "family_name": "Times New Roman PSMT", "font_type": "TrueType", "italic": false, "monospaced": false, "name": "POJHIE+TimesNewRomanPSMT", "subset": true, "weight": 400}, "HasClip": false, "Lang": "en", "ObjectID": 600, "Page": 2, "Path": "//Document/P[25]", "Text": "where L, W, \u03c1, and D are the length, width, density, and bending rigidity of the nanosheet, respectively. The bending rigidity D is defined as, ", "TextSize": 8.039993286132812, "attributes": {"LineHeight": 11.75, "SpaceAfter": 8}}, {"Bounds": [408.0429229736328, 588.7797088623047, 451.99432373046875, 610.6963043212891], "ClipBounds": [408.0429229736328, 588.7797088623047, 451.99432373046875, 610.6963043212891], "ObjectID": 601, "Page": 2, "Path": "//Document/Figure[8]", "alternate_text": "P28#yIS1", "attributes": {"BBox": [407.9829999999929, 588.8499999999767, 452.14199999999255, 609.4889999999723], "Placement": "Block"}}, {"Bounds": [408.0429229736328, 588.7797088623047, 451.99432373046875, 610.6963043212891], "ClipBounds": [408.0429229736328, 588.7797088623047, 451.99432373046875, 610.6963043212891], "Font": {"alt_family_name": "Times New Roman PSMT", "embedded": true, "encoding": "WinAnsiEncoding", "family_name": "Times New Roman PSMT", "font_type": "TrueType", "italic": false, "monospaced": false, "name": "POJHIE+TimesNewRomanPSMT", "subset": true, "weight": 400}, "HasClip": true, "ObjectID": 601, "Page": 2, "Path": "//Document/Figure[8]", "Text": ")1(122 3 vhE D\u2212 \u22c5 = ", "TextSize": 7.90289306640625, "alternate_text": "P28#yIS1", "attributes": {"BBox": [407.9829999999929, 588.8499999999767, 452.14199999999255, 609.4889999999723], "Placement": "Block"}}, {"Bounds": [539.3032379150391, 599.8117218017578, 550.6234283447266, 610.6416015625], "Font": {"alt_family_name": "Times New Roman PSMT", "embedded": true, "encoding": "WinAnsiEncoding", "family_name": "Times New Roman PSMT", "font_type": "TrueType", "italic": false, "monospaced": false, "name": "POJHIE+TimesNewRomanPSMT", "subset": true, "weight": 400}, "HasClip": false, "Lang": "en", "ObjectID": 602, "Page": 2, "Path": "//Document/P[26]", "Text": "(3) ", "TextSize": 8.039993286132812, "attributes": {"LineHeight": 9.625, "SpaceAfter": 12.375, "TextAlign": "End"}}, {"Bounds": [315.4696350097656, 495.40704345703125, 552.0157165527344, 586.7628021240234], "Font": {"alt_family_name": "Times New Roman PSMT", "embedded": true, "encoding": "WinAnsiEncoding", "family_name": "Times New Roman PSMT", "font_type": "TrueType", "italic": false, "monospaced": false, "name": "POJHIE+TimesNewRomanPSMT", "subset": true, "weight": 400}, "HasClip": false, "Lang": "en", "ObjectID": 603, "Page": 2, "Path": "//Document/P[27]", "Text": "where E, v and h are the Young's modulus, Poisson ratio, and thickness of the material, respectively. For BiFeO3 nanosheet used in this study, these values are about 51 GPa, 0.33, and 20 nm, respectively.[21] Taking the density as 8344 kg/m3 , the resonance frequency of BiFeO3 nanosheet is estimated to be around 46.5 kHz. This result confirms that the highest piezo-catalytic hydrogen generation can be obtained at the resonance frequency of a piezoelectric material (Figure 5a), where the mechanical vibration energy can be more efficiently transferred to the electrical one. ", "TextSize": 8.039993286132812, "attributes": {"LineHeight": 11.5, "TextAlign": "Justify"}}, {"Bounds": [315.4682159423828, 265.36907958984375, 553.9400024414062, 494.7156066894531], "Font": {"alt_family_name": "Times New Roman PSMT", "embedded": true, "encoding": "WinAnsiEncoding", "family_name": "Times New Roman PSMT", "font_type": "TrueType", "italic": false, "monospaced": false, "name": "POJHIE+TimesNewRomanPSMT", "subset": true, "weight": 400}, "HasClip": false, "Lang": "en", "ObjectID": 609, "Page": 2, "Path": "//Document/P[28]", "Text": "Figure 5b shows the influence of vibration power on hydrogen production. For 1 h mechanical vibration at a frequency of 45 kHz, the hydrogen production of BiFeO3 nanosheet is about 26.1 \u03bcmol\u00b7g-1 under the vibration power of 50 W, which is much lower than that under the vibration power of 100 W. The relationship between the piezoelectric charges (Q) per unit area on the BiFeO3 nanosheet surface, the piezoelectric coefficient (d), and the external stress (T) can be described as Q=d\u00b7T. Higher vibration power can lead to higher stress T, which induces more piezoelectric charges on the catalyst\u2019s surface, resulting in higher hydrogen production rate. Without the catalyst, almost no hydrogen can be generated under the vibration power of 100 W (Figure 5b). It should be noted that although the charge carriers in BiFeO3 are localized and tightly bound,[22] the piezo-generated electrons and holes will be recombined due to conduction across the small nanosheet thickness or vanished due to the quick relaxation of mechanical stress. To suppress the rapid recombination or vanish of the piezoelectrically induced positive and negative charges and increase the lifetime of the negative charges for hydrogen generation, Na2SO3 sacrificial agent was used to effectively scavenge the positive charges, similar to what is usually done in photocatalytic hydrogen generation. [17] ", "TextSize": 5.0399932861328125, "attributes": {"LineHeight": 11.5, "TextAlign": "Justify"}}, {"Bounds": [315.46876525878906, 91.73483276367188, 554.9134979248047, 264.8016052246094], "Font": {"alt_family_name": "Times New Roman PSMT", "embedded": true, "encoding": "WinAnsiEncoding", "family_name": "Times New Roman PSMT", "font_type": "TrueType", "italic": false, "monospaced": false, "name": "POJHIE+TimesNewRomanPSMT", "subset": true, "weight": 400}, "HasClip": false, "Lang": "en", "ObjectID": 622, "Page": 2, "Path": "//Document/P[29]", "Text": "The stability of the BiFeO3 nanosheets after 60 min piezo-catalysis can be reflected from the XRD patterns (Figure S6) taken before and after the piezo-catalysis, which are quite similar to each other and no secondary phases can be detected. After piezo-catalysis for 60 mins, a number of cracked nanosheets (Figure S7) were generated due to the high power (100 W) of the ultrasonic machine used. Working at the resonant frequency is another reason that the BiFeO3 nanosheets are easily cracked. This result agrees well with the experimental result (Figure 5) that the hydrogen production rate decreases with increasing reaction time. Decreasing the ultrasound power and tuning the frequency away from resonance will reduce the number of cracked nanosheets. To minimize the effect of temperature on piezo-catalysis, the water in the ultrasonic bath was changed every 20 min. As shown in Figure S8, water temperature change rate was 0.33 \u00b0C min\u22121. The temperature variation was controlled to be below 4 \u00b0C. ", "TextSize": 8.039993286132812, "attributes": {"LineHeight": 11.625, "TextAlign": "Justify"}}, {"Bounds": [315.47772216796875, 68.4127197265625, 551.8910217285156, 90.80220031738281], "Font": {"alt_family_name": "Times New Roman PSMT", "embedded": true, "encoding": "WinAnsiEncoding", "family_name": "Times New Roman PSMT", "font_type": "TrueType", "italic": false, "monospaced": false, "name": "POJHIE+TimesNewRomanPSMT", "subset": true, "weight": 400}, "HasClip": false, "ObjectID": 629, "Page": 2, "Path": "//Document/P[30]/ParagraphSpan", "Text": "Density functional theory (DFT) calculations were carried out to study the protonation on the (100) surface of the BiFeO3 nanosheets. It ", "TextSize": 8.039993286132812}, {"Bounds": [46.791961669921875, 701.6890869140625, 293.9224853515625, 770.1215972900391], "Font": {"alt_family_name": "Times New Roman PSMT", "embedded": true, "encoding": "WinAnsiEncoding", "family_name": "Times New Roman PSMT", "font_type": "TrueType", "italic": false, "monospaced": false, "name": "POJHIE+TimesNewRomanPSMT", "subset": true, "weight": 400}, "HasClip": false, "ObjectID": 632, "Page": 3, "Path": "//Document/P[30]/ParagraphSpan[2]", "Text": "is found that the H adsorption is energetically favorable on the (100) surface of BiFeO3 (Figure S9). Furthermore, to provide direct evidence of the electro-catalytic activity of BiFeO3 towards hydrogen production, we measured the HER performance of BiFeO3 nanosheets (Figure S10). Hydrogen evolution can be clearly observed at a potential above ~400 mV (Figure S10). ", "TextSize": 8.039993286132812}, {"Bounds": [46.75982666015625, 552.2870635986328, 294.95294189453125, 701.1182403564453], "Font": {"alt_family_name": "Times New Roman PSMT", "embedded": true, "encoding": "WinAnsiEncoding", "family_name": "Times New Roman PSMT", "font_type": "TrueType", "italic": false, "monospaced": false, "name": "POJHIE+TimesNewRomanPSMT", "subset": true, "weight": 400}, "HasClip": false, "Lang": "en", "ObjectID": 639, "Page": 3, "Path": "//Document/P[31]", "Text": "The piezo-catalytic effect was also verified for dye decomposition. Figure S11a shows the piezo-catalytic decomposition of Rhodamine B (RhB) dye under mechanical vibration of BiFeO3 nanosheets. The piezo-catalytic decomposition ratio of RhB dye reaches 94.1% after mechanical vibration for 50 min (Figure S11b) and the RhB dye solution becomes almost completely transparent (inset of Figure S11b). No obvious dye decomposition occurs without the addition of BiFeO3 nanosheets (Figure S11b). Low-frequency piezo-catalytic decomposition of RhB dye was also conducted by mechanical stirring of the solution containing BiFeO3 nanosheets (Figure S12a). Under this low-frequency mechanical stirring, the decomposition ratio of RhB is around 76.4% after 10 h (Figure S12b). The low-frequency piezo-catalytic properties enable the harvesting of waste mechanical energy from environment for water treatment in the future. ", "TextSize": 8.039993286132812, "attributes": {"LineHeight": 11.5, "TextAlign": "Justify"}}, {"Bounds": [46.78245544433594, 460.24440002441406, 294.25347900390625, 551.6015930175781], "Font": {"alt_family_name": "Times New Roman PSMT", "embedded": true, "encoding": "WinAnsiEncoding", "family_name": "Times New Roman PSMT", "font_type": "TrueType", "italic": false, "monospaced": false, "name": "POJHIE+TimesNewRomanPSMT", "subset": true, "weight": 400}, "HasClip": false, "Lang": "en", "ObjectID": 646, "Page": 3, "Path": "//Document/P[32]", "Text": "Apart from the piezo-catalytic properties of BiFeO3 demonstrated in this work, BiFeO3 is also a proven photocatalyst. [17,19,20,21a] Therefore, a higher hydrogen production rate may be achieved via the combination of piezo-catalysis with photocatalysis, where the simultaneous harvesting of sunlight and natural vibration energy can be realized. There are plenty of rooms for the engineering of the synergistic effect of piezo-catalysis and photocatalysis for enhanced catalytic performance of ferroelectric materials in the future. ", "TextSize": 8.039993286132812, "attributes": {"LineHeight": 11.5, "TextAlign": "Justify"}}, {"Bounds": [46.78245544433594, 218.80104064941406, 295.8222351074219, 459.55296325683594], "Font": {"alt_family_name": "Times New Roman PSMT", "embedded": true, "encoding": "WinAnsiEncoding", "family_name": "Times New Roman PSMT", "font_type": "TrueType", "italic": false, "monospaced": false, "name": "POJHIE+TimesNewRomanPSMT", "subset": true, "weight": 400}, "HasClip": false, "Lang": "en", "ObjectID": 652, "Page": 3, "Path": "//Document/P[33]", "Text": "For practical applications, it is interesting to note that oceans provide a rich variety of noise sources with a wide range of frequencies. [23] The low-frequency band (10 to 500 Hz) is dominated by commercial shipping and seismic exploration. The medium-frequency band (500 Hz to 500 kHz) is primarily due to sea-surface agitation, various sonars and small vessels. The high-frequency band (>25 kHz) is mainly due to thermal noise. According to equation 2 and 3, the resonant frequency of a piezoelectric material can be tuned by geometry and the selection of material. There are many different kinds of piezoelectric materials, such as, quartz, tourmaline, barium titanate (BaTiO3), lead zirconate titanate (PZT) and its solid solution with lead magnesium niobate (PMN), polyvinylidene fluoride (PVDF), sodium/potassium niobate (NaNbO3, KNbO3), and zinc oxide (ZnO), etc., which add the degree of freedom in materials selection for piezo-catalysis. The availability of the wide frequency spectrum of natural vibration sources makes the harvesting of waste mechanical vibration energy for clean energy generation or environmental pollution treatment very promising. Two possible applications of piezo-catalysis we can envisage at this stage are (1) the utilization of ocean wave vibration for hydrogen evolution and water treatment, and (2) the self-cleaning of the surface of modern buildings, both of which can work together with photocatalysis to obtain some synergistic effects. ", "TextSize": 8.039993286132812, "attributes": {"LineHeight": 11.5, "TextAlign": "Justify"}}, {"Bounds": [46.78514099121094, 92.33099365234375, 297.0340118408203, 218.10960388183594], "Font": {"alt_family_name": "Times New Roman PSMT", "embedded": true, "encoding": "WinAnsiEncoding", "family_name": "Times New Roman PSMT", "font_type": "TrueType", "italic": false, "monospaced": false, "name": "POJHIE+TimesNewRomanPSMT", "subset": true, "weight": 400}, "HasClip": false, "Lang": "en", "ObjectID": 659, "Page": 3, "Path": "//Document/P[34]", "Text": "In summary, a strong piezo-catalytic hydrogen production via hydrothermally synthesized BiFeO3 square nanosheets is realized at a rate of 124.1 \u00b5mol/g under a 100 W vibration excitation at the resonant frequency for 1 h. The piezo-catalytic decomposition ratio of RhB dye can be up to ~94.1% after vibrating BiFeO3 nanosheets for 50 min. The piezo-catalytic property of the BiFeO3 square nanosheets is attributed to the tilting of the conduction band under the strong piezoelectric field induced by mechanical vibration, which make the conduction band more negative than the H2/H2O redox potential, enabling the hydrogen evolution. Our work demonstrated that the potential of BiFeO3 for piezo-catalytic hydrogen production via harvesting waste vibration energy from the environment. ", "TextSize": 8.039993286132812, "attributes": {"LineHeight": 11.5, "SpaceAfter": 18, "TextAlign": "Justify"}}, {"Bounds": [46.777099609375, 57.59820556640625, 114.96443176269531, 68.72555541992188], "Font": {"alt_family_name": "Times New Roman PS", "embedded": true, "encoding": "WinAnsiEncoding", "family_name": "Times New Roman PS", "font_type": "TrueType", "italic": false, "monospaced": false, "name": "SDVUYY+TimesNewRomanPS-BoldMT", "subset": true, "weight": 700}, "HasClip": false, "Lang": "en", "ObjectID": 671, "Page": 3, "Path": "//Document/P[35]", "Text": "Acknowledgements ", "TextSize": 8.039993286132812, "attributes": {"LineHeight": 9.625, "SpaceAfter": 4}}, {"Bounds": [315.4497833251953, 667.2392425537109, 555.8292083740234, 770.1190795898438], "Font": {"alt_family_name": "Times New Roman PSMT", "embedded": true, "encoding": "WinAnsiEncoding", "family_name": "Times New Roman PSMT", "font_type": "TrueType", "italic": false, "monospaced": false, "name": "POJHIE+TimesNewRomanPSMT", "subset": true, "weight": 400}, "HasClip": false, "Lang": "en", "ObjectID": 672, "Page": 3, "Path": "//Document/P[36]", "Text": "This work was supported by the National Natural Science Foundation of China (51872264), the Public Welfare Technology Application Research Project of Zhejiang Province, China (LGG18E020005), \u201cShuGuang\u201d project of Shanghai Municipal Education Commission and Shanghai Education Development Foundation (No. 13SG52), and Shanghai Education Development Foundation (No. 13SG52). This work was also supported by the Hong Kong Polytechnic University (RH9T and RH9G) and the Research Grants Council of the Hong Kong Special Administrative Region, China (Project No. PolyU152665/16E). ", "TextSize": 8.039993286132812, "attributes": {"LineHeight": 11.5, "SpaceAfter": 14, "TextAlign": "Justify"}}, {"Bounds": [315.48280334472656, 642.68603515625, 385.6107940673828, 654.4777221679688], "Font": {"alt_family_name": "Times New Roman PS", "embedded": true, "encoding": "WinAnsiEncoding", "family_name": "Times New Roman PS", "font_type": "TrueType", "italic": false, "monospaced": false, "name": "SDVUYY+TimesNewRomanPS-BoldMT", "subset": true, "weight": 700}, "HasClip": false, "Lang": "en", "ObjectID": 673, "Page": 3, "Path": "//Document/H1[2]", "Text": "Conflict of interest ", "TextSize": 8.520004272460938, "attributes": {"LineHeight": 10.25}}, {"Bounds": [315.48280334472656, 630.6217193603516, 461.82232666015625, 642.0981597900391], "Font": {"alt_family_name": "Times New Roman PSMT", "embedded": true, "encoding": "WinAnsiEncoding", "family_name": "Times New Roman PSMT", "font_type": "TrueType", "italic": false, "monospaced": false, "name": "POJHIE+TimesNewRomanPSMT", "subset": true, "weight": 400}, "HasClip": false, "Lang": "en", "ObjectID": 674, "Page": 3, "Path": "//Document/P[37]", "Text": "The authors declare no conflict of interest. ", "TextSize": 8.520004272460938, "attributes": {"LineHeight": 10.25, "SpaceAfter": 14.125}}, {"Bounds": [315.48280334472656, 606.0756072998047, 494.2200012207031, 617.8672790527344], "Font": {"alt_family_name": "Times New Roman PS", "embedded": true, "encoding": "WinAnsiEncoding", "family_name": "Times New Roman PS", "font_type": "TrueType", "italic": false, "monospaced": false, "name": "SDVUYY+TimesNewRomanPS-BoldMT", "subset": true, "weight": 700}, "HasClip": false, "Lang": "en", "ObjectID": 675, "Page": 3, "Path": "//Document/P[38]", "Text": "Keywords: Hydrogen \u2022 Energy conversion\u2022 BiFeO3 ", "TextSize": 5.5200042724609375, "attributes": {"LineHeight": 10.25, "SpaceAfter": 14.25}}, {"Bounds": [315.4799041748047, 581.5989379882812, 357.17662048339844, 593.390625], "Font": {"alt_family_name": "Times New Roman PS", "embedded": true, "encoding": "WinAnsiEncoding", "family_name": "Times New Roman PS", "font_type": "TrueType", "italic": false, "monospaced": false, "name": "SDVUYY+TimesNewRomanPS-BoldMT", "subset": true, "weight": 700}, "HasClip": false, "Lang": "en", "ObjectID": 678, "Page": 3, "Path": "//Document/H1[3]", "Text": "References ", "TextSize": 8.520004272460938, "attributes": {"LineHeight": 10.25}}, {"Bounds": [315.4799041748047, 532.7452545166016, 552.7789459228516, 581.1473846435547], "Font": {"alt_family_name": "Times New Roman PSMT", "embedded": true, "encoding": "WinAnsiEncoding", "family_name": "Times New Roman PSMT", "font_type": "TrueType", "italic": false, "monospaced": false, "name": "POJHIE+TimesNewRomanPSMT", "subset": true, "weight": 400}, "HasClip": false, "Lang": "en", "ObjectID": 679, "Page": 3, "Path": "//Document/P[39]", "Text": "[1] a) J.A. Turner, Science, 2004, 305, 972\u2013974; b) S. Park, W.J. Chang, C.W. Lee, S. Park, H. Ahn, K.T. Nam, Nat. Energy, 2016, 2, 16185; c) P. Zhang, Y. Guo, J. Chen, Y. Zhao, J. Chang, H. Junge, M. Beller and Y. Li, Nat. Catalysis, 2018, 1, 332\u2013338. ", "TextSize": 8.520004272460938, "attributes": {"LineHeight": 12.25, "TextAlign": "Justify"}}, {"Bounds": [315.4628601074219, 434.9441833496094, 552.8044738769531, 532.3192596435547], "Font": {"alt_family_name": "Times New Roman PSMT", "embedded": true, "encoding": "WinAnsiEncoding", "family_name": "Times New Roman PSMT", "font_type": "TrueType", "italic": false, "monospaced": false, "name": "POJHIE+TimesNewRomanPSMT", "subset": true, "weight": 400}, "HasClip": false, "Lang": "en", "ObjectID": 680, "Page": 3, "Path": "//Document/P[40]", "Text": "[2] a) A. Fujishima, K. Honda, Nature, 1972, 238, 37\u201338; b) D. Das, V.T. Nejat, Int. J. Hydrogen Energy, 2001, 26, 13\u201328; c) S. Kazuhior, M. Kazuaki, A. Ryu, A. Yoshimoto, A. Hironori, J. Photochem. Photobiol. 2002, 148, 71\u201377; d) S.A. Grigoriev, V.I. Porembsky, V.N. Fateev, Int. J. Hydrogen Energy, 2006, 31, 171-175; e) A. Sartbaeva, V.L. Kuznetsov, S.A. Wells, P.P. Edwards, Energy Environ. Sci., 2008, 1, 79-85; f) C. Acar, I. Dincer, Int. J. Hydrogen Energy, 2014, 39, 1-12. ", "TextSize": 8.520004272460938, "attributes": {"LineHeight": 12.25, "TextAlign": "Justify"}}, {"Bounds": [315.4628601074219, 398.333740234375, 554.1766357421875, 434.4755859375], "Font": {"alt_family_name": "Times New Roman PSMT", "embedded": true, "encoding": "WinAnsiEncoding", "family_name": "Times New Roman PSMT", "font_type": "TrueType", "italic": false, "monospaced": false, "name": "POJHIE+TimesNewRomanPSMT", "subset": true, "weight": 400}, "HasClip": false, "Lang": "en", "ObjectID": 681, "Page": 3, "Path": "//Document/P[41]", "Text": "[3] K. Awazu, M. Fujimaki, C. Rockstuhl, J. Tominaga, H. Murakami, Y. Ohki, N. Yoshida, T. Watanabe, J. Am. Chem. Soc. 2008, 130, 1676\u20131680. ", "TextSize": 8.520004272460938, "attributes": {"LineHeight": 12.25, "TextAlign": "Justify"}}, {"Bounds": [315.4628601074219, 373.8472595214844, 551.5339660644531, 397.74586486816406], "Font": {"alt_family_name": "Times New Roman PSMT", "embedded": true, "encoding": "WinAnsiEncoding", "family_name": "Times New Roman PSMT", "font_type": "TrueType", "italic": false, "monospaced": false, "name": "POJHIE+TimesNewRomanPSMT", "subset": true, "weight": 400}, "HasClip": false, "Lang": "en", "ObjectID": 682, "Page": 3, "Path": "//Document/P[42]", "Text": "[4] G. Zhang, W. Zhang, Da. Minakata, Y. Chen, J. Crittenden, P. Wang, Int. J. Hydrogen Energy, 2013, 38, 11727\u201311736. ", "TextSize": 8.520004272460938, "attributes": {"LineHeight": 12.25}}, {"Bounds": [315.4628601074219, 361.9022216796875, 552.7411651611328, 373.378662109375], "Font": {"alt_family_name": "Times New Roman PSMT", "embedded": true, "encoding": "WinAnsiEncoding", "family_name": "Times New Roman PSMT", "font_type": "TrueType", "italic": false, "monospaced": false, "name": "POJHIE+TimesNewRomanPSMT", "subset": true, "weight": 400}, "HasClip": false, "ObjectID": 684, "Page": 3, "Path": "//Document/P[43]/Sub", "Text": "[5] a) S. R. Basu, L. W. Martin, Y. H. Chu, M. Gajek, R. Ramesh, R. ", "TextSize": 8.520004272460938, "attributes": {"Placement": "Block"}}, {"Bounds": [315.4628601074219, 349.4800567626953, 550.4444885253906, 361.27174377441406], "Font": {"alt_family_name": "Times New Roman PSMT", "embedded": true, "encoding": "WinAnsiEncoding", "family_name": "Times New Roman PSMT", "font_type": "TrueType", "italic": false, "monospaced": false, "name": "POJHIE+TimesNewRomanPSMT", "subset": true, "weight": 400}, "HasClip": false, "ObjectID": 685, "Page": 3, "Path": "//Document/P[43]/Sub[2]", "Text": "C. Rai, X. Xu, J. L. Musfeldt, Appl. Phys. Lett. 2008, 92, 091905; b) ", "TextSize": 8.520004272460938, "attributes": {"Placement": "Block"}}, {"Bounds": [315.4799041748047, 324.9935760498047, 550.844970703125, 348.8921813964844], "Font": {"alt_family_name": "Times New Roman PSMT", "embedded": true, "encoding": "WinAnsiEncoding", "family_name": "Times New Roman PSMT", "font_type": "TrueType", "italic": false, "monospaced": false, "name": "POJHIE+TimesNewRomanPSMT", "subset": true, "weight": 400}, "HasClip": false, "Lang": "en", "ObjectID": 686, "Page": 3, "Path": "//Document/P[44]", "Text": "T. Choi, S. Lee, Y. J. Choi, V. Kiryukhin, S.-W. Cheong, Science, 2009, 324, 63\u201366. ", "TextSize": 8.520004272460938, "attributes": {"LineHeight": 12.25}}, {"Bounds": [315.49693298339844, 300.50709533691406, 551.2153015136719, 324.40570068359375], "Font": {"alt_family_name": "Times New Roman PSMT", "embedded": true, "encoding": "WinAnsiEncoding", "family_name": "Times New Roman PSMT", "font_type": "TrueType", "italic": false, "monospaced": false, "name": "POJHIE+TimesNewRomanPSMT", "subset": true, "weight": 400}, "HasClip": false, "Lang": "en", "ObjectID": 687, "Page": 3, "Path": "//Document/P[45]", "Text": "[6] F. Gao, X. Chen, K. Yin, S. Dong, Z. Ren, F. Yuan, T. Yu, Z. Zou, J.M. Liu, Adv. Mater. 2007, 19, 2889\u20132892. ", "TextSize": 8.520004272460938, "attributes": {"LineHeight": 12.375}}, {"Bounds": [315.51397705078125, 276.139892578125, 551.1272888183594, 300.0384979248047], "Font": {"alt_family_name": "Times New Roman PSMT", "embedded": true, "encoding": "WinAnsiEncoding", "family_name": "Times New Roman PSMT", "font_type": "TrueType", "italic": false, "monospaced": false, "name": "POJHIE+TimesNewRomanPSMT", "subset": true, "weight": 400}, "HasClip": false, "Lang": "en", "ObjectID": 688, "Page": 3, "Path": "//Document/P[46]", "Text": "[7] C. Cho, J. Noh, I.-S. Cho, J.-S. An, K. Hong, J Am Ceram Soc, 2008, 91, 3753\u20133755. ", "TextSize": 8.520004272460938, "attributes": {"LineHeight": 12.25}}, {"Bounds": [315.5054626464844, 251.65342712402344, 550.5635528564453, 275.68833923339844], "Font": {"alt_family_name": "Times New Roman PSMT", "embedded": true, "encoding": "WinAnsiEncoding", "family_name": "Times New Roman PSMT", "font_type": "TrueType", "italic": false, "monospaced": false, "name": "POJHIE+TimesNewRomanPSMT", "subset": true, "weight": 400}, "HasClip": false, "Lang": "en", "ObjectID": 689, "Page": 3, "Path": "//Document/P[47]", "Text": "[8] a) J. Luo, P. A. Maggard, Adv Mater, 2006, 18, 514\u2013517; b) L. Di, H. Yang, T. Xian, X. Chen, Mat. Res. 2018, 21, e20180081. ", "TextSize": 8.520004272460938, "attributes": {"LineHeight": 12.25}}, {"Bounds": [315.5225067138672, 215.04298400878906, 552.8159790039062, 251.06553649902344], "Font": {"alt_family_name": "Times New Roman PSMT", "embedded": true, "encoding": "WinAnsiEncoding", "family_name": "Times New Roman PSMT", "font_type": "TrueType", "italic": false, "monospaced": false, "name": "POJHIE+TimesNewRomanPSMT", "subset": true, "weight": 400}, "HasClip": false, "Lang": "en", "ObjectID": 690, "Page": 3, "Path": "//Document/P[48]", "Text": "[9] a) J.M. Park, S. Nakashima, M. Sohgawa, T. Kanashima, M. Okuyama, Jpn. J. Appl. Phys. 2012, 51, 09MD05; b) S. K. Singh, H. Ishiwara, K. Maruyama, Appl. Phys. Lett. 2006, 88, 262908. ", "TextSize": 8.520004272460938, "attributes": {"LineHeight": 12.125, "TextAlign": "Justify"}}, {"Bounds": [315.5225067138672, 166.0700225830078, 551.8056488037109, 214.59141540527344], "Font": {"alt_family_name": "Times New Roman PSMT", "embedded": true, "encoding": "WinAnsiEncoding", "family_name": "Times New Roman PSMT", "font_type": "TrueType", "italic": false, "monospaced": false, "name": "POJHIE+TimesNewRomanPSMT", "subset": true, "weight": 400}, "HasClip": false, "Lang": "en", "ObjectID": 691, "Page": 3, "Path": "//Document/P[49]", "Text": "[10] a) A. Marino, and R. Becker, Nature, 1970, 228, 473\u2013474; b) I. Katsouras, K. Asadi, M. Li, T.B. van Driel, K.S. Kj\u00e6r, D. Zhao, T. Lenz, Y. Gu, P.W.M. Blom, D. Damjanovic, M.M. Nielsen, D.M. de Leeuw, Nat Mater. 2016, 15, 78\u201384. ", "TextSize": 8.520004272460938, "attributes": {"LineHeight": 12.25, "TextAlign": "Justify"}}, {"Bounds": [315.51397705078125, 141.88174438476562, 553.0345458984375, 165.7377471923828], "Font": {"alt_family_name": "Times New Roman PSMT", "embedded": true, "encoding": "WinAnsiEncoding", "family_name": "Times New Roman PSMT", "font_type": "TrueType", "italic": false, "monospaced": false, "name": "POJHIE+TimesNewRomanPSMT", "subset": true, "weight": 400}, "HasClip": false, "Lang": "en", "ObjectID": 692, "Page": 3, "Path": "//Document/P[50]", "Text": "[11] Y.M. Jia, H. S. Luo, X.Y. Zhao, F.F.Wang, Adv. Mat. 2008, 20, 4776\u20134779. ", "TextSize": 8.520004272460938, "attributes": {"LineHeight": 12.25}}, {"Bounds": [315.5225067138672, 129.45957946777344, 490.15415954589844, 141.2512664794922], "Font": {"alt_family_name": "Times New Roman PSMT", "embedded": true, "encoding": "WinAnsiEncoding", "family_name": "Times New Roman PSMT", "font_type": "TrueType", "italic": false, "monospaced": false, "name": "POJHIE+TimesNewRomanPSMT", "subset": true, "weight": 400}, "HasClip": false, "Lang": "en", "ObjectID": 693, "Page": 3, "Path": "//Document/P[51]", "Text": "[12] M.B. Starr, X. Wang, Sci. Rep. 2013, 3, 2160. ", "TextSize": 8.520004272460938, "attributes": {"LineHeight": 10.25}}, {"Bounds": [315.51397705078125, 92.84913635253906, 552.3391265869141, 129.00802612304688], "Font": {"alt_family_name": "Times New Roman PSMT", "embedded": true, "encoding": "WinAnsiEncoding", "family_name": "Times New Roman PSMT", "font_type": "TrueType", "italic": false, "monospaced": false, "name": "POJHIE+TimesNewRomanPSMT", "subset": true, "weight": 400}, "HasClip": false, "Lang": "en", "ObjectID": 694, "Page": 3, "Path": "//Document/P[52]", "Text": "[13] a) Y. Li, Z. Ping, J. Am. Chem. Soc. 2011, 133, 15743\u201315752; b) Y. Zhang, M. Xie, V. Adamaki, H. Khanbareh, C.R. Bowen, Chem. Soc. Rev. 2017, 46, 7757\u20137786. ", "TextSize": 8.520004272460938, "attributes": {"LineHeight": 12.125, "TextAlign": "Justify"}}, {"Bounds": [315.5054626464844, 68.36265563964844, 554.1928558349609, 92.26126098632812], "Font": {"alt_family_name": "Times New Roman PSMT", "embedded": true, "encoding": "WinAnsiEncoding", "family_name": "Times New Roman PSMT", "font_type": "TrueType", "italic": false, "monospaced": false, "name": "POJHIE+TimesNewRomanPSMT", "subset": true, "weight": 400}, "HasClip": false, "Lang": "en", "ObjectID": 695, "Page": 3, "Path": "//Document/P[53]", "Text": "[14] H. You, Z. Wu, L. Wang, Y. Jia, S. Li and J. Zou, Chemosphere, 2018, 199, 531\u2013537. ", "TextSize": 8.520004272460938, "attributes": {"LineHeight": 12.25}}, {"Bounds": [46.80000305175781, 758.6643524169922, 63.20942687988281, 770.1407928466797], "Font": {"alt_family_name": "Times New Roman PSMT", "embedded": true, "encoding": "WinAnsiEncoding", "family_name": "Times New Roman PSMT", "font_type": "TrueType", "italic": false, "monospaced": false, "name": "POJHIE+TimesNewRomanPSMT", "subset": true, "weight": 400}, "HasClip": false, "ObjectID": 698, "Page": 4, "Path": "//Document/L/LI/Lbl", "Text": "[15] ", "TextSize": 8.520004272460938}, {"Bounds": [46.80851745605469, 746.2422027587891, 293.7682342529297, 770.1407928466797], "Font": {"alt_family_name": "Times New Roman PSMT", "embedded": true, "encoding": "WinAnsiEncoding", "family_name": "Times New Roman PSMT", "font_type": "TrueType", "italic": false, "monospaced": false, "name": "POJHIE+TimesNewRomanPSMT", "subset": true, "weight": 400}, "HasClip": false, "ObjectID": 699, "Page": 4, "Path": "//Document/L/LI/LBody", "Text": "J. Zhou, R. Yang, R. Xiao, X. Chen, C. Deng, Mater. Res. Bull. 2012, 47, 3630\u20133636. ", "TextSize": 8.520004272460938}, {"Bounds": [46.80851745605469, 734.1778869628906, 63.21795654296875, 745.6543273925781], "Font": {"alt_family_name": "Times New Roman PSMT", "embedded": true, "encoding": "WinAnsiEncoding", "family_name": "Times New Roman PSMT", "font_type": "TrueType", "italic": false, "monospaced": false, "name": "POJHIE+TimesNewRomanPSMT", "subset": true, "weight": 400}, "HasClip": false, "ObjectID": 701, "Page": 4, "Path": "//Document/L/LI[2]/Lbl", "Text": "[16] ", "TextSize": 8.520004272460938}, {"Bounds": [46.80851745605469, 721.7557220458984, 294.9449768066406, 745.6543273925781], "Font": {"alt_family_name": "Times New Roman PSMT", "embedded": true, "encoding": "WinAnsiEncoding", "family_name": "Times New Roman PSMT", "font_type": "TrueType", "italic": false, "monospaced": false, "name": "POJHIE+TimesNewRomanPSMT", "subset": true, "weight": 400}, "HasClip": false, "ObjectID": 702, "Page": 4, "Path": "//Document/L/LI[2]/LBody", "Text": "A. Jaiswal, R. Das, K. Vivekanand, P.M. Abraham, S. Adyanthaya, P. Poddar, J. Phys. Chem. C, 2010, 114, 2108\u20132115. ", "TextSize": 8.520004272460938}, {"Bounds": [46.80000305175781, 709.69140625, 63.20942687988281, 721.1678466796875], "Font": {"alt_family_name": "Times New Roman PSMT", "embedded": true, "encoding": "WinAnsiEncoding", "family_name": "Times New Roman PSMT", "font_type": "TrueType", "italic": false, "monospaced": false, "name": "POJHIE+TimesNewRomanPSMT", "subset": true, "weight": 400}, "HasClip": false, "ObjectID": 704, "Page": 4, "Path": "//Document/L/LI[3]/Lbl", "Text": "[17] ", "TextSize": 8.520004272460938}, {"Bounds": [63.24360656738281, 709.5124816894531, 289.0407409667969, 721.3041534423828], "Font": {"alt_family_name": "Times New Roman PSMT", "embedded": true, "encoding": "WinAnsiEncoding", "family_name": "Times New Roman PSMT", "font_type": "TrueType", "italic": false, "monospaced": false, "name": "POJHIE+TimesNewRomanPSMT", "subset": true, "weight": 400}, "HasClip": false, "ObjectID": 705, "Page": 4, "Path": "//Document/L/LI[3]/LBody", "Text": "L. Lu, M. Lv, G. Liu, X. Xu, Appl. Surf. Sci. 2017, 391, 535\u2013541. ", "TextSize": 8.520004272460938}, {"Bounds": [46.817047119140625, 697.4481658935547, 63.06462097167969, 708.9246063232422], "Font": {"alt_family_name": "Times New Roman PSMT", "embedded": true, "encoding": "WinAnsiEncoding", "family_name": "Times New Roman PSMT", "font_type": "TrueType", "italic": false, "monospaced": false, "name": "POJHIE+TimesNewRomanPSMT", "subset": true, "weight": 400}, "HasClip": false, "ObjectID": 707, "Page": 4, "Path": "//Document/L/LI[4]/Lbl", "Text": "[18] ", "TextSize": 8.520004272460938}, {"Bounds": [46.8255615234375, 660.6587982177734, 294.7974395751953, 709.0609130859375], "Font": {"alt_family_name": "Times New Roman PSMT", "embedded": true, "encoding": "WinAnsiEncoding", "family_name": "Times New Roman PSMT", "font_type": "TrueType", "italic": false, "monospaced": false, "name": "POJHIE+TimesNewRomanPSMT", "subset": true, "weight": 400}, "HasClip": false, "ObjectID": 708, "Page": 4, "Path": "//Document/L/LI[4]/LBody", "Text": "a) M. D\u00fckkanc\u0131, G. G\u00fcnd\u00fcz, Ultrason. Sonochem. 2006, 13, 517\u2013 522; b) M.C. Saha, Md.E. Kabir, S. Jeelani, Mater. Sci. Eng., A, 2008, 479, 213\u2013222; c) M.A. Behnajady, N. Modirshahla, S. Bavili Tabrizi, S. Molanee, J. Hazard. Mater. 2008, 152, 381\u2013386. ", "TextSize": 8.520004272460938}, {"Bounds": [46.817047119140625, 648.594482421875, 63.064544677734375, 660.0709228515625], "Font": {"alt_family_name": "Times New Roman PSMT", "embedded": true, "encoding": "WinAnsiEncoding", "family_name": "Times New Roman PSMT", "font_type": "TrueType", "italic": false, "monospaced": false, "name": "POJHIE+TimesNewRomanPSMT", "subset": true, "weight": 400}, "HasClip": false, "ObjectID": 710, "Page": 4, "Path": "//Document/L/LI[5]/Lbl", "Text": "[19] ", "TextSize": 8.520004272460938}, {"Bounds": [46.817047119140625, 636.1723175048828, 293.3389129638672, 660.0709228515625], "Font": {"alt_family_name": "Times New Roman PSMT", "embedded": true, "encoding": "WinAnsiEncoding", "family_name": "Times New Roman PSMT", "font_type": "TrueType", "italic": false, "monospaced": false, "name": "POJHIE+TimesNewRomanPSMT", "subset": true, "weight": 400}, "HasClip": false, "ObjectID": 711, "Page": 4, "Path": "//Document/L/LI[5]/LBody", "Text": "Y.A. Chaudhari, C.M. Mahajan, E.M. Abuassaj, P.P. Jagtap, P.B. Patil, S.T. Bendre, Mater. Sci-Poland, 2013, 31, 221\u2013225. ", "TextSize": 8.520004272460938}, {"Bounds": [46.817047119140625, 624.2272796630859, 63.226470947265625, 635.7037200927734], "Font": {"alt_family_name": "Times New Roman PSMT", "embedded": true, "encoding": "WinAnsiEncoding", "family_name": "Times New Roman PSMT", "font_type": "TrueType", "italic": false, "monospaced": false, "name": "POJHIE+TimesNewRomanPSMT", "subset": true, "weight": 400}, "HasClip": false, "ObjectID": 713, "Page": 4, "Path": "//Document/L/LI[6]/Lbl", "Text": "[20] ", "TextSize": 8.520004272460938}, {"Bounds": [63.26063537597656, 624.0483551025391, 258.8939514160156, 635.8400421142578], "Font": {"alt_family_name": "Times New Roman PSMT", "embedded": true, "encoding": "WinAnsiEncoding", "family_name": "Times New Roman PSMT", "font_type": "TrueType", "italic": false, "monospaced": false, "name": "POJHIE+TimesNewRomanPSMT", "subset": true, "weight": 400}, "HasClip": false, "ObjectID": 714, "Page": 4, "Path": "//Document/L/LI[6]/LBody", "Text": "M.C. Junger, D. Feit, 1986, Cambridge, MA: MIT press. ", "TextSize": 8.520004272460938}, {"Bounds": [46.834075927734375, 611.9840393066406, 63.24351501464844, 623.4604797363281], "Font": {"alt_family_name": "Times New Roman PSMT", "embedded": true, "encoding": "WinAnsiEncoding", "family_name": "Times New Roman PSMT", "font_type": "TrueType", "italic": false, "monospaced": false, "name": "POJHIE+TimesNewRomanPSMT", "subset": true, "weight": 400}, "HasClip": false, "ObjectID": 716, "Page": 4, "Path": "//Document/L/LI[7]/Lbl", "Text": "[21] ", "TextSize": 8.520004272460938}, {"Bounds": [46.834075927734375, 575.0753936767578, 294.20643615722656, 623.4604797363281], "Font": {"alt_family_name": "Times New Roman PSMT", "embedded": true, "encoding": "WinAnsiEncoding", "family_name": "Times New Roman PSMT", "font_type": "TrueType", "italic": false, "monospaced": false, "name": "POJHIE+TimesNewRomanPSMT", "subset": true, "weight": 400}, "HasClip": false, "ObjectID": 717, "Page": 4, "Path": "//Document/L/LI[7]/LBody", "Text": "a) P. Sen, A. Dey, A.K. Mukhopadhyay, S.K. Bandyopadhyay, A.K. Himanshu, Ceram. Int. 2012, 38, 1347\u20131352; b) M.K. Yaakob, M.F.M. Taib, L. Lu, O.H. Hassan, M.Z.A. Yahya, Mater. Res. Express, 2015, 2, 116101. ", "TextSize": 8.520004272460938}, {"Bounds": [46.834075927734375, 563.0110778808594, 63.24351501464844, 574.4875183105469], "Font": {"alt_family_name": "Times New Roman PSMT", "embedded": true, "encoding": "WinAnsiEncoding", "family_name": "Times New Roman PSMT", "font_type": "TrueType", "italic": false, "monospaced": false, "name": "POJHIE+TimesNewRomanPSMT", "subset": true, "weight": 400}, "HasClip": false, "ObjectID": 719, "Page": 4, "Path": "//Document/L/LI[8]/Lbl", "Text": "[22] ", "TextSize": 8.520004272460938}, {"Bounds": [63.277679443359375, 562.8321533203125, 209.4381561279297, 574.6238403320312], "Font": {"alt_family_name": "Times New Roman PSMT", "embedded": true, "encoding": "WinAnsiEncoding", "family_name": "Times New Roman PSMT", "font_type": "TrueType", "italic": false, "monospaced": false, "name": "POJHIE+TimesNewRomanPSMT", "subset": true, "weight": 400}, "HasClip": false, "ObjectID": 720, "Page": 4, "Path": "//Document/L/LI[8]/LBody", "Text": "H. Huang, Nat. Photon. 2010, 4, 134\u2013135. ", "TextSize": 8.520004272460938}, {"Bounds": [46.834075927734375, 550.8871154785156, 62.962249755859375, 562.3635559082031], "Font": {"alt_family_name": "Times New Roman PSMT", "embedded": true, "encoding": "WinAnsiEncoding", "family_name": "Times New Roman PSMT", "font_type": "TrueType", "italic": false, "monospaced": false, "name": "POJHIE+TimesNewRomanPSMT", "subset": true, "weight": 400}, "HasClip": false, "ObjectID": 722, "Page": 4, "Path": "//Document/L/LI[9]/Lbl", "Text": "[23] ", "TextSize": 8.520004272460938}, {"Bounds": [63.277679443359375, 550.7082061767578, 295.01312255859375, 562.4998779296875], "Font": {"alt_family_name": "Times New Roman PSMT", "embedded": true, "encoding": "WinAnsiEncoding", "family_name": "Times New Roman PSMT", "font_type": "TrueType", "italic": false, "monospaced": false, "name": "POJHIE+TimesNewRomanPSMT", "subset": true, "weight": 400}, "HasClip": false, "ObjectID": 723, "Page": 4, "Path": "//Document/L/LI[9]/LBody", "Text": "a) J.A. Hildebrand, Mar. Ecol. Prog. Ser. 2009, 395, 5-20; b) W.M. ", "TextSize": 8.520004272460938}, {"Bounds": [46.85111999511719, 526.2217254638672, 292.816650390625, 550.2566375732422], "Font": {"alt_family_name": "Times New Roman PSMT", "embedded": true, "encoding": "WinAnsiEncoding", "family_name": "Times New Roman PSMT", "font_type": "TrueType", "italic": false, "monospaced": false, "name": "POJHIE+TimesNewRomanPSMT", "subset": true, "weight": 400}, "HasClip": false, "Lang": "en", "ObjectID": 724, "Page": 4, "Path": "//Document/P[54]", "Text": "Carey, M.P. Bradley, J. Acoust. Soc. Am. Suppl. 1985, 78, S2; c) J.A. Scrimger, D.J. Evans, W. Yee, J. Acoust. Soc. Am. 1989, 85, 726\u2013731. ", "TextSize": 8.520004272460938, "attributes": {"LineHeight": 12.25, "SpaceAfter": 18}}, {"Bounds": [42.720001220703125, 449.4097137451172, 168.22366333007812, 468.32159423828125], "ClipBounds": [42.720001220703125, 449.510009765625, 168.22366333007812, 467.051025390625], "Font": {"alt_family_name": "Times New Roman PSMT", "embedded": true, "encoding": "WinAnsiEncoding", "family_name": "Times New Roman PSMT", "font_type": "TrueType", "italic": false, "monospaced": false, "name": "POJHIE+TimesNewRomanPSMT", "subset": true, "weight": 400}, "HasClip": true, "Lang": "en", "ObjectID": 725, "Page": 4, "Path": "//Document/H1[4]", "Text": "COMMUNICATION ", "TextSize": 14.039993286132812, "attributes": {"LineHeight": 16.875, "SpaceAfter": 6.25}}, {"Bounds": [55.899993896484375, 365.77012634277344, 212.1699981689453, 450.010009765625], "ObjectID": 726, "Page": 4, "Path": "//Document/Figure[9]", "alternate_text": "P77C2T1#yIS1", "attributes": {"BBox": [55.91769999999997, 365.778999999995, 212.15099999999802, 449.775999999998], "Placement": "Block"}}, {"Bounds": [212.75039672851562, 330.5970001220703, 371.82269287109375, 446.2799987792969], "ClipBounds": [212.75039672851562, 330.5970001220703, 365.77001953125, 445.57000732421875], "Font": {"alt_family_name": "Times New Roman PSMT", "embedded": true, "encoding": "WinAnsiEncoding", "family_name": "Times New Roman PSMT", "font_type": "TrueType", "italic": false, "monospaced": false, "name": "POJHIE+TimesNewRomanPSMT", "subset": true, "weight": 400}, "HasClip": false, "Lang": "en", "ObjectID": 727, "Page": 4, "Path": "//Document/P[55]", "Text": "BiFeO3 is piezo-catalytic active in hydrogen production via harvesting vibration energy from environment. The strong piezoelectric field induced by mechanical vibration tilts the conduction band of BiFeO3, making it more negative than the H2/H2O redox potential to enable the hydrogen evolution. (see picture) ", "TextSize": 9.0, "attributes": {"LineHeight": 13, "TextAlign": "Justify"}}, {"Bounds": [382.9199981689453, 397.93788146972656, 573.3268585205078, 445.99595642089844], "ClipBounds": [382.9199981689453, 397.93788146972656, 573.3268585205078, 445.57000732421875], "Font": {"alt_family_name": "Times New Roman PS", "embedded": true, "encoding": "WinAnsiEncoding", "family_name": "Times New Roman PS", "font_type": "TrueType", "italic": true, "monospaced": false, "name": "DEIIWC+TimesNewRomanPS-ItalicMT", "subset": true, "weight": 400}, "HasClip": false, "Lang": "en", "ObjectID": 733, "Page": 4, "Path": "//Document/Aside/P", "Text": "Huilin You, Zheng Wu*, Luohong Zhang, Yiran Ying, Yan Liu, Linfeng Fei, Xinxin Chen, Yanmin Jia*,Yaojin Wang, Feifei Wang, Sheng Ju, Jinli Qiao, Chi-Hang Lam, and Haitao Huang* ", "TextSize": 8.520004272460938, "attributes": {"LineHeight": 12.25}}, {"Bounds": [382.9199981689453, 385.70436096191406, 457.004150390625, 397.0359649658203], "Font": {"alt_family_name": "Times New Roman PS", "embedded": true, "encoding": "WinAnsiEncoding", "family_name": "Times New Roman PS", "font_type": "TrueType", "italic": true, "monospaced": false, "name": "DEIIWC+TimesNewRomanPS-ItalicMT", "subset": true, "weight": 400}, "HasClip": false, "Lang": "en", "ObjectID": 734, "Page": 4, "Path": "//Document/Aside/P[2]", "Text": "Page No. \u2013 Page No. ", "TextSize": 8.520004272460938, "attributes": {"LineHeight": 10.25, "SpaceAfter": 12.125}}, {"Bounds": [382.91709899902344, 349.1011657714844, 537.1799926757812, 372.7454376220703], "Font": {"alt_family_name": "Times New Roman PS", "embedded": true, "encoding": "WinAnsiEncoding", "family_name": "Times New Roman PS", "font_type": "TrueType", "italic": true, "monospaced": false, "name": "WUQNXQ+TimesNewRomanPS-BoldItalicMT", "subset": true, "weight": 700}, "HasClip": false, "Lang": "en", "ObjectID": 735, "Page": 4, "Path": "//Document/Aside/P[3]", "Text": "Harvesting the Vibration Energy of BiFeO3 Nanosheets for Hydrogen Evolution ", "TextSize": 8.520004272460938, "attributes": {"LineHeight": 12.25}}], "pages": [{"boxes": {"CropBox": [0.0, 0.0, 595.3200073242188, 841.9199829101562], "MediaBox": [0.0, 0.0, 595.3200073242188, 841.9199829101562]}, "height": 841.9199829101562, "is_scanned": false, "page_number": 0, "rotation": 0, "width": 595.3200073242188}, {"boxes": {"CropBox": [0.0, 0.0, 595.3200073242188, 841.9199829101562], "MediaBox": [0.0, 0.0, 595.3200073242188, 841.9199829101562]}, "height": 841.9199829101562, "is_scanned": false, "page_number": 1, "rotation": 0, "width": 595.3200073242188}, {"boxes": {"CropBox": [0.0, 0.0, 595.3200073242188, 841.9199829101562], "MediaBox": [0.0, 0.0, 595.3200073242188, 841.9199829101562]}, "height": 841.9199829101562, "is_scanned": false, "page_number": 2, "rotation": 0, "width": 595.3200073242188}, {"boxes": {"CropBox": [0.0, 0.0, 595.3200073242188, 841.9199829101562], "MediaBox": [0.0, 0.0, 595.3200073242188, 841.9199829101562]}, "height": 841.9199829101562, "is_scanned": false, "page_number": 3, "rotation": 0, "width": 595.3200073242188}, {"boxes": {"CropBox": [0.0, 0.0, 595.3200073242188, 841.9199829101562], "MediaBox": [0.0, 0.0, 595.3200073242188, 841.9199829101562]}, "height": 841.9199829101562, "is_scanned": false, "page_number": 4, "rotation": 0, "width": 595.3200073242188}]}