{"version": {"json_export": "219", "page_segmentation": "55", "schema": "1.1.0", "structure": "1.1151.0", "table_structure": "5"}, "extended_metadata": {"ID_instance": "7C 2A 56 FA 65 BC B2 11 0A 00 B2 EC 06 3F 07 48 ", "ID_permanent": "EE F8 6E 53 B1 4D F5 E3 61 EC 97 1A B3 7B 25 55 ", "has_acroform": false, "has_embedded_files": false, "is_XFA": false, "is_certified": false, "is_encrypted": false, "is_digitally_signed": false, "language": "en", "page_count": 5, "pdf_version": "1.6", "pdfa_compliance_level": "", "pdfua_compliance_level": ""}, "elements": [{"Bounds": [138.0, 727.353759765625, 481.10108947753906, 740.6957702636719], "Font": {"alt_family_name": "CMB Extra", "embedded": true, "encoding": "WinAnsiEncoding", "family_name": "CMB Extra 12", "font_type": "Type1", "italic": false, "monospaced": false, "name": "BQATDH+CMBX12", "subset": true, "weight": 400}, "HasClip": false, "Lang": "en", "ObjectID": 1424, "Page": 0, "Path": "//Document/Title", "Text": "Biological Regulatory Networks are Minimally Frustrated ", "TextSize": 11.9552001953125, "attributes": {"LineHeight": 14.375, "SpaceAfter": 8.75, "TextAlign": "Center"}}, {"Bounds": [14.039993286132812, 238.0, 36.36000061035156, 626.3000030517578], "Font": {"alt_family_name": "Times", "embedded": false, "encoding": "Custom", "family_name": "Times", "font_type": "Type1", "italic": false, "monospaced": false, "name": "Times-Roman", "subset": false, "weight": 400}, "HasClip": false, "Lang": "en", "ObjectID": 1396, "Page": 0, "Path": "//Document/P/Reference", "Rotation": 90.0, "Text": "(<http://arxiv.org/abs/1911.10252v1>)arXiv:1911.10252v1  [q-bio.MN]  22 Nov 2019 ", "TextSize": 20.0, "attributes": {"LineHeight": 24}}, {"Bounds": [347.27655029296875, 707.7074127197266, 351.3562774658203, 714.1093597412109], "Font": {"alt_family_name": "CMS Y", "embedded": true, "encoding": "Custom", "family_name": "CMS Y 7", "font_type": "Type1", "italic": false, "monospaced": false, "name": "AYRXCE+CMSY7", "subset": true, "weight": 400}, "HasClip": false, "ObjectID": 1284, "Page": 0, "Path": "//Document/P[2]/StyleSpan[2]/Reference", "Text": "\ue003 ", "TextSize": 6.9738006591796875}, {"Bounds": [459.60157775878906, 707.7074127197266, 463.24884033203125, 714.1093597412109], "Font": {"alt_family_name": "CMS Y", "embedded": true, "encoding": "Custom", "family_name": "CMS Y 7", "font_type": "Type1", "italic": false, "monospaced": false, "name": "AYRXCE+CMSY7", "subset": true, "weight": 400}, "HasClip": false, "ObjectID": 1285, "Page": 0, "Path": "//Document/P[2]/StyleSpan[3]/Reference", "Text": "\u2020 ", "TextSize": 6.9738006591796875}, {"Bounds": [152.39999389648438, 703.1091461181641, 463.24884033203125, 715.4622650146484], "Font": {"alt_family_name": "CM R", "embedded": true, "encoding": "WinAnsiEncoding", "family_name": "CM R 7", "font_type": "Type1", "italic": false, "monospaced": false, "name": "CRMKLF+CMR7", "subset": true, "weight": 400}, "HasClip": false, "Lang": "en", "ObjectID": 1388, "Page": 0, "Path": "//Document/P[2]", "Text": "Shubham Tripathi,1, 2, 3 David A. Kessler,4, and Herbert Levine2, 3, ", "TextSize": 6.9738006591796875, "attributes": {"LineHeight": 12, "SpaceAfter": 3.25, "TextAlign": "Center"}}, {"Bounds": [92.40010070800781, 689.6053314208984, 525.9196472167969, 699.6118316650391], "Font": {"alt_family_name": "CMT I", "embedded": true, "encoding": "WinAnsiEncoding", "family_name": "CMT I 9", "font_type": "Type1", "italic": false, "monospaced": false, "name": "DMRBBG+CMTI9", "subset": true, "weight": 400}, "HasClip": false, "Lang": "en", "ObjectID": 1426, "Page": 0, "Path": "//Document/Footnote", "Text": "1PhD Program in Systems, Synthetic, and Physical Biology, Rice University, Houston, Texas 77005, USA ", "TextSize": 8.966400146484375, "attributes": {"LineHeight": 7.125}}, {"Bounds": [126.12019348144531, 679.1650238037109, 492.18885803222656, 689.1715240478516], "Font": {"alt_family_name": "CMT I", "embedded": true, "encoding": "WinAnsiEncoding", "family_name": "CMT I 9", "font_type": "Type1", "italic": false, "monospaced": false, "name": "DMRBBG+CMTI9", "subset": true, "weight": 400}, "HasClip": false, "Lang": "en", "ObjectID": 1428, "Page": 0, "Path": "//Document/Footnote[2]", "Text": "2Center for Theoretical Biological Physics, Rice Univeristy, Houston, Texas 77005, USA ", "TextSize": 8.966400146484375, "attributes": {"LineHeight": 7.125}}, {"Bounds": [131.52020263671875, 668.7252197265625, 486.79884338378906, 678.7317199707031], "Font": {"alt_family_name": "CMT I", "embedded": true, "encoding": "WinAnsiEncoding", "family_name": "CMT I 9", "font_type": "Type1", "italic": false, "monospaced": false, "name": "DMRBBG+CMTI9", "subset": true, "weight": 400}, "HasClip": false, "Lang": "en", "ObjectID": 1430, "Page": 0, "Path": "//Document/Footnote[3]", "Text": "3Department of Physics, Northeastern Univeristy, Boston, Massachusetts 02115, USA ", "TextSize": 8.966400146484375, "attributes": {"LineHeight": 7.125}}, {"Bounds": [160.31919860839844, 658.2850189208984, 457.8325653076172, 668.2915344238281], "Font": {"alt_family_name": "CMT I", "embedded": true, "encoding": "WinAnsiEncoding", "family_name": "CMT I 9", "font_type": "Type1", "italic": false, "monospaced": false, "name": "DMRBBG+CMTI9", "subset": true, "weight": 400}, "HasClip": false, "Lang": "en", "ObjectID": 1432, "Page": 0, "Path": "//Document/Footnote[4]", "Text": "4Department of Physics, Bar-Ilan Univeristy, Ramat-Gan 52900, Israel ", "TextSize": 8.966400146484375, "attributes": {"LineHeight": 7.125}}, {"Bounds": [250.56077575683594, 647.5612030029297, 365.37913513183594, 656.5276031494141], "Font": {"alt_family_name": "CM R", "embedded": true, "encoding": "Custom", "family_name": "CM R 9", "font_type": "Type1", "italic": false, "monospaced": false, "name": "FFPCAL+CMR9", "subset": true, "weight": 400}, "HasClip": false, "Lang": "en", "ObjectID": 1433, "Page": 0, "Path": "//Document/Footnote[5]", "Text": "(Dated: November 26, 2019) ", "TextSize": 8.966400146484375, "attributes": {"LineHeight": 10.75, "SpaceAfter": 7.125}}, {"Bounds": [108.83786010742188, 525.5464324951172, 507.2939758300781, 639.0072631835938], "Font": {"alt_family_name": "CM R", "embedded": true, "encoding": "Custom", "family_name": "CM R 9", "font_type": "Type1", "italic": false, "monospaced": false, "name": "FFPCAL+CMR9", "subset": true, "weight": 400}, "HasClip": false, "Lang": "en", "ObjectID": 1434, "Page": 0, "Path": "//Document/P[3]", "Text": "Characterization of the di erences between biological and random networks can reveal the design principles that enable the robust realization of crucial biological functions including the establishment of di erent cell types. Previous studies, focusing on identifying topological features that are present in biological networks but not in random networks, have, however, provided few functional insights. We use a Boolean modeling framework and ideas from spin glass literature to identify functional di erences between five real biological networks and random networks with similar topological features. We show that minimal frustration is a fundamental property that allows biological networks to robustly establish cell types and regulate cell fate choice, and this property can emerge in complex networks via Darwinian evolution. The study also provides clues regarding how the regulation of cell fate choice can go awry in a disease like cancer and lead to the emergence of aberrant cell types. ", "TextSize": 8.966400146484375, "attributes": {"LineHeight": 10.5, "SpaceAfter": 18, "TextAlign": "Justify"}}, {"Bounds": [53.99690246582031, 302.38743591308594, 299.3737487792969, 503.55224609375], "Font": {"alt_family_name": "CM R", "embedded": true, "encoding": "Custom", "family_name": "CM R 10", "font_type": "Type1", "italic": false, "monospaced": false, "name": "PGJUBX+CMR10", "subset": true, "weight": 400}, "HasClip": false, "Lang": "en", "ObjectID": 1380, "Page": 0, "Path": "//Document/P[4]", "Text": "Biological regulatory networks establish cell type-specific gene expression patterns [(<>)1] and regulate cell fate-choice in response to various signals. These networks present a contradiction analogous to the famed Levinthal paradox in protein folding [(<>)2]. Networks as large and complex as those regulating cell fate typically exhibit a huge number of stable states [(<>)3]. Each such stable state or collection of stable states with a reasonably shared pattern of gene expression represents a cell type [(<>)4, (<>)5]. This relationship, however, predicts a number of cell types much larger than that seen in multicellular organisms. A smaller number of cell types can be attained via the evolutionary fine-tuning of network parameters [(<>)6] or by putting cells through a precise sequence of events during development [(<>)7]. In both scenarios, cell fate will be highly sensitive to intra-and extra-cellular perturbations, an undesirable property. ", "TextSize": 9.962600708007812, "attributes": {"LineHeight": 12, "SpaceAfter": 9.125, "TextAlign": "Justify"}}, {"Bounds": [54.006866455078125, 66.07455444335938, 299.37567138671875, 291.2293243408203], "Font": {"alt_family_name": "CM R", "embedded": true, "encoding": "Custom", "family_name": "CM R 10", "font_type": "Type1", "italic": false, "monospaced": false, "name": "PGJUBX+CMR10", "subset": true, "weight": 400}, "HasClip": false, "ObjectID": 1368, "Page": 0, "Path": "//Document/P[5]/ParagraphSpan", "Text": "Features that distinguish biological regulatory networks from random networks may provide a clue regarding how these networks can robustly establish the smaller than expected number of cell types. Biological networks have been shown to often exhibit a scale-free degree distribution [(<>)8] which might allow these networks to define topologically stable cell types [(<>)9]. Regulatory networks in Escherichia coli and Saccharomyces cerevisiae have been shown to be hierarchically organized [(<>)10]. Certain network patterns, called motifs, are known to recur far more frequently in biological networks than in random networks [(<>)11], and often mediate cell fate choice [(<>)12]. However, these investigations of topological di\ue00b erences between biological and random networks have provided few insights into how the functional characteristics of biological networks di\ue00b er from those of random networks and allow biological networks to establish cell types. In this Letter, we compare the dynamical behavior of biological networks with that of random networks which ", "TextSize": 9.962600708007812}, {"Bounds": [317.0493927001953, 457.8836975097656, 562.2787170410156, 503.71165466308594], "Font": {"alt_family_name": "CM R", "embedded": true, "encoding": "Custom", "family_name": "CM R 10", "font_type": "Type1", "italic": false, "monospaced": false, "name": "PGJUBX+CMR10", "subset": true, "weight": 400}, "HasClip": false, "ObjectID": 1371, "Page": 0, "Path": "//Document/P[5]/ParagraphSpan[2]", "Text": "have similar topological features and observe some remarkable di\ue00b erences. These could hold the key to elucidating the design principles that allow biological regulatory networks to carry out their biological functions. ", "TextSize": 9.962600708007812}, {"Bounds": [317.02879333496094, 194.67507934570312, 562.2787170410156, 455.9708709716797], "Font": {"alt_family_name": "CM R", "embedded": true, "encoding": "Custom", "family_name": "CM R 10", "font_type": "Type1", "italic": false, "monospaced": false, "name": "PGJUBX+CMR10", "subset": true, "weight": 400}, "HasClip": false, "Lang": "en", "ObjectID": 1346, "Page": 0, "Path": "//Document/P[6]", "Text": "Boolean modeling of biological networks.\u2014 A Boolean modeling framework [(<>)13] has proven useful for characterizing the behavior of large networks in cases where the use of ordinary di\ue00b erential equations-based modeling frameworks becomes challenging due to the numerous and hard to estimate kinetic parameters involved. In this framework, the only knowledge required is whether each regulatory relationship between network nodes is activating or inhibitory. The state of a N-node network in such a framework may be specified via a sequence {si} of N binary variables; si = \u00b11. When modeling a biological regulatory network, each network node represents a molecular species such as a transcription factor or micro-RNA. If species i (the molecular species represented by node i) is highly expressed, si = +1, otherwise si = \u22121. Regulatory relationships between molecular species are specified by a N \u00d7N matrix J where Jij = +1 of species j promotes the expression of species i and Jij = \u22121 if species j inhibits the expression of species i. The absence of any regulatory relationship between species i and species j is indicated by Jij = 0. The discrete-time network dynamics can then be simulated using [(<>)14] ", "TextSize": 9.962600708007812, "attributes": {"LineHeight": 12, "SpaceAfter": 11.25, "TextAlign": "Justify"}}, {"Bounds": [362.4021453857422, 134.97386169433594, 515.5815582275391, 194.82916259765625], "ObjectID": 1438, "Page": 0, "Path": "//Document/Figure", "attributes": {"BBox": [362.38499999999476, 143.30599999999686, 515.618999999977, 185.90499999999884], "Placement": "Block"}}, {"Bounds": [362.4021453857422, 134.97386169433594, 515.5815582275391, 194.82916259765625], "Font": {"alt_family_name": "CMM I", "embedded": true, "encoding": "Custom", "family_name": "CMM I 10", "font_type": "Type1", "italic": false, "monospaced": false, "name": "PDLFEB+CMMI10", "subset": true, "weight": 400}, "HasClip": false, "ObjectID": 1438, "Page": 0, "Path": "//Document/Figure", "Text": "si(t + 1) = \uf8f1 \uf8f4\uf8f2 \uf8f4\uf8f3 +1 \ue050 j Jij sj > 0 \u22121 if \ue050 j Jij sj < 0 si(t) \ue050 j Jij sj =0 ", "TextSize": 9.962600708007812, "attributes": {"BBox": [362.38499999999476, 143.30599999999686, 515.618999999977, 185.90499999999884], "Placement": "Block"}}, {"Bounds": [549.3647308349609, 159.99432373046875, 562.1098937988281, 169.95692443847656], "Font": {"alt_family_name": "CM R", "embedded": true, "encoding": "Custom", "family_name": "CM R 10", "font_type": "Type1", "italic": false, "monospaced": false, "name": "PGJUBX+CMR10", "subset": true, "weight": 400}, "HasClip": false, "Lang": "en", "ObjectID": 1439, "Page": 0, "Path": "//Document/P[7]", "Text": "(1) ", "TextSize": 9.962600708007812, "attributes": {"LineHeight": 12, "SpaceAfter": 18, "TextAlign": "End"}}, {"Bounds": [317.04212951660156, 77.91488647460938, 562.1497344970703, 135.63577270507812], "Font": {"alt_family_name": "CM R", "embedded": true, "encoding": "Custom", "family_name": "CM R 10", "font_type": "Type1", "italic": false, "monospaced": false, "name": "PGJUBX+CMR10", "subset": true, "weight": 400}, "HasClip": false, "Lang": "en", "ObjectID": 1314, "Page": 0, "Path": "//Document/P[8]", "Text": "The network state is updated asynchronously, i.e., at each discrete time point, a network node is chosen at random and its state updated using Eq. ((<>)1). Clearly, a state {si} is a stable state of the network if si is a fixed point of Eq. ((<>)1) for all i. ", "TextSize": 9.962600708007812, "attributes": {"LineHeight": 12, "TextAlign": "Justify"}}, {"Bounds": [327.0047302246094, 65.91990661621094, 562.0932006835938, 75.88250732421875], "Font": {"alt_family_name": "CM R", "embedded": true, "encoding": "Custom", "family_name": "CM R 10", "font_type": "Type1", "italic": false, "monospaced": false, "name": "PGJUBX+CMR10", "subset": true, "weight": 400}, "HasClip": false, "Lang": "en", "ObjectID": 1440, "Page": 0, "Path": "//Document/P[9]", "Text": "Note that the dynamical behavior of a network in ", "TextSize": 9.962600708007812, "attributes": {"LineHeight": 12}}, {"Bounds": [53.997344970703125, 595.9882354736328, 299.25762939453125, 737.4292602539062], "Font": {"alt_family_name": "CM R", "embedded": true, "encoding": "Custom", "family_name": "CM R 10", "font_type": "Type1", "italic": false, "monospaced": false, "name": "PGJUBX+CMR10", "subset": true, "weight": 400}, "HasClip": false, "Lang": "en", "ObjectID": 1271, "Page": 1, "Path": "//Document/P[10]", "Text": "the above modeling framework is equivalent to the zero-temperature dynamics of an asymmetric spin glass on a graph. Using this equivalence, we characterize an edge i ! j in state {si} as frustrated [(<>)15] if Jij sisj < 0, i.e., if the values of node i and node j in that state do not follow the regulatory relationship between the two nodes. Then, the frustration of a state can be defined as the fraction of network edges that are frustrated in that state. If a network involves regulatory relationships that conflict with one another, all regulatory relationships cannot be satisfied in any state. Hence, such a network will have stable states with non-zero frustration. ", "TextSize": 9.962600708007812, "attributes": {"LineHeight": 12, "SpaceAfter": 3.125, "TextAlign": "Justify"}}, {"Bounds": [53.997344970703125, 329.9270477294922, 299.29541015625, 590.8276062011719], "Font": {"alt_family_name": "CM R", "embedded": true, "encoding": "Custom", "family_name": "CM R 10", "font_type": "Type1", "italic": false, "monospaced": false, "name": "PGJUBX+CMR10", "subset": true, "weight": 400}, "HasClip": false, "Lang": "en", "ObjectID": 1263, "Page": 1, "Path": "//Document/P[11]", "Text": "Comparison of biological and random networks.\u2014 We determined the stable states of five biological networks taken from the literature [(<>)14, (<>)16\u2013(<>)19] (see Supplemental Material [(<>)20], section II (a)) and compared the frustration of the stable states of each of these networks with the frustration of the stable states of random networks with topological features similar to the biological network (each random network had the same total number of nodes and edges, node in-and out-degree distributions, and the total number of activating and inhibitory relationships between nodes in the network as the corresponding biological network) (Fig. (<>)1; also see Supplemental Material [(<>)20], Fig. S1 and section II (b)-(c)). In the case of each biological network, most stable states had frustration comparable to the frustration of each of the stable states of the corresponding random networks. However, each biological network had a set of stable states with frustration much lower than the frustration of the stable states of random networks. Crucially, biological networks are highly likely to end up in one of these minimally frustrated stable states when their dynamics is simulated starting from random initial conditions (Fig. ", "TextSize": 9.962600708007812, "attributes": {"LineHeight": 12, "SpaceAfter": 18, "TextAlign": "Justify"}}, {"Bounds": [52.9375, 176.65699768066406, 298.9125061035156, 304.3816375732422], "ClipBounds": [53.975006103515625, 176.65699768066406, 298.9125061035156, 303.4199981689453], "ObjectID": 1418, "Page": 1, "Path": "//Document/Figure[2]", "attributes": {"BBox": [54.957799999998315, 176.54499999999825, 298.9079999999958, 302.41999999999825], "Placement": "Block"}}, {"Bounds": [52.9375, 176.65699768066406, 298.9125061035156, 304.3816375732422], "ClipBounds": [53.975006103515625, 176.65699768066406, 298.9125061035156, 303.4199981689453], "Font": {"alt_family_name": "Arial", "embedded": true, "encoding": "Custom", "family_name": "Arial MT", "font_type": "TrueType", "italic": false, "monospaced": false, "name": "GZTCUO+ArialMT", "subset": true, "weight": 400}, "HasClip": true, "ObjectID": 1418, "Page": 1, "Path": "//Document/Figure[2]", "Text": "0 0.1 0.2 0.3 0.4 0.1 0.2 0.3 0.4 0.5 Random networks Biological networks 500 biol. trajectories Frustration in stable states 26-node EMT network 72-node EMT network Pluripotency network SCLC network Gastric cancer network ", "TextSize": 5.8332977294921875, "attributes": {"BBox": [54.957799999998315, 176.54499999999825, 298.9079999999958, 302.41999999999825], "Placement": "Block"}}, {"Bounds": [54.0, 70.25775146484375, 299.1781463623047, 162.8448028564453], "Font": {"alt_family_name": "CM R", "embedded": true, "encoding": "Custom", "family_name": "CM R 9", "font_type": "Type1", "italic": false, "monospaced": false, "name": "FFPCAL+CMR9", "subset": true, "weight": 400}, "HasClip": false, "Lang": "en", "ObjectID": 1419, "Page": 1, "Path": "//Document/P[12]", "Text": "FIG. 1. (Color online) Distribution of frustration for the stable states of biological networks and random networks. The blue (black in print) violin in each panel shows the frustration of the states one ends up in when simulating the dynamics of the biological network starting from 500 random initial conditions. In the case of the 72-node EMT network and in the case of the pluripotency network, 5000 least frustrated stable states of each random network have been shown. The white circle in each violin indicates the median. ", "TextSize": 8.966400146484375, "attributes": {"LineHeight": 10.5, "TextAlign": "Justify"}}, {"Bounds": [317.0399932861328, 679.7289733886719, 562.3251190185547, 737.4323425292969], "Font": {"alt_family_name": "CM R", "embedded": true, "encoding": "Custom", "family_name": "CM R 10", "font_type": "Type1", "italic": false, "monospaced": false, "name": "PGJUBX+CMR10", "subset": true, "weight": 400}, "HasClip": false, "Lang": "en", "ObjectID": 1260, "Page": 1, "Path": "//Document/Footnote[6]/Reference", "Text": "(<>)1: blue (black in print) violins in each panel; also see Supplemental Material [(<>)20], Fig. S2). Minimally frustrated stable states are thus likely to be biologically significant, with most cells in a population exhibiting gene expression patterns corresponding to these states. ", "TextSize": 9.962600708007812, "attributes": {"LineHeight": 12, "SpaceAfter": 6, "TextAlign": "Justify"}}, {"Bounds": [408.9629669189453, 604.8896026611328, 491.5957336425781, 631.8683319091797], "ObjectID": 1246, "Page": 1, "Path": "//Document/P[13]/Figure", "attributes": {"BBox": [408.9429999999993, 612.3669999999984, 491.61999999999534, 622.926999999996]}}, {"Bounds": [447.7198944091797, 610.9376373291016, 450.53736877441406, 617.2768249511719], "Font": {"alt_family_name": "CMM I", "embedded": true, "encoding": "Custom", "family_name": "CMM I 7", "font_type": "Type1", "italic": false, "monospaced": false, "name": "JFZAYZ+CMMI7", "subset": true, "weight": 400}, "HasClip": false, "ObjectID": 1254, "Page": 1, "Path": "//Document/P[13]/Figure/StyleSpan", "Text": "i", "TextSize": 6.9738006591796875, "attributes": {"TextPosition": "Sub"}}, {"Bounds": [459.6000061035156, 611.4173431396484, 462.41746520996094, 617.7565307617188], "Font": {"alt_family_name": "CMM I", "embedded": true, "encoding": "Custom", "family_name": "CMM I 7", "font_type": "Type1", "italic": false, "monospaced": false, "name": "JFZAYZ+CMMI7", "subset": true, "weight": 400}, "HasClip": false, "ObjectID": 1255, "Page": 1, "Path": "//Document/P[13]/Figure/StyleSpan[2]", "Text": "i ", "TextSize": 6.9738006591796875, "attributes": {"TextPosition": "Sub"}}, {"Bounds": [469.91990661621094, 611.1774444580078, 472.73736572265625, 617.5166320800781], "Font": {"alt_family_name": "CMM I", "embedded": true, "encoding": "Custom", "family_name": "CMM I 7", "font_type": "Type1", "italic": false, "monospaced": false, "name": "JFZAYZ+CMMI7", "subset": true, "weight": 400}, "HasClip": false, "ObjectID": 1256, "Page": 1, "Path": "//Document/P[13]/Figure/StyleSpan[3]", "Text": "i ", "TextSize": 6.9738006591796875, "attributes": {"TextPosition": "Sub"}}, {"Bounds": [408.9629669189453, 604.8896026611328, 491.5957336425781, 631.8683319091797], "Font": {"alt_family_name": "CM R", "embedded": true, "encoding": "Custom", "family_name": "CM R 10", "font_type": "Type1", "italic": false, "monospaced": false, "name": "PGJUBX+CMR10", "subset": true, "weight": 400}, "HasClip": false, "ObjectID": 1246, "Page": 1, "Path": "//Document/P[13]/Figure", "Text": "q = \ue050 (ss)/N ", "TextSize": 9.962600708007812, "attributes": {"BBox": [408.9429999999993, 612.3669999999984, 491.61999999999534, 622.926999999996]}}, {"Bounds": [317.03004455566406, 432.04408264160156, 562.3299102783203, 671.7190399169922], "Font": {"alt_family_name": "CM R", "embedded": true, "encoding": "Custom", "family_name": "CM R 10", "font_type": "Type1", "italic": false, "monospaced": false, "name": "PGJUBX+CMR10", "subset": true, "weight": 400}, "HasClip": false, "Lang": "en", "ObjectID": 1241, "Page": 1, "Path": "//Document/P[13]", "Text": "Relation between stables states and biological pheno-typic states.\u2014 We next investigated if any structural patterns underlie the organization of stable states of biological networks. The distribution P (q ) of the overlap between network states was found to be very broad when , pairs are chosen randomly from the set of stable states of biological networks. This indicates a hierarchical organization of stable states [(<>)21]. However, when the pairs are sampled from among the minimally frustrated stable states, P (q ) is bimodal with peaks near +1 and \u22121 (Fig. (<>)2 (a) and (<>)2 (d); also see Supplemental Material [(<>)20], Fig. S3 (a), S3 (c), and S3 (e)). Since q is a measure of similarity between the states {si } and {si }, a collection of states with q close to +1 for all pairs represents a collection of cells with reasonably similar gene expression profiles, to be associated with a distinct cell phenotype. A bimodal P (q ) for minimally frustrated stable states of biological networks considered here thus suggests that these states constitute two stable cell phenotypes. ", "TextSize": 9.962600708007812, "attributes": {"LineHeight": 11.5, "SpaceAfter": 5.5}}, {"Bounds": [317.03443908691406, 68.100341796875, 562.3314971923828, 424.6020202636719], "Font": {"alt_family_name": "CM R", "embedded": true, "encoding": "Custom", "family_name": "CM R 10", "font_type": "Type1", "italic": false, "monospaced": false, "name": "PGJUBX+CMR10", "subset": true, "weight": 400}, "HasClip": false, "Lang": "en", "ObjectID": 1220, "Page": 1, "Path": "//Document/P[14]", "Text": "In the case of the network regulating epithelial-mesenchymal transition (EMT) [(<>)14], minimally frustrated stable states represent the two canonical pheno-typic states, epithelial and mesenchymal (Fig. (<>)2 (b)-(c); also see Supplemental Material [(<>)20], Fig. S3 (b)). In the case of the network regulating pluripotency and di\ue00b er-entiation in human embryonic stem cells [(<>)18], minimally frustrated stable states define stem and di\ue00b erentiated cell types (Fig. (<>)2 (e)-(f)). In contrast, high frustration stable states of biological networks involve co-presentation of molecular markers corresponding to conflicting biological behaviors. For instance, high frustration stable states of the network regulating EMT involve co-presentation of epithelial and mesenchymal markers (Fig. (<>)2 (b)-(c); also see Supplemental Material [(<>)20], Fig. S3 (b)). Similarly, high frustration stable states of the network reg-ulating the neuroendocrine-mesenchymal transition [(<>)16] involve co-presentation of neuroendocrine and mesenchy-mal markers (see Supplemental Material [(<>)20], Fig. S3 (d)). These stable states thus represent ambiguous cell fate choices. Such ambiguous phenotypic states have been reported in cancer cells across disease sub-types [(<>)16, (<>)22], but appear to be suppressed in healthy tissue. To relate more directly to experimental data, we note that deletion of molecular species like GRHL2, OVOL2, and \ue001NP63 from the 26-node EMT network can lower the frustration of network stable states and decrease the fraction of stable states with co-presentation of epithelial and mesenchymal markers (see Supplemental Material [(<>)20], Fig. S4). Indeed, loss of expression of such ", "TextSize": 9.962600708007812, "attributes": {"LineHeight": 12, "TextAlign": "Justify"}}, {"Bounds": [116.609375, 543.6829986572266, 498.39599609375, 740.9949188232422], "ClipBounds": [117.45500183105469, 544.5350036621094, 498.39599609375, 739.9250030517578], "ObjectID": 1414, "Page": 2, "Path": "//Document/Figure[3]", "attributes": {"BBox": [118.55499999999665, 544.929999999993, 495.2199999999866, 738.7219999999797], "Placement": "Block"}}, {"Bounds": [116.609375, 543.6829986572266, 498.39599609375, 740.9949188232422], "ClipBounds": [117.45500183105469, 544.5350036621094, 498.39599609375, 739.9250030517578], "Font": {"alt_family_name": "Arial", "embedded": true, "encoding": "Custom", "family_name": "Arial MT", "font_type": "TrueType", "italic": false, "monospaced": false, "name": "GZTCUO+ArialMT", "subset": true, "weight": 400}, "HasClip": true, "ObjectID": 1414, "Page": 2, "Path": "//Document/Figure[3]", "Text": "-10 -5 0 5 10 -10 -5 0 5 10 -10 -5 0 5 10 -10 -5 0 5 10 -10 -5 0 5 10 0.1 0.15 0.2 0.25 -6 -4 -2 0 2 4 6 -6 -4 -2 0 2 4 6 -20 -15 -10 -5 0 5 10 15 20 -6 -4 -2 0 2 4 6 -6 -4 -2 0 2 4 6 0.15 0.2 0.25 0.3 0.35 Color indicates frustration Color indicates phenotypic score 72-node EMT networkPluripotency network Epithelial score Stemness score PC2 PC2 PC1 PC1 \ue001 (\ue002 \ue003\ue004 ) \ue001 (\ue002 \ue003\ue004 ) \ue002 \ue003\ue004 (a) (b) (c) (d) (e) (f) ", "TextSize": 6.949798583984375, "attributes": {"BBox": [118.55499999999665, 544.929999999993, 495.2199999999866, 738.7219999999797], "Placement": "Block"}}, {"Bounds": [53.995330810546875, 448.7346496582031, 562.1356353759766, 532.2118225097656], "Font": {"alt_family_name": "CM R", "embedded": true, "encoding": "Custom", "family_name": "CM R 9", "font_type": "Type1", "italic": false, "monospaced": false, "name": "FFPCAL+CMR9", "subset": true, "weight": 400}, "HasClip": false, "Lang": "en", "ObjectID": 1218, "Page": 2, "Path": "//Document/P[15]", "Text": "FIG. 2. Minimally frustrated stable states of biological networks define canonical cell types. (a), (d) P (q ) is bimodal for the minimally frustrated stable states of both the 72-node EMT network and the pluripotency network. (b), (c), (e), (f) Principal component-representation of the 200000 observed stable states of the 72-node EMT network and of the pluripotency network. In each case, we included 100000 least frustrated and 100000 most frustrated stable states. In (c), a high, positive score indicates an epithelial phenotype while a low, negative score indicates a mesenchymal phenotype. In (f), a high, positive score indicates a stem cell phenotype while a low, negative score indicates a di erentiated phenotype. Clusters with extreme values of the phenotypic scores represent canonical cell types. See Supplemental Material [(<>)20], section II (d) for details of how the scores were defined. ", "TextSize": 8.966400146484375, "attributes": {"LineHeight": 10.5, "SpaceAfter": 18, "TextAlign": "Justify"}}, {"Bounds": [54.00140380859375, 404.55467224121094, 299.16796875, 426.5122528076172], "Font": {"alt_family_name": "CM R", "embedded": true, "encoding": "Custom", "family_name": "CM R 10", "font_type": "Type1", "italic": false, "monospaced": false, "name": "PGJUBX+CMR10", "subset": true, "weight": 400}, "HasClip": false, "Lang": "en", "ObjectID": 1216, "Page": 2, "Path": "//Document/P[16]", "Text": "species in cells has recently been shown to inhibit such co-presentation [(<>)23\u2013(<>)25]. ", "TextSize": 9.962600708007812, "attributes": {"LineHeight": 12, "SpaceAfter": 7.625}}, {"Bounds": [53.99946594238281, 218.35824584960938, 299.26666259765625, 395.6780090332031], "Font": {"alt_family_name": "CM R", "embedded": true, "encoding": "Custom", "family_name": "CM R 10", "font_type": "Type1", "italic": false, "monospaced": false, "name": "PGJUBX+CMR10", "subset": true, "weight": 400}, "HasClip": false, "Lang": "en", "ObjectID": 1171, "Page": 2, "Path": "//Document/P[17]", "Text": "E ect of noise in network dynamics.\u2014 So far, we have neglected stochasticity in our analyses. Noise in gene expression can have significant implications for cellular function [(<>)26]. We defined a pseudo-Hamiltonian H = \ue050 \u2212 i,j Jij sisj and used the finite-temperature Metropolis Monte Carlo algorithm [(<>)27, (<>)28] to probe network behavior under noisy dynamics (for details of the simulations, see Supplemental Material [(<>)20], section II (e)). As node dynamics become increasingly noisy, biological networks become more and more likely to exhibit states with high frustration (Fig. (<>)3 (a) and (<>)3 (e); also see Supplemental Material [(<>)20], Fig. S5 (a)-(c), and S6). Functionally, this manifests as more and more cells in a population presenting with ambiguous cell fate choices (Fig. (<>)3 (c) and (<>)3 (g)). ", "TextSize": 9.962600708007812, "attributes": {"LineHeight": 11.125, "SpaceAfter": 6.875}}, {"Bounds": [54.01939392089844, 68.05250549316406, 299.2955322265625, 209.4815673828125], "Font": {"alt_family_name": "CM R", "embedded": true, "encoding": "Custom", "family_name": "CM R 10", "font_type": "Type1", "italic": false, "monospaced": false, "name": "PGJUBX+CMR10", "subset": true, "weight": 400}, "HasClip": false, "ObjectID": 1164, "Page": 2, "Path": "//Document/P[18]/ParagraphSpan", "Text": "E ect of network mutations.\u2014 Another scenario in which cells presenting ambiguous cell fate choices are frequently observed in our modeling framework is if the biological network becomes mutated (Fig. (<>)3 (b) and (<>)3 (f); also see Supplemental Material [(<>)20], Fig. S5 (d)-(f), and S7). We observed that the studied biological networks are relatively robust, and it is only after a signifivant number of mutations have accumulated that a significant fraction of cells in the population start exhibiting non-canonical phenotypic states. Since high frustration stable states are far more numerous than minimally frustrated stable states, cell-to-cell variation in network states will be ", "TextSize": 9.962600708007812}, {"Bounds": [317.0619201660156, 416.6538391113281, 499.9383239746094, 426.61643981933594], "Font": {"alt_family_name": "CM R", "embedded": true, "encoding": "Custom", "family_name": "CM R 10", "font_type": "Type1", "italic": false, "monospaced": false, "name": "PGJUBX+CMR10", "subset": true, "weight": 400}, "HasClip": false, "ObjectID": 1167, "Page": 2, "Path": "//Document/P[18]/ParagraphSpan[2]", "Text": "higher when cells exhibit high frustration. ", "TextSize": 9.962600708007812}, {"Bounds": [317.033935546875, 176.47869873046875, 562.2195129394531, 413.206787109375], "Font": {"alt_family_name": "CM R", "embedded": true, "encoding": "Custom", "family_name": "CM R 10", "font_type": "Type1", "italic": false, "monospaced": false, "name": "PGJUBX+CMR10", "subset": true, "weight": 400}, "HasClip": false, "Lang": "en", "ObjectID": 1156, "Page": 2, "Path": "//Document/P[19]", "Text": "Emergence of biological characteristics in random networks.\u2014 Under selection for networks with low frustration states, a population of randomized 26-node EMT networks can evolve to exhibit the behavior reported herein for the corresponding biological network (Fig. (<>)4; see Supplemental Material [(<>)20], section II (f) for details of the simulation). This includes existence of minimally frustrated stable states that are frequently encountered when starting from random initial conditions (Fig. (<>)4 (Top)) and a bimodal P(q ) when , pairs are sampled from among the minimally frustrated stable states (Fig. (<>)4 (Bottom)). That such an evolutionary process is feasible lends crucial support to the hypothesis that the existence of minimally frustrated stable states is a feature that has been acquired by complex biological networks over evolutionary time. Finally, preliminary data suggests that one can relax the assumption of a Boolean modeling framework without changing any of the conclusions (see Supplemental Material [(<>)20], section II (g), Fig. S8, S9 (b), and S9 (d)). ", "TextSize": 9.962600708007812, "attributes": {"LineHeight": 12, "TextAlign": "Justify"}}, {"Bounds": [317.0438995361328, 68.03579711914062, 562.2184295654297, 173.59950256347656], "Font": {"alt_family_name": "CM R", "embedded": true, "encoding": "Custom", "family_name": "CM R 10", "font_type": "Type1", "italic": false, "monospaced": false, "name": "PGJUBX+CMR10", "subset": true, "weight": 400}, "HasClip": false, "ObjectID": 1125, "Page": 2, "Path": "//Document/P[20]/ParagraphSpan", "Text": "Discussion\u2014 In the energy landscape description of protein folding [(<>)29, (<>)30], existence of minimally frustrated structural conformations distinguishes biological proteins from random heteropolymers. Here, we have shown that the existence of minimally frustrated stable states similarly distinguishes biological regulatory networks from random networks. These minimally frustrated stable states represent canonical cell types and because most random initial conditions dynamically evolve to one of ", "TextSize": 9.962600708007812}, {"Bounds": [53.99888610839844, 584.1247711181641, 299.1744079589844, 737.4292602539062], "Font": {"alt_family_name": "CM R", "embedded": true, "encoding": "Custom", "family_name": "CM R 10", "font_type": "Type1", "italic": false, "monospaced": false, "name": "PGJUBX+CMR10", "subset": true, "weight": 400}, "HasClip": false, "ObjectID": 1152, "Page": 3, "Path": "//Document/P[20]/ParagraphSpan[2]", "Text": "the minimally frustrated stable states, biological networks can robustly establish cell types and regulate cell fate choice between these types. The number of commonly observed cell fates is thus limited to the number of expression patterns in these minimally frustrated stable states. The minimal frustration property distinguishes stable states corresponding to canonical cell types from other possible stable states of the biological network. In contrast, while a random network may have a collection of stable states with an expression pattern similar to that of a canonical cell type, these stable states will in no way be special as compared to the numerous other stable states the random network can exhibit. ", "TextSize": 9.962600708007812}, {"Bounds": [53.99888610839844, 535.4176177978516, 299.09877014160156, 581.2455902099609], "Font": {"alt_family_name": "CM R", "embedded": true, "encoding": "Custom", "family_name": "CM R 10", "font_type": "Type1", "italic": false, "monospaced": false, "name": "PGJUBX+CMR10", "subset": true, "weight": 400}, "HasClip": false, "Lang": "en", "ObjectID": 1123, "Page": 3, "Path": "//Document/P[21]", "Text": "Cancer cells exhibit very noisy gene expression which may be driven by the overexpression of certain genes [(<>)31\u2013 (<>)33], corrupted epigenetic regulation [(<>)34], or by metabolic re-programming [(<>)35]. Our results suggest that given the ", "TextSize": 9.962600708007812, "attributes": {"LineHeight": 12, "SpaceAfter": 18, "TextAlign": "Justify"}}, {"Bounds": [83.42039489746094, 213.0, 268.28759765625, 514.7650146484375], "ClipBounds": [84.57499694824219, 218.375, 268.28759765625, 513.72802734375], "ObjectID": 1398, "Page": 3, "Path": "//Document/Figure[4]", "attributes": {"BBox": [85.67649999999776, 218.6629999999932, 268.4289999999892, 512.5309999999881], "Placement": "Block"}}, {"Bounds": [83.42039489746094, 213.0, 268.28759765625, 514.7650146484375], "ClipBounds": [84.57499694824219, 218.375, 268.28759765625, 513.72802734375], "Font": {"alt_family_name": "Arial", "embedded": true, "encoding": "Custom", "family_name": "Arial MT", "font_type": "TrueType", "italic": false, "monospaced": false, "name": "VUWVQH+ArialMT", "subset": true, "weight": 400}, "HasClip": true, "ObjectID": 1398, "Page": 3, "Path": "//Document/Figure[4]", "Text": "0 15 3\ufffd 45 6\ue001 \ue002 \ue003\ue004\ue005\ue006 \ue007\ue008 \ue00e\ue00f\ue010 \ue011\ue012\ue013\ue014 \ue015\ue016\ue017 \u02d8\u02c7\u02c6\u02d9 \u02dd 15 \u02db\u00b0 45 \u02dc -15 -!\" -5 # 5 1$ 15 % 15 &' 45 () *+, ./2 457 8 9: ;< => ? 15 @A 45 BC DEFG HIJ KLMN OPQ RSTU VWX YZ[\\ ]^_ 72-node EMT network Pluripotency network ` a b c d e f tion g h i j k l m tion Epithelial scoreStemness score (a) (c) (e) nop (b) (d) (f) (h) Temperature (non-dim.) qrsber of mutations ", "TextSize": 6.474395751953125, "attributes": {"BBox": [85.67649999999776, 218.6629999999932, 268.4289999999892, 512.5309999999881], "Placement": "Block"}}, {"Bounds": [54.0, 70.26466369628906, 299.1109619140625, 204.72479248046875], "Font": {"alt_family_name": "CM R", "embedded": true, "encoding": "Custom", "family_name": "CM R 9", "font_type": "Type1", "italic": false, "monospaced": false, "name": "FFPCAL+CMR9", "subset": true, "weight": 400}, "HasClip": false, "Lang": "en", "ObjectID": 1399, "Page": 3, "Path": "//Document/P[22]", "Text": "FIG. 3. (Color online) High frustration states are increasingly occupied under noisy dynamics or if the biological network accumulates mutations. (a), (e) Frustration of observed biological network states under noisy node dynamics. The dynamics become more and more noisy as the pseudo-temperature is increased. (b), (f) Frustration of observed states when mutations are introduced into biological networks (without noise in the network dynamics). (c), (d) Epithelial scores of observed states under di erent levels of noise in the network dynamics (c) and when the network is mutated (d). (g), (h) Stemness scores of observed states under di erent levels of noise (g) and when the network is mutated (h). The white circle in each violin indicates the median. ", "TextSize": 8.966400146484375, "attributes": {"LineHeight": 10.5, "TextAlign": "Justify"}}, {"Bounds": [317.0399932861328, 596.0020751953125, 562.5183868408203, 737.43115234375], "Font": {"alt_family_name": "CM R", "embedded": true, "encoding": "Custom", "family_name": "CM R 10", "font_type": "Type1", "italic": false, "monospaced": false, "name": "PGJUBX+CMR10", "subset": true, "weight": 400}, "HasClip": false, "Lang": "en", "ObjectID": 1095, "Page": 3, "Path": "//Document/P[23]", "Text": "high gene expression noise, cancer cells must frequently exhibit ambiguous cell fate choices. Such behavior has been reported across cancer subtypes, and non-canonical phenotypic states in cancer cells have been shown to be associated with disease aggressiveness. For example, hybrid epithelial-mesenchymal cells, reported across cancer types, have been implicated in the metastatic aggressiveness of solid tumors [(<>)22]. Also, populations of small cell lung cancer cells treated with anti-cancer drugs have been shown to enrich for hybrid neuroendocrine-mesenchymal cells [(<>)16]. Lowering of network frustration upon deletion from the EMT network of factors known to stabi-", "TextSize": 9.962600708007812, "attributes": {"LineHeight": 12, "SpaceAfter": 18, "TextAlign": "Justify"}}, {"Bounds": [326.08580017089844, 402.8000030517578, 540.6136016845703, 565.7550048828125], "ClipBounds": [326.08580017089844, 402.8000030517578, 540.6136016845703, 565.7550048828125], "ObjectID": 1403, "Page": 3, "Path": "//Document/Figure[5]", "attributes": {"BBox": [329.1469999999972, 402.85599999999977, 540.5779999999795, 564.368999999977], "Placement": "Block"}}, {"Bounds": [326.08580017089844, 402.8000030517578, 540.6136016845703, 565.7550048828125], "ClipBounds": [326.08580017089844, 402.8000030517578, 540.6136016845703, 565.7550048828125], "Font": {"alt_family_name": "T 3 Font", "embedded": true, "encoding": "Custom", "family_name": "T 3 Font", "font_type": "Type3", "italic": false, "monospaced": false, "name": "T3Font_0", "subset": true, "weight": 400}, "HasClip": true, "ObjectID": 1403, "Page": 3, "Path": "//Document/Figure[5]", "Text": "t uvw xyz {|} ~ \u2020\u2021\u2026\u2014 \u2013 \u0192\u2044\u2039\u203a \u2212\u2030\u201e \u201c\u201d\u2018\u2019 \u201a\u2122fi fl\u0141\u0152\u0160 \u0178\u017d\u0131 \u0142 \u0153\u0161\u017e \u20ac\u00a1\u00a2 \u00a3 \u00a4\u00a5\u00a6 \u00a7\u00a8\u00a9 \u00aa\u00ab\u00ac\u00ae\u00af\u00b0\u00b1\u00b2n \u00b3\u00b4 \u00b5 \u00b6 \u00b7\u00b8 \u00b9 tion (pop \u00ba \u00bb \u00bc \u00bd \u00be \u00bf \u00c0 ", "TextSize": 0.100006103515625, "attributes": {"BBox": [329.1469999999972, 402.85599999999977, 540.5779999999795, 564.368999999977], "Placement": "Block"}}, {"Bounds": [314.41481018066406, 209.79344177246094, 561.768310546875, 403.9630126953125], "ClipBounds": [317.0149841308594, 209.79344177246094, 561.768310546875, 403.9630126953125], "ObjectID": 1404, "Page": 3, "Path": "//Document/Figure[6]", "attributes": {"BBox": [318.8269999999902, 211.46399999999994, 554.4969999999739, 398.05599999999686], "Placement": "Block"}}, {"Bounds": [314.41481018066406, 209.79344177246094, 561.768310546875, 403.9630126953125], "ClipBounds": [317.0149841308594, 209.79344177246094, 561.768310546875, 403.9630126953125], "Font": {"alt_family_name": "T 3 Font", "embedded": true, "encoding": "Custom", "family_name": "T 3 Font", "font_type": "Type3", "italic": false, "monospaced": false, "name": "T3Font_1", "subset": true, "weight": 400}, "HasClip": true, "ObjectID": 1404, "Page": 3, "Path": "//Document/Figure[6]", "Rotation": 90.0, "Text": "\ue001 (\ue002 \ue003\ue004 ) \u00c1\u00c2\u00c3\u00c4\u00c5\u00c6\u00c7\u00c8\u00c9\u00ca \u00cb -1 \u00cc 1 \u00cd \u00ce\u00cf\u00d0\u00d1 \u00d2\u00d3\u00d4\u00d5 \u00d6c\u00d8\u00d9 \u00da\u00db\u00dc\u00dd \u00de\u00df\u00e0\u00e1\u00e2\u00e3\u00e4\u00e5\u00e6\u00e7 \u00e8\u00e9 -1 \u00ea 1 \u00eb \u00ec\u00ed\u00ee\u00ef \u00f0\u00f1\u00f2\u00f3 \u00f4\u00f5\u00f6\u00f7 \u00f8\u00f9\u00fa\u00fb\u00fc\u00fd\u00feGn \ufffd\ue001\ue002 -1 0 1 \ue003 \ue004\ue005\ue006\ue007 \ue008 \ue00e\ue00f\ue010\ue011\ue012\ue013\ue014 \ue015\ue016\ue017 -1 \u02d8 1 \u02c7 \u02c6\u02d9\u02dd\u02db \u00b0\u02dc !\"#$%&'()* +,--1 . 1 / 1234 567 89:;<=>?@A BCD -1 E 1 F HIJK LMN OPQRSTUVWX YZ[ -1 \\ 1 ] ^_`a bcd efghijklmo pqr -1 s 1 t uvwx yz{ |}~ \ue002 \ue003\ue004 \u2022\u2020\u2021\u2026\u2014\u2013\u0192\u2044\u2039\u203a \u2212\u2030\u201e -1 \u201c 1\u201d \u2018\u2019\u201a\u2122 fifl\u0141 ", "TextSize": 0.100006103515625, "attributes": {"BBox": [318.8269999999902, 211.46399999999994, 554.4969999999739, 398.05599999999686], "Placement": "Block"}}, {"Bounds": [317.0399932861328, 71.92190551757812, 562.1454620361328, 195.9647979736328], "Font": {"alt_family_name": "CM R", "embedded": true, "encoding": "Custom", "family_name": "CM R 9", "font_type": "Type1", "italic": false, "monospaced": false, "name": "FFPCAL+CMR9", "subset": true, "weight": 400}, "HasClip": false, "Lang": "en", "ObjectID": 1405, "Page": 3, "Path": "//Document/P[24]", "Text": "FIG. 4. (Color online) Evolution of biological behavior by a population of random networks under selection for networks with low frustration states. (Top) Frustration of the least frustrated observed state averaged over the networks in a population of 500 networks. Di erent curves indicate independent simulation runs. (Inset) State frustration averaged over the end states of simulations starting from 50 random initial conditions for each network followed by averaging over the networks in the population. The initial population of 500 random networks was generated from the 26-node EMT network. (Bottom) P (q ) at di erent time points during the evolution simulation, shown for one of the simulation runs. ", "TextSize": 8.966400146484375, "attributes": {"LineHeight": 10.5, "TextAlign": "Justify"}}, {"Bounds": [53.99888610839844, 512.3940582275391, 299.3955841064453, 737.4292602539062], "Font": {"alt_family_name": "CM R", "embedded": true, "encoding": "Custom", "family_name": "CM R 10", "font_type": "Type1", "italic": false, "monospaced": false, "name": "PGJUBX+CMR10", "subset": true, "weight": 400}, "HasClip": false, "Lang": "en", "ObjectID": 1086, "Page": 4, "Path": "//Document/Aside/P", "Text": "lize hybrid epithelial-mesenchymal cells (shown in Supplemental Material [(<>)20], Fig. S4) further bolsters the evidence for a connection between non-canonical pheno-typic states and high frustration in biological networks. Our model thus provides a new perspective on how noise in the dynamics of regulatory networks in cancer cells can contribute towards the failure of anti-cancer therapies\u2014 noise can facilitate the emergence of cancer cells that exhibit non-canonical phenotypic states. Additionally, accumulation of mutations in biological networks, another characteristic associated with cancer progression, will also promote aberrant cell fate choice. Both noisy gene expression and accumulation of mutations have been shown to be key contributors to intra-tumoral heterogeneity, with significant implications for the failure of anti-cancer therapies [(<>)36]. Estimation of network frustration from cancer cell gene expression data will be a direct test of the role of cell fates associated with high frustration states in disease aggressiveness. ", "TextSize": 9.962600708007812, "attributes": {"LineHeight": 12, "SpaceAfter": 18, "TextAlign": "Justify"}}, {"Bounds": [54.00885009765625, 444.3694305419922, 299.5260925292969, 490.1973876953125], "Font": {"alt_family_name": "CM R", "embedded": true, "encoding": "Custom", "family_name": "CM R 10", "font_type": "Type1", "italic": false, "monospaced": false, "name": "PGJUBX+CMR10", "subset": true, "weight": 400}, "HasClip": false, "Lang": "en", "ObjectID": 1089, "Page": 4, "Path": "//Document/Aside/P[2]", "Text": "This work was supported by the National Science Foundation grants PHY-1427654 and PHY-1935762. D.A.K. acknowledges support from the United States-Israel Binational Science Foundation grant no. 2015619. ", "TextSize": 9.962600708007812, "attributes": {"LineHeight": 12, "TextAlign": "Justify"}}, {"Bounds": [63.960205078125, 389.1981964111328, 173.9162139892578, 399.4882354736328], "Font": {"alt_family_name": "CM R", "embedded": true, "encoding": "Custom", "family_name": "CM R 9", "font_type": "Type1", "italic": false, "monospaced": false, "name": "FFPCAL+CMR9", "subset": true, "weight": 400}, "HasClip": false, "Lang": "en", "ObjectID": 1082, "Page": 4, "Path": "//Document/Footnote[7]", "Text": "\ue003 (<mailto: kessler@dave.ph.biu.ac.il >)kessler@dave.ph.biu.ac.il ", "TextSize": 8.966400146484375, "attributes": {"LineHeight": 7.125}}, {"Bounds": [64.43989562988281, 378.75830078125, 181.15481567382812, 389.04803466796875], "Font": {"alt_family_name": "CM R", "embedded": true, "encoding": "Custom", "family_name": "CM R 9", "font_type": "Type1", "italic": false, "monospaced": false, "name": "FFPCAL+CMR9", "subset": true, "weight": 400}, "HasClip": false, "Lang": "en", "ObjectID": 1078, "Page": 4, "Path": "//Document/Footnote[8]", "Text": "\u2020 (<mailto: h.levine@northeastern.edu >)h.levine@northeastern.edu ", "TextSize": 8.966400146484375, "attributes": {"LineHeight": 7.125}}, {"Bounds": [58.557159423828125, 368.3214111328125, 222.4002227783203, 377.2878112792969], "Font": {"alt_family_name": "CM R", "embedded": true, "encoding": "Custom", "family_name": "CM R 9", "font_type": "Type1", "italic": false, "monospaced": false, "name": "FFPCAL+CMR9", "subset": true, "weight": 400}, "HasClip": false, "Lang": "en", "ObjectID": 1076, "Page": 4, "Path": "//Document/Footnote[9]", "Text": "[1] O. Hobert, (<https://doi.org/10.1126/science.1151651>)Science 319, 1785 (2008). ", "TextSize": 8.966400146484375, "attributes": {"LineHeight": 10.75}}, {"Bounds": [58.566131591796875, 316.0114288330078, 301.3529357910156, 368.1779479980469], "Font": {"alt_family_name": "CM R", "embedded": true, "encoding": "Custom", "family_name": "CM R 9", "font_type": "Type1", "italic": false, "monospaced": false, "name": "FFPCAL+CMR9", "subset": true, "weight": 400}, "HasClip": false, "Lang": "en", "ObjectID": 1303, "Page": 4, "Path": "//Document/Footnote[10]", "Text": "[2] C. Levinthal, in Mossbauer Spectroscopy in Biological Systems: Proceedings of a meeting held at Allerton House, Monticello, Illinois., edited by P. Debrunner, J. Tsibris, and E. Munck (University of Illinois Press, Urbana, IL, 1969) pp. 22\u201324. ", "TextSize": 8.966400146484375, "attributes": {"LineHeight": 10.5}}, {"Bounds": [58.575103759765625, 284.7007598876953, 299.0862579345703, 315.8679656982422], "Font": {"alt_family_name": "CM R", "embedded": true, "encoding": "Custom", "family_name": "CM R 9", "font_type": "Type1", "italic": false, "monospaced": false, "name": "FFPCAL+CMR9", "subset": true, "weight": 400}, "HasClip": false, "Lang": "en", "ObjectID": 1304, "Page": 4, "Path": "//Document/Footnote[11]", "Text": "[3] R. Palmer, in Lectures in the Sciences of Complexity, edited by D. L. Stein (Addison-Wesley, Reading, MA, 1989) 1st ed., pp. 275\u2013300. ", "TextSize": 8.966400146484375, "attributes": {"LineHeight": 10.5}}, {"Bounds": [58.575103759765625, 242.8276824951172, 299.03155517578125, 284.43177795410156], "Font": {"alt_family_name": "CM R", "embedded": true, "encoding": "Custom", "family_name": "CM R 9", "font_type": "Type1", "italic": false, "monospaced": false, "name": "FFPCAL+CMR9", "subset": true, "weight": 400}, "HasClip": false, "Lang": "en", "ObjectID": 1305, "Page": 4, "Path": "//Document/Footnote[12]", "Text": "[4] S. Huang, in Gene Regulation and Metabolism: Post-Genomic Computational Approach, edited by R. Hofestdt and J. Collado-Vides (MIT Press, Cambridge, MA, 2002) pp. 181\u2013220. ", "TextSize": 8.966400146484375, "attributes": {"LineHeight": 10.5}}, {"Bounds": [58.575103759765625, 221.9539031982422, 299.087158203125, 241.35719299316406], "Font": {"alt_family_name": "CM R", "embedded": true, "encoding": "Custom", "family_name": "CM R 9", "font_type": "Type1", "italic": false, "monospaced": false, "name": "FFPCAL+CMR9", "subset": true, "weight": 400}, "HasClip": false, "Lang": "en", "ObjectID": 1074, "Page": 4, "Path": "//Document/Footnote[13]", "Text": "[5] S. Huang, G. Eichler, Y. Bar-Yam, and D. E. Ingber, (<https://doi.org/10.1103/PhysRevLett.94.128701>)Phys. Rev. Lett. 94, 128701 (2005). ", "TextSize": 8.966400146484375, "attributes": {"LineHeight": 10.5}}, {"Bounds": [58.575103759765625, 190.5177001953125, 301.20050048828125, 221.68490600585938], "Font": {"alt_family_name": "CM R", "embedded": true, "encoding": "Custom", "family_name": "CM R 9", "font_type": "Type1", "italic": false, "monospaced": false, "name": "FFPCAL+CMR9", "subset": true, "weight": 400}, "HasClip": false, "Lang": "en", "ObjectID": 1306, "Page": 4, "Path": "//Document/Footnote[14]", "Text": "[6] S. A. Kau man, The Origins of Order: Self-organization and Selection in Evolution (Oxford University Press, 1993). ", "TextSize": 8.966400146484375, "attributes": {"LineHeight": 10.5}}, {"Bounds": [58.58406066894531, 148.6446075439453, 299.2243347167969, 190.37423706054688], "Font": {"alt_family_name": "CM R", "embedded": true, "encoding": "Custom", "family_name": "CM R 9", "font_type": "Type1", "italic": false, "monospaced": false, "name": "FFPCAL+CMR9", "subset": true, "weight": 400}, "HasClip": false, "Lang": "en", "ObjectID": 1307, "Page": 4, "Path": "//Document/Footnote[15]", "Text": "[7] S. F. Gilbert, in Developmental Biology (Sinauer Associates, Sunderland, MA, 1991) 3rd ed., pp. 376\u2013406; in Developmental Biology (Sinauer Associates, Sunderland, MA, 1991) 3rd ed., pp. 407\u2013457. ", "TextSize": 8.966400146484375, "attributes": {"LineHeight": 10.5}}, {"Bounds": [58.59303283691406, 138.2077178955078, 234.43313598632812, 147.1741180419922], "Font": {"alt_family_name": "CM R", "embedded": true, "encoding": "Custom", "family_name": "CM R 9", "font_type": "Type1", "italic": false, "monospaced": false, "name": "FFPCAL+CMR9", "subset": true, "weight": 400}, "HasClip": false, "Lang": "en", "ObjectID": 1072, "Page": 4, "Path": "//Document/Footnote[16]", "Text": "[8] R. Albert, (<https://doi.org/10.1242/jcs.02714>)J. Cell Sci. 118, 4947 (2005). ", "TextSize": 8.966400146484375, "attributes": {"LineHeight": 10.75, "SpaceAfter": 18}}, {"Bounds": [58.59303283691406, 117.33393859863281, 298.9894256591797, 136.7372283935547], "Font": {"alt_family_name": "CM R", "embedded": true, "encoding": "Custom", "family_name": "CM R 9", "font_type": "Type1", "italic": false, "monospaced": false, "name": "FFPCAL+CMR9", "subset": true, "weight": 400}, "HasClip": false, "Lang": "en", "ObjectID": 1070, "Page": 4, "Path": "//Document/Footnote[17]/Reference", "Text": "(<https://doi.org/10.1073/pnas.1536783100>)Proc. Natl. Acad. Sci. 100, 8710 (2003). [9] M. Aldana and P. Cluzel, ", "TextSize": 8.966400146484375, "attributes": {"LineHeight": -10.5, "SpaceAfter": 10.5}}, {"Bounds": [54.03810119628906, 96.46015930175781, 298.9947967529297, 115.86344909667969], "Font": {"alt_family_name": "CM R", "embedded": true, "encoding": "Custom", "family_name": "CM R 9", "font_type": "Type1", "italic": false, "monospaced": false, "name": "FFPCAL+CMR9", "subset": true, "weight": 400}, "HasClip": false, "Lang": "en", "ObjectID": 1068, "Page": 4, "Path": "//Document/Footnote[18]", "Text": "[10] H. Yu and M. Gerstein, (<https://doi.org/10.1073/pnas.0508637103>)Proc. Natl. Acad. Sci. 103, 14724 (2006). ", "TextSize": 8.966400146484375, "attributes": {"LineHeight": 10.5}}, {"Bounds": [317.0853729248047, 727.7843933105469, 331.28102111816406, 736.7507934570312], "Font": {"alt_family_name": "CM R", "embedded": true, "encoding": "Custom", "family_name": "CM R 9", "font_type": "Type1", "italic": false, "monospaced": false, "name": "FFPCAL+CMR9", "subset": true, "weight": 400}, "HasClip": false, "ObjectID": 1065, "Page": 4, "Path": "//Document/L/LI/Lbl", "Text": "[11] ", "TextSize": 8.966400146484375}, {"Bounds": [335.3230285644531, 717.3475036621094, 562.1595306396484, 736.7507934570312], "Font": {"alt_family_name": "CM R", "embedded": true, "encoding": "Custom", "family_name": "CM R 9", "font_type": "Type1", "italic": false, "monospaced": false, "name": "FFPCAL+CMR9", "subset": true, "weight": 400}, "HasClip": false, "ObjectID": 1066, "Page": 4, "Path": "//Document/L/LI/LBody", "Text": "R. Milo, S. Shen-Orr, S. Itzkovitz, N. Kashtan, D. Chklovskii, and U. Alon, (<https://doi.org/10.1126/science.298.5594.824>)Science 298, 824 (2002). ", "TextSize": 8.966400146484375}, {"Bounds": [317.09434509277344, 706.9106140136719, 331.28997802734375, 715.8770141601562], "Font": {"alt_family_name": "CM R", "embedded": true, "encoding": "Custom", "family_name": "CM R 9", "font_type": "Type1", "italic": false, "monospaced": false, "name": "FFPCAL+CMR9", "subset": true, "weight": 400}, "HasClip": false, "ObjectID": 1062, "Page": 4, "Path": "//Document/L/LI[2]/Lbl", "Text": "[12] ", "TextSize": 8.966400146484375}, {"Bounds": [317.09434509277344, 684.4766693115234, 562.1712036132812, 715.8770141601562], "Font": {"alt_family_name": "CM R", "embedded": true, "encoding": "Custom", "family_name": "CM R 9", "font_type": "Type1", "italic": false, "monospaced": false, "name": "FFPCAL+CMR9", "subset": true, "weight": 400}, "HasClip": false, "ObjectID": 1063, "Page": 4, "Path": "//Document/L/LI[2]/LBody", "Text": "J. X. Zhou and S. Huang, (<https://doi.org/10.1016/j.tig.2010.11.002>)Trends Genet. 27, 55 (2011). [13] R. Albert and J. Thakar, (<https://doi.org/10.1002/wsbm.1273>)WIREs Syst. Biol. Med. 6, 353 (2014). ", "TextSize": 8.966400146484375}, {"Bounds": [317.1033172607422, 674.0397796630859, 331.2989501953125, 683.0061798095703], "Font": {"alt_family_name": "CM R", "embedded": true, "encoding": "Custom", "family_name": "CM R 9", "font_type": "Type1", "italic": false, "monospaced": false, "name": "FFPCAL+CMR9", "subset": true, "weight": 400}, "HasClip": false, "ObjectID": 1059, "Page": 4, "Path": "//Document/L/LI[3]/Lbl", "Text": "[14] ", "TextSize": 8.966400146484375}, {"Bounds": [335.3409729003906, 663.6028900146484, 562.0537261962891, 683.0061798095703], "Font": {"alt_family_name": "CM R", "embedded": true, "encoding": "Custom", "family_name": "CM R 9", "font_type": "Type1", "italic": false, "monospaced": false, "name": "FFPCAL+CMR9", "subset": true, "weight": 400}, "HasClip": false, "ObjectID": 1060, "Page": 4, "Path": "//Document/L/LI[3]/LBody", "Text": "F. Font-Clos, S. Zapperi, and C. A. M. La Porta, (<https://doi.org/10.1073/pnas.1722609115>)Proc. Natl. Acad. Sci. 115, 5902 (2018). ", "TextSize": 8.966400146484375}, {"Bounds": [317.1033172607422, 653.0404815673828, 331.2989501953125, 662.0068817138672], "Font": {"alt_family_name": "CM R", "embedded": true, "encoding": "Custom", "family_name": "CM R 9", "font_type": "Type1", "italic": false, "monospaced": false, "name": "FFPCAL+CMR9", "subset": true, "weight": 400}, "HasClip": false, "ObjectID": 1056, "Page": 4, "Path": "//Document/L/LI[4]/Lbl", "Text": "[15] ", "TextSize": 8.966400146484375}, {"Bounds": [335.3409729003906, 653.0404815673828, 558.5774688720703, 662.0068817138672], "Font": {"alt_family_name": "CM R", "embedded": true, "encoding": "Custom", "family_name": "CM R 9", "font_type": "Type1", "italic": false, "monospaced": false, "name": "FFPCAL+CMR9", "subset": true, "weight": 400}, "HasClip": false, "ObjectID": 1057, "Page": 4, "Path": "//Document/L/LI[4]/LBody", "Text": "P. W. Anderson, (<https://doi.org/10.1016/0022-5088(78)90040-1>)J. Less Common Met. 62, 291 (1978). ", "TextSize": 8.966400146484375}, {"Bounds": [317.1033172607422, 642.6035919189453, 331.2989501953125, 651.5699920654297], "Font": {"alt_family_name": "CM R", "embedded": true, "encoding": "Custom", "family_name": "CM R 9", "font_type": "Type1", "italic": false, "monospaced": false, "name": "FFPCAL+CMR9", "subset": true, "weight": 400}, "HasClip": false, "ObjectID": 1047, "Page": 4, "Path": "//Document/L/LI[5]/Lbl", "Text": "[16] ", "TextSize": 8.966400146484375}, {"Bounds": [335.3409729003906, 642.6035919189453, 561.9371795654297, 651.5699920654297], "Font": {"alt_family_name": "CM R", "embedded": true, "encoding": "Custom", "family_name": "CM R 9", "font_type": "Type1", "italic": false, "monospaced": false, "name": "FFPCAL+CMR9", "subset": true, "weight": 400}, "HasClip": false, "ObjectID": 1049, "Page": 4, "Path": "//Document/L/LI[5]/LBody/ParagraphSpan", "Text": "A. R. Udyavar, D. J. Wooten, M. Hoeksema, M. Bansal, ", "TextSize": 8.966400146484375}, {"Bounds": [335.3409729003906, 632.1667022705078, 344.85614013671875, 641.1331024169922], "Font": {"alt_family_name": "CM R", "embedded": true, "encoding": "Custom", "family_name": "CM R 9", "font_type": "Type1", "italic": false, "monospaced": false, "name": "FFPCAL+CMR9", "subset": true, "weight": 400}, "HasClip": false, "ObjectID": 1053, "Page": 4, "Path": "//Document/L/LI[5]/LBody/L/LI/Lbl", "Text": "A. ", "TextSize": 8.966400146484375}, {"Bounds": [335.3409729003906, 621.7298126220703, 562.1819610595703, 641.1331024169922], "Font": {"alt_family_name": "CM R", "embedded": true, "encoding": "Custom", "family_name": "CM R 9", "font_type": "Type1", "italic": false, "monospaced": false, "name": "FFPCAL+CMR9", "subset": true, "weight": 400}, "HasClip": false, "ObjectID": 1054, "Page": 4, "Path": "//Document/L/LI[5]/LBody/L/LI/LBody", "Text": "Califano, L. Estrada, S. Schnell, J. M. Irish, P. P. Massion, and V. Quaranta, (<https://doi.org/10.1158/0008-5472.CAN-16-1467>)Cancer Res. 77, 1063 (2017). ", "TextSize": 8.966400146484375}, {"Bounds": [317.1033172607422, 611.2929229736328, 331.2989501953125, 620.2593231201172], "Font": {"alt_family_name": "CM R", "embedded": true, "encoding": "Custom", "family_name": "CM R 9", "font_type": "Type1", "italic": false, "monospaced": false, "name": "FFPCAL+CMR9", "subset": true, "weight": 400}, "HasClip": false, "ObjectID": 1038, "Page": 4, "Path": "//Document/L/LI[6]/Lbl", "Text": "[17] ", "TextSize": 8.966400146484375}, {"Bounds": [335.3409729003906, 611.2929229736328, 562.2931365966797, 620.2593231201172], "Font": {"alt_family_name": "CM R", "embedded": true, "encoding": "Custom", "family_name": "CM R 9", "font_type": "Type1", "italic": false, "monospaced": false, "name": "FFPCAL+CMR9", "subset": true, "weight": 400}, "HasClip": false, "ObjectID": 1040, "Page": 4, "Path": "//Document/L/LI[6]/LBody/ParagraphSpan", "Text": "D. Jia, J. T. George, S. C. Tripathi, D. L. Kundnani, ", "TextSize": 8.966400146484375}, {"Bounds": [335.3409729003906, 600.7304992675781, 346.296142578125, 609.6968994140625], "Font": {"alt_family_name": "CM R", "embedded": true, "encoding": "Custom", "family_name": "CM R 9", "font_type": "Type1", "italic": false, "monospaced": false, "name": "FFPCAL+CMR9", "subset": true, "weight": 400}, "HasClip": false, "ObjectID": 1044, "Page": 4, "Path": "//Document/L/LI[6]/LBody/L/LI/Lbl", "Text": "M. ", "TextSize": 8.966400146484375}, {"Bounds": [335.3409729003906, 590.2936096191406, 562.0941162109375, 609.6968994140625], "Font": {"alt_family_name": "CM R", "embedded": true, "encoding": "Custom", "family_name": "CM R 9", "font_type": "Type1", "italic": false, "monospaced": false, "name": "FFPCAL+CMR9", "subset": true, "weight": 400}, "HasClip": false, "ObjectID": 1045, "Page": 4, "Path": "//Document/L/LI[6]/LBody/L/LI/LBody", "Text": "Lu, S. M. Hanash, J. N. Onuchic, M. K. Jolly, and H. Levine, (<https://doi.org/10.1088/1478-3975/aaf8d4>)Phys. Biol. 16, 025002 (2019). ", "TextSize": 8.966400146484375}, {"Bounds": [317.1122741699219, 579.8567199707031, 331.3079071044922, 588.8231201171875], "Font": {"alt_family_name": "CM R", "embedded": true, "encoding": "Custom", "family_name": "CM R 9", "font_type": "Type1", "italic": false, "monospaced": false, "name": "FFPCAL+CMR9", "subset": true, "weight": 400}, "HasClip": false, "ObjectID": 1035, "Page": 4, "Path": "//Document/L/LI[7]/Lbl", "Text": "[18] ", "TextSize": 8.966400146484375}, {"Bounds": [335.3499298095703, 569.4198303222656, 562.1810607910156, 588.8231201171875], "Font": {"alt_family_name": "CM R", "embedded": true, "encoding": "Custom", "family_name": "CM R 9", "font_type": "Type1", "italic": false, "monospaced": false, "name": "FFPCAL+CMR9", "subset": true, "weight": 400}, "HasClip": false, "ObjectID": 1036, "Page": 4, "Path": "//Document/L/LI[7]/LBody", "Text": "R. Chang, R. Shoemaker, and W. Wang, (<https://doi.org/10.1371/journal.pcbi.1002300>)PLoS Comput. Biol. 7, e1002300 (2011). ", "TextSize": 8.966400146484375}, {"Bounds": [317.1122741699219, 558.9829406738281, 331.3079071044922, 567.9493408203125], "Font": {"alt_family_name": "CM R", "embedded": true, "encoding": "Custom", "family_name": "CM R 9", "font_type": "Type1", "italic": false, "monospaced": false, "name": "FFPCAL+CMR9", "subset": true, "weight": 400}, "HasClip": false, "ObjectID": 1032, "Page": 4, "Path": "//Document/L/LI[8]/Lbl", "Text": "[19] ", "TextSize": 8.966400146484375}, {"Bounds": [335.3499298095703, 548.5460510253906, 562.1792602539062, 567.9493408203125], "Font": {"alt_family_name": "CM R", "embedded": true, "encoding": "Custom", "family_name": "CM R 9", "font_type": "Type1", "italic": false, "monospaced": false, "name": "FFPCAL+CMR9", "subset": true, "weight": 400}, "HasClip": false, "ObjectID": 1033, "Page": 4, "Path": "//Document/L/LI[8]/LBody", "Text": "S. Li, X. Zhu, B. Liu, G. Wang, and P. Ao, (<https://doi.org/10.18632/oncotarget.3633>)Oncotarget 6, 13607 (2015). ", "TextSize": 8.966400146484375}, {"Bounds": [317.1122741699219, 537.9836273193359, 331.3079071044922, 546.9500274658203], "Font": {"alt_family_name": "CM R", "embedded": true, "encoding": "Custom", "family_name": "CM R 9", "font_type": "Type1", "italic": false, "monospaced": false, "name": "FFPCAL+CMR9", "subset": true, "weight": 400}, "HasClip": false, "ObjectID": 1029, "Page": 4, "Path": "//Document/L/LI[9]/Lbl", "Text": "[20] ", "TextSize": 8.966400146484375}, {"Bounds": [335.3499298095703, 527.5467376708984, 562.1729431152344, 546.9500274658203], "Font": {"alt_family_name": "CM R", "embedded": true, "encoding": "Custom", "family_name": "CM R 9", "font_type": "Type1", "italic": false, "monospaced": false, "name": "FFPCAL+CMR9", "subset": true, "weight": 400}, "HasClip": false, "ObjectID": 1030, "Page": 4, "Path": "//Document/L/LI[9]/LBody", "Text": "See Supplemental Material file for supplemental figures and detailed methods. ", "TextSize": 8.966400146484375}, {"Bounds": [317.1122741699219, 517.1098480224609, 331.3079071044922, 526.0762481689453], "Font": {"alt_family_name": "CM R", "embedded": true, "encoding": "Custom", "family_name": "CM R 9", "font_type": "Type1", "italic": false, "monospaced": false, "name": "FFPCAL+CMR9", "subset": true, "weight": 400}, "HasClip": false, "ObjectID": 1026, "Page": 4, "Path": "//Document/L/LI[10]/Lbl", "Text": "[21] ", "TextSize": 8.966400146484375}, {"Bounds": [335.3499298095703, 496.23606872558594, 562.1622009277344, 526.0762481689453], "Font": {"alt_family_name": "CM R", "embedded": true, "encoding": "Custom", "family_name": "CM R 9", "font_type": "Type1", "italic": false, "monospaced": false, "name": "FFPCAL+CMR9", "subset": true, "weight": 400}, "HasClip": false, "ObjectID": 1027, "Page": 4, "Path": "//Document/L/LI[10]/LBody", "Text": "M. Mezard, G. Parisi, and M. Virasoro, (<https://www.worldscientific.com/doi/abs/10.1142/0271>)Spin Glass Theory and Beyond, World Scientific Lecture Notes in Physics (World Scientific, Singapore, 1986). ", "TextSize": 8.966400146484375}, {"Bounds": [317.1122741699219, 485.79917907714844, 331.3079071044922, 494.7655792236328], "Font": {"alt_family_name": "CM R", "embedded": true, "encoding": "Custom", "family_name": "CM R 9", "font_type": "Type1", "italic": false, "monospaced": false, "name": "FFPCAL+CMR9", "subset": true, "weight": 400}, "HasClip": false, "ObjectID": 1023, "Page": 4, "Path": "//Document/L/LI[11]/Lbl", "Text": "[22] ", "TextSize": 8.966400146484375}, {"Bounds": [335.3499298095703, 464.7998809814453, 562.1792602539062, 494.7655792236328], "Font": {"alt_family_name": "CM R", "embedded": true, "encoding": "Custom", "family_name": "CM R 9", "font_type": "Type1", "italic": false, "monospaced": false, "name": "FFPCAL+CMR9", "subset": true, "weight": 400}, "HasClip": false, "ObjectID": 1024, "Page": 4, "Path": "//Document/L/LI[11]/LBody", "Text": "M. K. Jolly, M. Boareto, B. Huang, D. Jia, M. Lu, E. Ben-Jacob, J. N. Onuchic, and H. Levine, (<https://doi.org/10.3389/fonc.2015.00155>)Front. Oncol. 5, 155 (2015). ", "TextSize": 8.966400146484375}, {"Bounds": [317.1122741699219, 454.3629913330078, 331.3079071044922, 463.3293914794922], "Font": {"alt_family_name": "CM R", "embedded": true, "encoding": "Custom", "family_name": "CM R 9", "font_type": "Type1", "italic": false, "monospaced": false, "name": "FFPCAL+CMR9", "subset": true, "weight": 400}, "HasClip": false, "ObjectID": 1020, "Page": 4, "Path": "//Document/L/LI[12]/Lbl", "Text": "[23] ", "TextSize": 8.966400146484375}, {"Bounds": [335.3499298095703, 433.4892120361328, 562.0984954833984, 463.3293914794922], "Font": {"alt_family_name": "CM R", "embedded": true, "encoding": "Custom", "family_name": "CM R 9", "font_type": "Type1", "italic": false, "monospaced": false, "name": "FFPCAL+CMR9", "subset": true, "weight": 400}, "HasClip": false, "ObjectID": 1021, "Page": 4, "Path": "//Document/L/LI[12]/LBody", "Text": "M. K. Jolly, S. C. Tripathi, D. Jia, S. M. Mooney, M. Ce-liktas, S. M. Hanash, S. A. Mani, K. J. Pienta, E. Ben-Jacob, and H. Levine, (<https://doi.org/10.18632/oncotarget.8166>)Oncotarget 7, 27067 (2016). ", "TextSize": 8.966400146484375}, {"Bounds": [317.1122741699219, 423.0523223876953, 331.3079071044922, 432.0187225341797], "Font": {"alt_family_name": "CM R", "embedded": true, "encoding": "Custom", "family_name": "CM R 9", "font_type": "Type1", "italic": false, "monospaced": false, "name": "FFPCAL+CMR9", "subset": true, "weight": 400}, "HasClip": false, "ObjectID": 1017, "Page": 4, "Path": "//Document/L/LI[13]/Lbl", "Text": "[24] ", "TextSize": 8.966400146484375}, {"Bounds": [335.3499298095703, 402.0530090332031, 562.1819458007812, 432.0187225341797], "Font": {"alt_family_name": "CM R", "embedded": true, "encoding": "Custom", "family_name": "CM R 9", "font_type": "Type1", "italic": false, "monospaced": false, "name": "FFPCAL+CMR9", "subset": true, "weight": 400}, "HasClip": false, "ObjectID": 1018, "Page": 4, "Path": "//Document/L/LI[13]/LBody", "Text": "K. Watanabe, A. Villarreal-Ponce, P. Sun, M. L. Salmans, M. Fallahi, B. Andersen, and X. Dai, (<https://doi.org/10.1016/j.devcel.2014.03.006>)Dev. Cell 29, 59 (2014). ", "TextSize": 8.966400146484375}, {"Bounds": [317.1122741699219, 391.6161193847656, 331.3079071044922, 400.58251953125], "Font": {"alt_family_name": "CM R", "embedded": true, "encoding": "Custom", "family_name": "CM R 9", "font_type": "Type1", "italic": false, "monospaced": false, "name": "FFPCAL+CMR9", "subset": true, "weight": 400}, "HasClip": false, "ObjectID": 1014, "Page": 4, "Path": "//Document/L/LI[14]/Lbl", "Text": "[25] ", "TextSize": 8.966400146484375}, {"Bounds": [335.3499298095703, 381.1792297363281, 562.185546875, 400.58251953125], "Font": {"alt_family_name": "CM R", "embedded": true, "encoding": "Custom", "family_name": "CM R 9", "font_type": "Type1", "italic": false, "monospaced": false, "name": "FFPCAL+CMR9", "subset": true, "weight": 400}, "HasClip": false, "ObjectID": 1015, "Page": 4, "Path": "//Document/L/LI[14]/LBody", "Text": "T. T. Dang, M. A. Esparza, E. A. Maine, J. M. Westcott, and G. W. Pearson, (<https://doi.org/10.1158/0008-5472.CAN-14-3363>)Cancer Res 75, 3925 (2015). ", "TextSize": 8.966400146484375}, {"Bounds": [317.1122741699219, 370.7423400878906, 331.3079071044922, 379.708740234375], "Font": {"alt_family_name": "CM R", "embedded": true, "encoding": "Custom", "family_name": "CM R 9", "font_type": "Type1", "italic": false, "monospaced": false, "name": "FFPCAL+CMR9", "subset": true, "weight": 400}, "HasClip": false, "ObjectID": 1011, "Page": 4, "Path": "//Document/L/LI[15]/Lbl", "Text": "[26] ", "TextSize": 8.966400146484375}, {"Bounds": [335.3499298095703, 370.7423400878906, 558.3533020019531, 379.708740234375], "Font": {"alt_family_name": "CM R", "embedded": true, "encoding": "Custom", "family_name": "CM R 9", "font_type": "Type1", "italic": false, "monospaced": false, "name": "FFPCAL+CMR9", "subset": true, "weight": 400}, "HasClip": false, "ObjectID": 1012, "Page": 4, "Path": "//Document/L/LI[15]/LBody", "Text": "A. Raj and A. van Oudenaarden, (<https://doi.org/10.1016/j.cell.2008.09.050>)Cell 135, 216 (2008). ", "TextSize": 8.966400146484375}, {"Bounds": [317.1212463378906, 360.3054504394531, 331.31687927246094, 369.2718505859375], "Font": {"alt_family_name": "CM R", "embedded": true, "encoding": "Custom", "family_name": "CM R 9", "font_type": "Type1", "italic": false, "monospaced": false, "name": "FFPCAL+CMR9", "subset": true, "weight": 400}, "HasClip": false, "ObjectID": 1008, "Page": 4, "Path": "//Document/L/LI[16]/Lbl", "Text": "[27] ", "TextSize": 8.966400146484375}, {"Bounds": [335.35890197753906, 339.30613708496094, 562.1945037841797, 369.2718505859375], "Font": {"alt_family_name": "CM R", "embedded": true, "encoding": "Custom", "family_name": "CM R 9", "font_type": "Type1", "italic": false, "monospaced": false, "name": "FFPCAL+CMR9", "subset": true, "weight": 400}, "HasClip": false, "ObjectID": 1009, "Page": 4, "Path": "//Document/L/LI[16]/LBody", "Text": "N. Metropolis, A. W. Rosenbluth, M. N. Rosenbluth, A. H. Teller, and E. Teller, (<https://doi.org/10.1063/1.1699114>)J. Chem. Phys. 21, 1087 (1953). ", "TextSize": 8.966400146484375}, {"Bounds": [317.1122741699219, 328.86924743652344, 331.3079071044922, 337.8356475830078], "Font": {"alt_family_name": "CM R", "embedded": true, "encoding": "Custom", "family_name": "CM R 9", "font_type": "Type1", "italic": false, "monospaced": false, "name": "FFPCAL+CMR9", "subset": true, "weight": 400}, "HasClip": false, "ObjectID": 1005, "Page": 4, "Path": "//Document/L/LI[17]/Lbl", "Text": "[28] ", "TextSize": 8.966400146484375}, {"Bounds": [335.3499298095703, 328.86924743652344, 507.5855407714844, 337.8356475830078], "Font": {"alt_family_name": "CM R", "embedded": true, "encoding": "Custom", "family_name": "CM R 9", "font_type": "Type1", "italic": false, "monospaced": false, "name": "FFPCAL+CMR9", "subset": true, "weight": 400}, "HasClip": false, "ObjectID": 1006, "Page": 4, "Path": "//Document/L/LI[17]/LBody", "Text": "W. K. Hastings, (<https://doi.org/10.1093/biomet/57.1.97>)Biometrika 57, 97 (1970). ", "TextSize": 8.966400146484375}, {"Bounds": [317.1122741699219, 318.43235778808594, 331.3079071044922, 327.3987579345703], "Font": {"alt_family_name": "CM R", "embedded": true, "encoding": "Custom", "family_name": "CM R 9", "font_type": "Type1", "italic": false, "monospaced": false, "name": "FFPCAL+CMR9", "subset": true, "weight": 400}, "HasClip": false, "ObjectID": 1002, "Page": 4, "Path": "//Document/L/LI[18]/Lbl", "Text": "[29] ", "TextSize": 8.966400146484375}, {"Bounds": [335.3499298095703, 307.99546813964844, 562.1864318847656, 327.3987579345703], "Font": {"alt_family_name": "CM R", "embedded": true, "encoding": "Custom", "family_name": "CM R 9", "font_type": "Type1", "italic": false, "monospaced": false, "name": "FFPCAL+CMR9", "subset": true, "weight": 400}, "HasClip": false, "ObjectID": 1003, "Page": 4, "Path": "//Document/L/LI[18]/LBody", "Text": "J. D. Bryngelson and P. G. Wolynes, (<https://doi.org/10.1073/pnas.84.21.7524>)Proc. Natl. Acad. Sci. 84, 7524 (1987). ", "TextSize": 8.966400146484375}, {"Bounds": [317.1122741699219, 297.43304443359375, 331.3079071044922, 306.3994445800781], "Font": {"alt_family_name": "CM R", "embedded": true, "encoding": "Custom", "family_name": "CM R 9", "font_type": "Type1", "italic": false, "monospaced": false, "name": "FFPCAL+CMR9", "subset": true, "weight": 400}, "HasClip": false, "ObjectID": 999, "Page": 4, "Path": "//Document/L/LI[19]/Lbl", "Text": "[30] ", "TextSize": 8.966400146484375}, {"Bounds": [335.3499298095703, 286.99615478515625, 562.1864318847656, 306.3994445800781], "Font": {"alt_family_name": "CM R", "embedded": true, "encoding": "Custom", "family_name": "CM R 9", "font_type": "Type1", "italic": false, "monospaced": false, "name": "FFPCAL+CMR9", "subset": true, "weight": 400}, "HasClip": false, "ObjectID": 1000, "Page": 4, "Path": "//Document/L/LI[19]/LBody", "Text": "J. D. Bryngelson, J. N. Onuchic, N. D. Socci, and P. G. Wolynes, (<https://doi.org/10.1002/prot.340210302>)Proteins 21, 167 (1995). ", "TextSize": 8.966400146484375}, {"Bounds": [317.1122741699219, 276.5592803955078, 331.3079071044922, 285.5256652832031], "Font": {"alt_family_name": "CM R", "embedded": true, "encoding": "Custom", "family_name": "CM R 9", "font_type": "Type1", "italic": false, "monospaced": false, "name": "FFPCAL+CMR9", "subset": true, "weight": 400}, "HasClip": false, "ObjectID": 996, "Page": 4, "Path": "//Document/L/LI[20]/Lbl", "Text": "[31] ", "TextSize": 8.966400146484375}, {"Bounds": [335.3499298095703, 245.2486114501953, 562.0975952148438, 285.5256652832031], "Font": {"alt_family_name": "CM R", "embedded": true, "encoding": "Custom", "family_name": "CM R 9", "font_type": "Type1", "italic": false, "monospaced": false, "name": "FFPCAL+CMR9", "subset": true, "weight": 400}, "HasClip": false, "ObjectID": 997, "Page": 4, "Path": "//Document/L/LI[20]/LBody", "Text": "K. Hinohara, H.-J. Wu, S. Vigneau, T. O. Mc-Donald, K. J. Igarashi, K. N. Yamamoto, T. Mad-sen, A. Fassl, S. B. Egri, M. Papanastasiou, et al., (<https://doi.org/10.1016/j.ccell.2018.10.014>)Cancer Cell 34, 939 (2018). ", "TextSize": 8.966400146484375}, {"Bounds": [317.1212463378906, 234.68618774414062, 331.31687927246094, 243.652587890625], "Font": {"alt_family_name": "CM R", "embedded": true, "encoding": "Custom", "family_name": "CM R 9", "font_type": "Type1", "italic": false, "monospaced": false, "name": "FFPCAL+CMR9", "subset": true, "weight": 400}, "HasClip": false, "ObjectID": 993, "Page": 4, "Path": "//Document/L/LI[21]/Lbl", "Text": "[32] ", "TextSize": 8.966400146484375}, {"Bounds": [335.35890197753906, 213.81240844726562, 562.4356994628906, 243.652587890625], "Font": {"alt_family_name": "CM R", "embedded": true, "encoding": "Custom", "family_name": "CM R 9", "font_type": "Type1", "italic": false, "monospaced": false, "name": "FFPCAL+CMR9", "subset": true, "weight": 400}, "HasClip": false, "ObjectID": 994, "Page": 4, "Path": "//Document/L/LI[21]/LBody", "Text": "A. F. Domingues, R. Kulkarni, G. Giotopoulos, S. Gupta, S. Tan, E. Foerner, R. R. Adao, K. Zeka, B. J. Huntly, S. Prabakaran, et al., (<https://www.biorxiv.org/content/10.1101/446096v1>)bioRxiv , 446096 (2018). ", "TextSize": 8.966400146484375}, {"Bounds": [317.1122741699219, 203.37551879882812, 331.3079071044922, 212.3419189453125], "Font": {"alt_family_name": "CM R", "embedded": true, "encoding": "Custom", "family_name": "CM R 9", "font_type": "Type1", "italic": false, "monospaced": false, "name": "FFPCAL+CMR9", "subset": true, "weight": 400}, "HasClip": false, "ObjectID": 984, "Page": 4, "Path": "//Document/L/LI[22]/Lbl", "Text": "[33] ", "TextSize": 8.966400146484375}, {"Bounds": [335.3499298095703, 203.37551879882812, 562.0564270019531, 212.3419189453125], "Font": {"alt_family_name": "CM R", "embedded": true, "encoding": "Custom", "family_name": "CM R 9", "font_type": "Type1", "italic": false, "monospaced": false, "name": "FFPCAL+CMR9", "subset": true, "weight": 400}, "HasClip": false, "ObjectID": 986, "Page": 4, "Path": "//Document/L/LI[22]/LBody/ParagraphSpan", "Text": "S. Yamamoto, Z. Wu, H. Russnes, S. Takagi, G. Pelu o, ", "TextSize": 8.966400146484375}, {"Bounds": [335.3499298095703, 192.93862915039062, 344.50555419921875, 201.905029296875], "Font": {"alt_family_name": "CM R", "embedded": true, "encoding": "Custom", "family_name": "CM R 9", "font_type": "Type1", "italic": false, "monospaced": false, "name": "FFPCAL+CMR9", "subset": true, "weight": 400}, "HasClip": false, "ObjectID": 990, "Page": 4, "Path": "//Document/L/LI[22]/LBody/L/LI/Lbl", "Text": "C. ", "TextSize": 8.966400146484375}, {"Bounds": [335.3499298095703, 182.50173950195312, 562.0609130859375, 201.905029296875], "Font": {"alt_family_name": "CM R", "embedded": true, "encoding": "Custom", "family_name": "CM R 9", "font_type": "Type1", "italic": false, "monospaced": false, "name": "FFPCAL+CMR9", "subset": true, "weight": 400}, "HasClip": false, "ObjectID": 991, "Page": 4, "Path": "//Document/L/LI[22]/LBody/L/LI/LBody", "Text": "Vaske, X. Zhao, H. MoenVollan, R. Maruyama, M. Ekram, et al., (<https://doi.org/10.1016/j.ccr.2014.04.024>)Cancer Cell 25, 762 (2014). ", "TextSize": 8.966400146484375}, {"Bounds": [317.1122741699219, 171.93931579589844, 331.3079071044922, 180.9057159423828], "Font": {"alt_family_name": "CM R", "embedded": true, "encoding": "Custom", "family_name": "CM R 9", "font_type": "Type1", "italic": false, "monospaced": false, "name": "FFPCAL+CMR9", "subset": true, "weight": 400}, "HasClip": false, "ObjectID": 981, "Page": 4, "Path": "//Document/L/LI[23]/Lbl", "Text": "[34] ", "TextSize": 8.966400146484375}, {"Bounds": [335.3499298095703, 151.06553649902344, 562.1828460693359, 180.9057159423828], "Font": {"alt_family_name": "CM R", "embedded": true, "encoding": "Custom", "family_name": "CM R 9", "font_type": "Type1", "italic": false, "monospaced": false, "name": "FFPCAL+CMR9", "subset": true, "weight": 400}, "HasClip": false, "ObjectID": 982, "Page": 4, "Path": "//Document/L/LI[23]/LBody", "Text": "A. Pastore, F. Gaiti, S. X. Lu, R. M. Brand, S. Kulm, R. Chaligne, H. Gu, K. Y. Huang, E. K. Stamenova, W. Bguelin, et al., (<https://doi.org/10.1038/s41467-019-09645-5>)Nat. Commun. 10, 1 (2019). ", "TextSize": 8.966400146484375}, {"Bounds": [317.1122741699219, 140.62864685058594, 331.3079071044922, 149.5950469970703], "Font": {"alt_family_name": "CM R", "embedded": true, "encoding": "Custom", "family_name": "CM R 9", "font_type": "Type1", "italic": false, "monospaced": false, "name": "FFPCAL+CMR9", "subset": true, "weight": 400}, "HasClip": false, "ObjectID": 978, "Page": 4, "Path": "//Document/L/LI[24]/Lbl", "Text": "[35] ", "TextSize": 8.966400146484375}, {"Bounds": [335.3499298095703, 119.75486755371094, 562.2087707519531, 149.5950469970703], "Font": {"alt_family_name": "CM R", "embedded": true, "encoding": "Custom", "family_name": "CM R 9", "font_type": "Type1", "italic": false, "monospaced": false, "name": "FFPCAL+CMR9", "subset": true, "weight": 400}, "HasClip": false, "ObjectID": 979, "Page": 4, "Path": "//Document/L/LI[24]/LBody", "Text": "A. Carrer, S. Trefely, S. Zhao, S. L. Campbell, R. J. Nor-gard, K. C. Schultz, S. Sidoli, J. L. D. Parris, H. C. Af-fronti, S. Sivanand, et al., (<https://doi.org/10.1158/2159-8290.CD-18-0567>)Cancer Discov. 9, 416 (2019). ", "TextSize": 8.966400146484375}, {"Bounds": [317.1122741699219, 109.19244384765625, 331.3079071044922, 118.15884399414062], "Font": {"alt_family_name": "CM R", "embedded": true, "encoding": "Custom", "family_name": "CM R 9", "font_type": "Type1", "italic": false, "monospaced": false, "name": "FFPCAL+CMR9", "subset": true, "weight": 400}, "HasClip": false, "ObjectID": 1067, "Page": 4, "Path": "//Document/L/LI[25]/Lbl", "Text": "[36] ", "TextSize": 8.966400146484375}, {"Bounds": [335.3499298095703, 98.75555419921875, 562.1819610595703, 118.15884399414062], "Font": {"alt_family_name": "CM R", "embedded": true, "encoding": "Custom", "family_name": "CM R 9", "font_type": "Type1", "italic": false, "monospaced": false, "name": "FFPCAL+CMR9", "subset": true, "weight": 400}, "HasClip": false, "ObjectID": 933, "Page": 4, "Path": "//Document/L/LI[25]/LBody", "Text": "A. Marusyk, V. Almendro, and K. Polyak, (<https://doi.org/10.1038/nrc3261>)Nat. Rev. Cancer 12, 323 (2012). ", "TextSize": 8.966400146484375}], "pages": [{"boxes": {"CropBox": [0.0, 0.0, 612.0, 792.0], "MediaBox": [0.0, 0.0, 612.0, 792.0]}, "height": 792.0, "is_scanned": false, "page_number": 0, "rotation": 0, "width": 612.0}, {"boxes": {"CropBox": [0.0, 0.0, 612.0, 792.0], "MediaBox": [0.0, 0.0, 612.0, 792.0]}, "height": 792.0, "is_scanned": false, "page_number": 1, "rotation": 0, "width": 612.0}, {"boxes": {"CropBox": [0.0, 0.0, 612.0, 792.0], "MediaBox": [0.0, 0.0, 612.0, 792.0]}, "height": 792.0, "is_scanned": false, "page_number": 2, "rotation": 0, "width": 612.0}, {"boxes": {"CropBox": [0.0, 0.0, 612.0, 792.0], "MediaBox": [0.0, 0.0, 612.0, 792.0]}, "height": 792.0, "is_scanned": false, "page_number": 3, "rotation": 0, "width": 612.0}, {"boxes": {"CropBox": [0.0, 0.0, 612.0, 792.0], "MediaBox": [0.0, 0.0, 612.0, 792.0]}, "height": 792.0, "is_scanned": false, "page_number": 4, "rotation": 0, "width": 612.0}]}